IAT,ST
0.15726673263298935,8.288305030009436
0.04861653274705083,11.962211320156083
0.06651208856797794,16.01919799542455
0.03549166821433225,15.868785796375892
0.056365285767230044,17.9480852097883
0.005157529112303494,6.714802693451546
0.2652734082282536,10.30969461943574
0.08808828454495643,9.602254909192627
0.03878324485295914,29.592116134064142
0.04260384408582818,30.926761971315116
0.03825250681907666,24.985031027958897
0.029021767245381636,23.24184907634924
0.08950905921493146,6.625521809364561
0.01753480809103225,28.683542346199538
0.028746596967215488,10.388686731913955
0.472530388631778,2.685483228741333
0.48866273332609533,27.0345139122314
0.03877872474812394,21.87533380252969
0.06213599233528999,27.661911641879044
0.110672095182617,8.7009537926433
0.17969521950335077,3.8986711627745905
0.13045818681849797,24.654983358785064
0.0858818854537331,6.090216554950361
0.1565047707503222,12.843577700720196
0.09572406729951988,11.76984623173823
0.10764541643779557,21.120344620927227
0.15540418958026025,18.596825240929537
0.04612413769418211,5.531014041467447
0.01972827506475383,18.2837005290489
0.03302003201590864,15.114099849308701
0.07997763862470464,20.20089133641704
0.12160006990483296,21.577329098464478
0.1356968327746122,8.619218189197456
0.001222129435370256,12.793925198663224
0.08865633552147667,22.698777374474144
0.17053207916416158,25.95759987087622
0.02078658972548819,9.85991706139243
0.14869397096200432,19.40385914727407
0.03936072078785369,21.691683136487917
0.04936576223416278,27.08111570879812
0.08841573311505702,16.3345703785955
0.06171965983171557,2.181754522586515
0.10349416657994226,5.399880321941846
0.35947774605427796,9.587938011178636
0.04503469826992479,14.569048471333081
0.2746284672028185,15.357831108391592
0.1105862655915395,8.960101730900673
0.005890897886878577,0.8070698040823538
0.15431826822876982,5.884199550767095
0.11593866984684009,23.050554942049
0.2114081734549753,14.0880249859867
0.10977419423893586,26.04761733633036
0.03219104409151807,21.43768565459806
0.07527998276494152,5.959507273762283
0.0763486238473563,9.094384238104968
0.266973441473489,13.674604373972452
0.10836233728179767,21.211960671969752
0.24282651327836202,30.792672188074587
0.10920111129016252,29.702781706608576
0.14542337342037737,5.541554876885646
0.002827142627630508,24.463475656621284
0.024502857269426137,6.7761195301255555
0.44542911958865883,14.55633078544052
0.029637362138583256,4.178549097949754
0.07090457175034626,24.333045552106746
0.017204506223474247,20.4889618014312
0.001966567705633082,9.54259996208918
0.15666182119806304,3.907137261782033
0.021219971436543084,12.478403659918833
0.38952297734605956,7.209272208986817
0.057037260155325065,15.854949011695224
0.12153815998896178,21.772515146166377
0.053988125876959,5.071636825912496
0.0645662919237644,24.441796408170898
0.023225764391211712,25.844738820580567
0.17613297328048105,1.8295141656586555
0.014590527823502342,14.968759257729237
0.07723473647387102,9.916642189908249
0.09978467021211124,30.717566141036194
0.0056159382370335464,12.770909864434046
0.12300286577099762,15.983892348097566
0.08571577307798073,17.09486828165226
0.07382571130413496,10.595432144106297
0.20622435994150834,12.705923874915927
0.09577832679512,19.11886628434759
0.09638284213202652,17.920727768219027
0.04058233748891382,19.9530104008828
0.03813081935034823,5.236023498822195
0.20804394878025256,29.44057168408677
0.07649550355274215,7.972323287459336
0.021503425955415878,11.504929528519897
0.09562048466947637,16.05086831157483
0.23635297481669681,20.261376769476644
0.02114771738528276,3.6456697599678556
0.15001415610868918,15.914602607037743
0.10201848160135008,12.282108858252556
0.01153936532189448,11.765500020742124
0.0035986044337956713,16.343817832976534
0.16782454432751948,9.935664166218105
0.13581009801346866,28.968399086662977
0.15801719635728517,19.334550241752066
0.052525292683952785,13.902514330117796
0.07875457166132982,13.672693174041886
0.04061427870765755,13.171741667165511
0.01933642821654935,21.482936221109618
0.0316715936601728,12.71438248164908
0.10043212094590359,17.988695539194655
0.013753767867092037,1.618463285933693
0.22766302377717196,9.619186775756626
0.06396451863751906,12.640878790896059
0.3437867059615165,24.332254629794978
0.06484803354895874,35.04287322466647
0.03534794966754795,15.71452225208452
0.04237163883889927,23.745229725372447
0.119888539445558,27.0555927772457
0.11583852968162311,16.479377124339397
0.08833748369593586,21.68341765330045
0.02534097730286966,16.803081974583037
0.02917512638248887,1.7679447884688715
0.13061629281316733,7.689242761875746
0.36065228131863236,11.292772542509377
0.07311024677849431,19.36565552050833
0.14813085305179285,1.2476722848175734
0.11748893061398569,16.759728012930186
0.08772678985265081,8.62262320680106
0.04970710779625698,19.687457219696938
0.006908203843948968,12.580431942518658
0.0027704502383798513,14.75960872278019
0.13356217687326577,23.650407241987576
0.1799985386437335,12.6001363279379
0.33815783997163074,16.34682044201807
0.04467939696574952,8.226148237749968
0.036710755665836814,8.824335457811229
0.2594721744784163,15.666652233038596
0.0924839660601009,37.00791401506633
0.07200576451445428,13.7829528659156
0.0743149408251842,15.55256471561459
0.11164355340597076,32.30191260675126
0.21717010688385052,9.208394494659942
0.026204039014658065,7.931445507580521
0.05244925443651027,27.075282564968585
0.34672173703910936,24.71486478777064
0.17661581421670292,17.963020718473125
0.07648362529118025,14.069215094830044
0.0070861373887272094,23.320329341885067
0.07895711898498625,13.329421688557481
0.20643537848674143,3.4628066532406696
0.1064722453634559,17.731670730374287
0.015414411452912447,11.268251309636574
0.1398363670581837,17.717983009429467
0.021841209113475202,21.258033699818913
0.009074168484950462,22.65932069795822
0.12022705148768509,4.125089643308009
0.008742848896655886,8.378884737332289
0.02437903061640867,15.83226958162141
0.08343268553434413,17.2547636064412
0.004954049131725924,12.840706191294657
0.08477758023582638,9.8175861852966
0.036353110009773815,19.392222926090245
0.06937651591769978,20.69578887830175
0.015871541334234962,28.09049830912404
0.2310025317246165,22.446152930778325
0.1344678078305499,12.362590688660887
0.22306055536050806,5.710000219415929
0.023861146654141407,10.244270240564834
0.0783762484776247,18.756443043630725
0.04985579714467292,15.37781132957001
0.07875708525657643,6.823548590080521
0.021039508582834543,29.102343025501497
0.17411288288208127,29.826298319496416
0.34045258682912305,15.395210757364117
0.1368718105007254,10.85374565948179
0.050215230856295534,23.303484573661304
0.10960562336681434,14.429175227083048
0.13636607482372654,14.482578643269838
0.07752263053837538,21.368926346763992
0.057295379170017924,17.670341955894674
0.045261017742351584,4.71441173549111
0.08417448277860373,23.220635466963632
0.07087716120129883,13.04518451494062
0.2164561863457628,22.432673051528475
0.2061520670224759,8.145437592318283
0.12869092420649153,23.729261056600595
0.1706886464788191,18.924650658300266
0.038424203243593524,26.262870088422066
0.09520882174711787,14.665844750342787
0.006731842485734774,33.392675463352035
0.045763747365000995,28.50992506440647
0.018798852973507252,14.946182278825042
0.018926405170848426,25.740143961194555
0.2570982628127574,21.591615133153752
0.0823146443583056,9.001272659517461
0.5056779993045488,22.683231325977687
0.009137654307586729,19.32517001008208
0.0283566118716152,8.051534113094423
0.17957583403334,14.013460263582035
0.081041490323706,17.612771857732113
0.08642515986618804,12.257049875046869
0.011648769263782555,11.097129950372471
0.012555769182995391,8.009491448864416
0.3313952091019452,29.495087794916326
0.054467094066676935,8.893926324328028
0.053252014744295195,14.33073018546947
0.04346961976111885,9.732224398041572
0.051908936107349035,5.297520160410636
0.04658352433672519,6.431174649168464
0.12638236822576587,12.795428288681968
0.09313221836221786,23.931222660352347
0.13852237393218658,8.483535619413267
0.1246154037774474,30.740408616483595
0.021111228884187483,45.552605719431014
0.2131525073286511,12.336808678083003
0.0884013596092359,13.1556317447961
0.029745742758819915,12.09632171399542
0.09743540879535573,4.252935848935805
0.045955010458445855,14.584935567250252
0.09767718619256271,24.543185528791334
0.13764941405236897,13.600015004494258
0.014261051503975608,7.460833608372445
0.03846789881554713,8.302425317543777
0.01487908242438607,18.557520874803274
0.01900267776041531,12.28454870989571
0.09185805886863463,7.977190106780052
0.34779741243392337,9.842127962851803
0.6074558882356165,2.790479388172637
0.03020197818733905,10.46361895304722
0.16948947738166353,12.413380729049793
0.02434005877717027,13.945101415893514
0.048287816099254144,9.464437442940817
0.05318773809178268,22.115574001534817
0.021701352677204966,13.690941061938627
0.1743417090464625,24.240858706679532
0.17260797295994124,24.255563868022694
0.03243906212176739,32.526194651488794
0.0724510722949887,9.147094454840607
0.03288347829208149,9.834617484371263
0.010367989684116452,15.425526312840885
0.1275702142205084,12.069036371970826
0.020580477570682376,33.959349967826476
0.043817484330723744,9.356529732739913
0.06888331936347569,13.298209849827396
0.18387466467823543,13.818592446788719
0.08005307241850446,23.556509925018393
0.15749534307952828,21.19469873721731
0.07733917683929903,13.103181602791405
0.10423634280589766,14.22995251621691
0.04175938747338748,3.1208343588574596
0.1575541442067312,14.420061437239555
0.014073272131753356,12.8072235600108
0.11919609317715185,6.883397973920678
0.24152263967932797,6.757929934784675
0.11175868828989977,11.8103026002968
0.003267639121780519,13.873404072651525
0.10621598028386714,9.305984689737095
0.0001833749188584477,3.398864289532688
0.028605048530014443,28.18904782032034
0.20207019778502655,13.292104359727494
0.1292563655221528,34.24140070823162
0.036221639575710896,7.98561510114481
0.14100937225506627,14.216964567493838
0.023907410742246782,21.862394107119595
0.16323058073702867,21.50995024408706
0.019804491560268644,28.60085260939646
0.003936559618335167,24.366386233726235
0.12394819580266514,2.23065378149931
0.09127629467965193,4.953617131764158
0.08520525422202496,20.870418831508477
0.035138700855920746,6.3586813109066105
0.3383309756650128,14.388553704078562
0.006079619261313951,4.042644459574204
0.10525835596740762,7.604546441617407
0.29894870683873265,16.32924108550639
0.0950976257649252,22.29193485935916
0.36918992908670845,18.74187326378511
0.04710035513726751,25.585008077023943
0.0440173204444001,24.23203382126157
0.3197539419428743,11.810413065965149
0.11952349354794833,11.06721791666163
0.06228627649577945,21.621352189208803
0.19947918396816533,22.097602187718284
0.03928987511298487,30.872698974010927
0.031094661700496573,17.82772055482907
0.0594833554014258,21.152606337631745
0.11804757638744334,15.841136112123113
0.3120009661063392,10.687009936582136
0.019304857025304045,17.676881148719886
0.09554635219458874,8.401172823105618
0.04075172101445901,10.546362962267219
0.08128256839326298,25.17408036965295
0.04749139731208274,4.464483838043081
0.17103326686691744,7.002221054257713
0.19995968206889358,15.790197476750201
0.14198453475513872,8.943398167485077
0.009234329540291242,4.969561384993071
0.14568087547453246,5.126300850540111
0.11474362912462865,19.57727811245411
0.11265378494918821,11.678560111758813
0.11186731551827833,28.53217108679316
0.35439893998266214,4.025520817929238
0.042601176105261374,8.470976053227243
0.07423296664802947,10.153091649902137
0.19128105046300448,14.311524029267975
0.03982115402846631,22.113264922313476
0.12258097295462633,2.0716110128498286
0.13113409732851977,6.763320257177024
0.04304684490971766,17.669719923062107
0.12433171087658934,18.340221676195434
0.06181905282789302,23.468152472930154
0.0383324768644826,12.450231101835534
0.00010118924834756626,3.8328297490835195
0.01905903779625362,11.75310915567382
0.14007092261018528,19.242868752658843
0.12821336876895373,10.620000117583238
0.024328827065289715,8.069441970729136
0.2793536993103274,23.871467452673535
0.10156310098177812,28.24811534853387
0.2017803912242968,7.6598461453825895
0.029813697301982245,34.41630969402746
0.06168945040587204,5.108017404209763
0.021039899611608348,9.605367293771
0.011425772520809119,23.81913463307951
0.21998528073500978,14.334992129859362
0.018858588806274668,6.070075910475961
0.021218660683956614,7.432541307043572
0.033122667955097995,10.603051365737404
0.5405509443436927,17.045770236214484
0.09490280797528072,11.269986707650117
0.05224252684821806,21.131596367464734
0.14450483724476015,22.978475115646606
0.11284814614069205,28.09860479769846
0.4260797038904869,2.5625300447754626
0.09689860937380246,28.874989029260565
0.22756736346698148,10.605104421251516
0.24873931353235434,14.154754686321667
0.034324438048095374,8.277768719405946
0.17696910149233247,12.980900619876763
0.07718834572551003,19.31372525644881
0.0458349553765629,15.27740171399392
0.3766193948058074,19.84864536482744
0.05085611520225797,6.2516443997766595
0.41697040965092924,18.83755662048969
0.06358761959734949,12.215957295977656
0.04767041398358174,19.495183959280926
0.0023666589900699364,6.2543672662498615
0.12715342035711785,22.74752860030967
0.004621224184340633,1.8569417065966165
0.14344673775129024,10.839141142397768
0.04120670154972572,8.229171863878381
0.14548146475951285,26.264886889143487
0.2591014629928239,2.7275508287577064
0.015868531283764753,3.8189761117653385
0.014154424383747255,10.695046902291644
0.1258287723935254,24.68519552699056
0.08867735659035247,16.51604130905552
0.1857196440642781,13.19569373120398
0.10850817945317459,16.11188915024857
0.16328351021321197,24.279689328074152
0.4499060626485232,13.234593211119334
0.0542571613357552,16.31331783532229
0.09895675727423026,19.629401801329305
0.1008689972520429,3.8238020503845003
0.07373532507968861,23.05271347213061
0.0736835607670443,4.961406213664891
0.1263856560054606,12.99175318744107
0.009774059853789652,10.815564086003572
0.0015234750303605438,15.423129865960725
0.08655375775816054,12.76648150255158
0.2971121002441848,14.731570662594692
0.015073783884460568,21.822040034042924
0.13354714754667896,9.120981492857172
0.08934033045622414,11.04297592404916
0.04030230805371815,12.534093608441047
0.004885669992795272,22.453027853336287
0.1222497636193225,15.519021065742834
0.15650172675353247,24.62749921023142
0.039736462176691134,10.21827457863759
0.1314690393564888,0.18250198187585914
0.028206121605997225,12.479139029505836
0.012171230196187821,4.542903780706494
0.06064975998209121,23.624307915767034
0.06158151912404719,17.97379238274966
0.06690851600118464,4.174764379320496
0.03547503425238574,8.47249782218595
0.03376978865290425,1.6363299742218778
0.1534820910634238,22.951871400817947
0.21834401617747545,10.365248257090059
0.08715790492712472,14.226565640139388
0.08123626568765019,2.46346206523899
0.033142268811147346,2.236135359949281
0.0742704342609457,15.145138023353727
0.08793310576884039,13.882250033196991
0.0168918680300294,13.940753043618116
0.09770797067547932,2.9459745829625206
0.1941820894918891,19.32442754938537
0.01360053099616465,38.69307210574435
0.15118341574549987,16.84460882197343
0.008957376966975517,14.315924113514813
0.2612012550636038,4.277359737891055
0.17086581924134947,12.49604622954145
0.01379946825714029,12.35389433641122
0.011567532688687265,9.099592639918297
0.10457175523222872,10.20581170313593
0.036362421698399316,9.031714030053854
0.09466365871727334,22.47631031520634
0.01593634267916144,7.213737230589246
0.01076795939448516,12.458726775046442
0.1368661534431297,9.603408015920888
0.10539633420334127,4.142650581033657
0.024889884820616714,13.099526969330114
0.06765534527655603,13.476316030058777
0.041682730794455836,18.521829776087536
0.0349210962244797,16.126894743064174
0.035279770655748166,3.6448055295806547
0.10575420736977748,16.882390317559267
0.35308549986271487,15.008203833265648
0.06104014947715086,4.793541744146526
0.02506779484306776,31.391085870543364
0.0020711361612839596,17.747091764836533
0.011872910382955126,29.659677438743294
0.15461171190793266,15.568984160934635
0.03556393717242656,26.523155928350473
0.41340387899062137,32.35797890078826
0.08037511779919271,16.61928003535212
0.1509188720421335,6.724906836558311
0.10744357088434242,3.776315953494158
0.16996684782029803,21.27333545465717
0.13574627102590142,9.620459399944878
0.048049894254418746,11.973030283681647
0.038345359374133636,12.353295678419695
0.006425935580878672,27.664329654728938
0.13654659011302783,25.426990775272557
0.006006106405628486,34.54224665045699
0.06893063309524905,1.2031673081262722
0.20869283093404078,7.774869624239193
0.06448667945787179,34.234131540714145
0.10059366670171954,25.926794032365105
0.2831046303344138,22.607102173848588
0.020181363721405887,21.547046516779442
0.02137139950883693,6.0488772088411515
0.15409008897054122,33.92365784958823
0.11567976671091884,14.141722263177963
0.14648511980898604,7.688341789921271
0.12934129276492,12.155890396284844
0.07661811181993983,10.18960154587702
0.031508682143432054,15.708887979718302
0.017814306697111704,19.008940590450436
0.06224503750417654,16.401240800124082
0.1419792461306244,5.520419858566697
0.11680613943960338,30.64531763469802
0.018226835556887977,10.5264763956256
0.06535951912581339,6.195964447256484
0.061321523347679374,12.32976805937878
0.0974531682120201,6.875598068680367
0.016031525330909346,18.740802620287457
0.1332596676725757,3.7547130935446202
0.3825379361862744,9.273928553969032
0.087737130449554,26.274682060410264
0.06333232499429187,14.536283556361255
0.01944984323765908,2.5586152730253855
0.10133006412075218,10.726945963818737
0.055608680423311796,18.349225947896088
0.005559544600949096,1.7333249958498707
0.2616871071484539,16.45784112178568
0.24866430297034015,17.736733906483757
0.05705424172771245,19.340927247799748
0.10030670843399037,15.84112427051031
0.4519773749979237,16.904141374717366
0.04827208143383643,6.802750586129907
0.10870509272883311,36.80292354471548
0.00424318584041572,7.919476760898722
0.05038323102184705,19.430862802751115
0.026738263264796558,25.98916791205519
0.014351252706312323,15.734061656321417
0.1231430388055017,27.279439781397294
0.27177423507248477,18.31724240669638
0.08742845236194086,34.01889732365395
0.02683289800675226,7.678598937801796
0.021953306914696213,12.433436514699622
0.2621180643979457,10.504971835095546
0.01831599943798068,23.745971412905348
0.12477024015618099,13.189813757054868
0.14691137915720986,5.106952436265625
0.02589427556885937,5.791920700547498
0.08485207365426106,12.122285012554068
0.041005415025004766,6.462238442590222
0.015260890902254687,17.206244883994678
0.08245111964285456,28.821496894479637
0.14188086164327274,11.299485422698186
8.92016158786646E-05,8.856163741071658
0.010289367275774453,19.289311723305495
0.01848858670572895,7.026294897347667
0.029915574986944193,12.035502945801005
0.08773527688985894,12.276011222617557
0.029854933816594098,5.290472797474379
0.013705779138732055,18.090130853793795
0.006499243354063822,4.383816691772801
0.5487727702396583,4.986937918541109
0.10667673668421429,11.093962742012828
0.01709096547951816,30.666126607879292
0.19622683978151656,31.49080005117673
0.08342250732162171,9.802443439207206
0.12780725031694828,31.22178285929091
0.054992345148924926,22.473010693382104
0.18816368695780028,13.6163540924119
0.040886422559381685,9.228480037706886
0.05684831015053504,5.763657628496992
0.0638654397008267,8.578450217286273
0.00351630038676376,8.63710721794823
0.06603203641555666,9.982109895165104
0.10221589579084878,20.591776784233407
0.09157215114612427,22.326336165795443
0.11353850645696184,20.79344142193939
0.0038528117733065415,7.220829300923032
0.04924108472135913,7.488498041060411
0.018869868099812948,26.213985101040414
0.07286014021030951,1.9611399247280477
0.021989089686535124,14.821852317152956
0.21638082137442183,36.35612679862688
0.04817322795222623,13.388675564037543
0.1575563615159581,23.81758627207343
0.003390145038629555,14.499567200707084
0.03466605993112637,5.135124246531191
0.10507075186594506,16.456190450319646
0.08674317521639807,16.44268221830521
0.06377785658081336,20.72207581495928
0.011469533069131899,26.605725250627692
0.045419575492850583,17.469799273365183
0.11758853646620793,16.92806234982939
0.0351528257470477,21.355201218430004
0.009693900005345313,2.807161118322089
0.07022931369142782,19.330609650374644
0.015200470152770151,23.153720094221136
0.24807069478013943,15.321995757636147
0.04574190805249856,9.806264529890797
0.3973474464447051,8.227461561857087
0.15178190919087342,24.504498335833524
0.05042796899888202,29.39475728704421
0.0007558456572809291,9.257681259266079
0.01682391616784429,2.173109730961393
0.007281117804197379,13.371698922917753
0.03961632412163851,4.899380096441808
0.08691232481324818,12.613307308897237
0.025325762134194463,29.69028278013511
0.08031679496157551,16.044253026696275
0.016554174258793353,14.118741116915746
0.042137932910982556,5.347913637025952
0.11635323470929393,16.33297850558136
0.08309458432187,28.036607881832246
0.012011795763797295,3.118783682078355
0.02807166950861273,10.082244524066432
0.15214726933969303,5.599710084274931
0.24781645550108777,21.816819159955568
0.11818991783167831,9.385186829718206
0.17004913042261904,4.522025441625362
0.19224320744704215,12.787983278586152
0.026982722323474206,7.351805518556033
0.15195884404673876,20.56628180619844
0.08247177053468846,7.168918299123398
0.004200306841582346,29.614802895739313
0.13543154395054557,3.3540332864226197
0.21233473055422536,13.3499202686667
0.22819688714818653,7.060531745993101
0.16738448624906255,20.355063301133775
0.0013942619829308,19.895988349134424
0.21416864123980162,17.74650087894884
0.04082987415352335,16.02931527312617
0.25437505105364266,19.19789166590496
0.02301449130423805,19.448673949301007
0.017347130149140355,24.187694071132803
0.1355406377208368,6.076776633058569
0.015739475335955433,7.055766995300896
0.0024657874879139285,14.32406645865045
0.12894640746690555,18.982071496150855
0.06029668598289106,12.791376100648199
0.4009739095645699,26.717773398156098
0.006179817212931482,23.458749765378673
0.04178394414196873,22.9976645885448
0.010091044412163797,23.72338433296712
0.0007111926471452534,24.110528990549007
0.02872033298704224,5.052627090728322
0.07069089393878158,26.885379449053058
0.06904982629976786,7.103140223480445
0.06440662112506601,10.67552711142497
0.0835268681962873,13.257027204909338
0.021459787278843123,8.434928310027312
0.09674240026046732,26.49191735647303
0.007085153452187853,12.358052358652563
0.018687729749721882,10.06290407922884
0.008586901389840307,8.047070908887358
0.20384044112444144,24.684616792668056
0.21023060715777575,10.179180491609033
0.029352870560131805,18.87163832376287
0.06683489393984843,14.979537539117292
0.0040606284712723095,4.41287600526927
0.13703387383006316,14.50375620648067
0.0857519537358229,17.53452855019688
0.010550510628270615,23.40039332563231
0.008026082547559099,8.404052324331147
0.055243876691775995,23.40287683818627
0.03992827871287119,6.105821535441641
0.11534593543323979,8.921404098609695
0.09843635354852864,17.299281100547468
0.11441962212816748,13.46778231479497
0.2116674710966464,9.348850611447606
0.2923468767184687,14.994421730319567
0.14074767811622024,27.49115163144022
0.003509980371362076,15.636513429857223
0.06494592732940419,17.50258725030028
0.10717996144846609,24.309029496656212
0.06623310618805078,22.023810288898908
0.08245518137771768,29.9373468758253
0.09395317634467659,5.955130827650619
0.043678655235403596,5.2512126380792505
0.07790583348228353,22.56247124356977
0.03443875454845369,15.947150060026694
0.10726510816910917,1.8866103372454066
0.08179738886116894,15.584856180099626
0.3554002555439624,7.655614792081826
0.0005185892714791862,10.428608371698063
0.05307242316259675,15.346070251832447
0.10185703253365119,26.5058920700249
0.0863326247171301,10.692161838006333
0.05455420057921856,10.583736548612107
0.1569604989032598,18.965115924890718
0.024271702871004663,16.434476867874533
0.09040059984009474,14.562181229804875
0.2283611239165353,31.39523846417106
0.05158393779912984,3.245903111819406
0.1621271137642708,16.452039420657652
0.076511799353149,10.093193234681499
0.08316156937154062,15.65891006363768
0.07049843073477291,13.588098949677375
0.03813635101236201,10.027440176002678
0.008075197513669252,6.531644393083659
0.20459859885036025,4.2490346814927245
0.13436231428436685,25.64423503408867
0.37900202994061516,28.56798776032722
0.10557031722805732,2.02013535078134
0.36265266855131983,9.288024719400461
0.041194168684199894,24.831623280459002
0.19165484254722287,13.919939405538734
0.007698721398057273,13.138615626437314
0.08835101337011508,8.08759336070715
0.03756619352951418,5.033287472688243
0.10785507376679959,20.172956922922584
0.23268300637903394,2.458422434377901
0.1699222183410285,16.706051394739394
0.035251124257399624,25.768164452330055
0.02737592391400767,12.002625621830132
0.037496546750901416,16.954716850168225
0.17054695208770454,6.389399817586915
0.08030642304554192,15.656442926165932
0.04845180121118631,21.706795274585136
0.33392027944766767,1.3533384343344776
0.07112140410256984,11.672058270897084
0.008311066300080938,13.848140173681129
0.04634624997896708,4.157668360945075
0.08392765527980828,10.982451815339143
0.07172487662731442,33.62395215525609
0.011539585344621628,6.390711931231965
0.10512591019320894,14.812466546820957
0.035263988392614465,24.180842625196323
0.04168426099265332,13.968598799679478
0.15038634253744476,7.3810664051868065
0.011210875331201464,11.415417477413872
0.04375152464628229,3.1341951054339234
0.10923601612969946,1.9885103511775764
0.0549016814761103,27.985408238098533
0.03420448592439129,28.57289011118155
0.02467883871405263,13.231775643609073
0.2303691756848849,9.955770389831521
0.18288523948334046,9.7518434331405
0.0797371467293857,11.381819510690326
0.018586395230002495,18.03138900053459
0.09506384537370138,4.739743721977902
0.14626757741746133,7.421650736475815
0.1332525930119033,13.090747378214365
0.09218079220886466,15.888532755278423
0.12540641370055994,16.926185310268597
0.10869375355403577,5.937690105285714
0.0118471860739362,12.855452682362236
0.012242596490878555,10.27620032580753
0.054036582276765444,16.78795279282384
0.10925114456478013,11.687824585105574
0.1246291006639666,29.408878106235818
0.021931804597883797,4.427564344984169
0.197171981501171,22.853238878303877
0.13709710341812809,10.53118073945909
0.033827280055987785,5.727393393716916
0.01756179810622882,6.818519891216861
0.09632647516868076,12.914903017516627
0.03174089237003841,15.110022860191222
0.041300364195095085,37.066213483758546
0.03333833032402822,8.771357761280674
0.21572184719849474,26.292219158932504
0.02347586018140646,5.768758796060778
0.1958927131488224,21.03446393557113
0.0378623466838377,7.474324620125761
0.39416148814602536,7.264848420549069
0.05422128963679995,16.075189343545546
0.18668812925031375,24.74814908552179
0.23414300903137075,25.23846006100463
0.0789345188271966,5.458534964936693
0.053024518252598796,9.173014676700124
0.21832693624469357,17.70111368088985
0.033078753675056305,11.028627921382396
0.027998002691788315,12.812729524556858
0.037764875946450616,17.648775363582946
0.11380478213136769,8.343943196796566
0.022855554316151938,7.558769510312447
0.015265822377685367,15.053192538144026
0.04919007091552885,12.723431025766518
0.10691838961123779,15.930580578011428
0.1383225826741068,14.177617502382015
0.014303590262031207,19.170890611472306
0.3460383583942388,10.17795895399642
0.00027385637767451954,10.558634376296503
0.21313700868572028,11.815482020322413
0.10798478082072904,19.698636558989463
0.03199117645220895,19.821677569881405
0.24144713116341165,30.832793115913486
0.061309406290348534,8.61356941977751
0.2139307934771324,8.1534740395679
0.03211572388636341,23.269644596719434
0.24198051640559015,36.01819529046058
0.07461524485374582,11.558565779282416
0.33407532471636614,1.3975279325823462
0.21518415870379215,12.82910095293157
0.022343685406497116,26.80469535642764
0.11558493554090887,8.556701250441538
0.008587288801294335,43.02397843240184
0.08677789839431682,10.725524453948424
0.06371600774932062,4.952106080712324
0.0976388011531526,10.27138693239973
0.06920116403941279,9.706501222264908
0.11430476862889805,3.7254818865124246
0.12410879676346553,14.140041144500604
0.10369453349714775,5.028464626552795
0.03907400691791452,32.966564429789166
0.02082469045760149,10.447406503325873
0.1617477818417825,8.479529780592328
0.1303129961050189,13.531857438349594
0.053062745452564286,24.55054071347327
0.2633781208822512,9.903953057502761
0.01806912008278516,2.1219752630722852
0.10980101522474683,12.316858133762752
0.06345008838354715,8.426694412540984
0.03878296279079052,3.883449804564538
0.004234391916000391,20.64856978882456
0.12178366699224341,30.82756553982167
0.04337494659316121,8.145363544312893
0.0397817000117584,22.760422094553753
0.27303541576083035,21.287235402640206
0.07829632758276261,7.611295330832314
0.00956318644190901,32.62565815965518
0.09994186539799443,5.436461055996006
0.03500932357201236,6.80908833784612
0.09145574460035277,4.6032119390649635
0.06378193100677265,18.793798601527783
0.3238209228309188,1.5621772700245253
0.1494445014309207,9.149728844505825
0.010823315612995543,14.64338537646265
0.06737187332376493,13.018707928801842
0.07360759621218449,11.243714321228166
0.11393245137266206,18.11079419847901
0.1510085638783636,3.348981632475037
0.008621020663056811,12.92321453578221
0.12433351855888475,30.714370467347273
0.11218874213486174,20.868412194610766
0.04626305024406463,2.4504408012452283
0.010484666200184733,22.339274923183645
0.07280090476676548,15.047938042969037
0.25231373419204317,12.490188694201326
0.01761837346046491,7.08529457311945
0.056200161177031305,12.95083366636704
0.14474437034432697,10.772775504090163
0.028424165072578944,27.868087885736617
0.005710192061400221,16.075245728388808
1.9062543998416004E-05,20.890783675124993
0.07772585121448117,13.416628596054432
0.08509886531693667,14.90278268548102
0.20635453581333252,21.544001830072045
0.24870503050381387,13.533587103672833
0.004262121609684755,9.445780597201269
0.01869547436621133,10.638281200534504
0.7905046451508753,5.5120694261674945
0.03685868902887535,2.6220074947646483
0.036147099697828367,12.888296822965003
0.3592010064953399,25.44013026399205
0.06920761173223866,12.428518511811937
0.10122165913632841,5.082442025644173
0.11934643019246494,22.289557920970882
0.18475915546775923,19.537358611693534
0.032060093704956216,14.320435872544572
0.07636420902551322,18.54542111312837
0.011002654217435293,18.67452436671447
0.05904992532397557,14.049720422466189
0.08577281139660897,4.480047580958369
0.13870406251626832,16.905795077880082
0.027384121439766318,10.626104034795869
0.007758464630057915,14.740938574097703
0.11238271314908843,29.537290090932704
0.009779778909432935,28.37866061160858
0.09425087239637264,15.744133308436677
0.04743607068351707,15.530314772279906
0.3516927189040757,25.73348443839204
0.08338806311473945,21.13561668538189
0.25112088394270415,14.771542804176995
0.0407242933858214,0.9788144898816135
0.029958065708839854,6.433789627876625
0.16797995615350203,10.17263442637551
0.12274023980002369,10.550827212615598
0.011900469288050886,7.841478698679591
0.13175438359677116,20.56687985630396
0.002878302102544694,10.096547935334861
0.028536480691357724,13.002454513316298
0.10484664897022355,13.540303450187626
0.07696575995673527,14.050603514425234
0.016131141587564457,16.723519698311062
0.042759582994307266,20.786266013002525
0.020457640308691794,9.092318731758729
0.07724356711725022,4.485020812667788
0.24160338672639625,12.135622197423341
0.04187171966802339,19.059407407493445
0.0021638748282839515,32.25815817918096
0.06373638039138996,33.62221456041318
0.06372578206593005,20.17244657064542
0.1920470926888811,12.895107129950983
0.015968845487293493,13.484968651548549
0.3311291777018539,27.983537856628548
0.11162539703786933,18.84765797322504
0.18858888047476796,13.63569951362059
0.2316214965113943,8.655850003567908
0.01626129842431112,17.688517118541647
0.04632449944497807,29.15460934730138
0.020802875519564168,19.95770113459131
0.28948099789330684,9.320869509247819
0.08302345293735414,24.76415405756999
0.21562125099713114,5.802853999365357
0.3303222814946736,2.2028717445736676
0.0017544079237268306,16.311104948808598
0.08609042375927345,17.279717196045024
0.21091596308720284,23.986165372056696
0.0016159813231269027,17.097086369301792
0.39706013356016,17.02013141011576
0.2524006662028597,17.761537362988694
0.07036892116823878,17.7626591501426
0.18084961564031232,17.661028394848813
0.07940893128409243,24.722594235984023
0.03334883308198755,6.348068809993056
0.07540208672133986,12.516463006419919
0.13779835896040993,18.230485281900332
0.09360615378045622,18.522103437732355
0.09346648725392015,19.277243086744726
0.05829922314488556,7.216776478068249
0.07232182994219727,8.127759673760186
0.060092967712321865,4.183610617172957
0.06221323423808656,5.690160928501572
0.06231661251243281,23.593873551614628
0.10616723933118521,7.676637771372483
0.2811927458958223,3.5700141342310276
0.011607244568125452,9.254572750124664
0.04991648137433913,8.615219449762444
0.17497123961496186,16.94225946446018
0.0718807531195722,29.453929719085135
0.24508283639796957,9.546852701154464
0.3215932018833456,14.793491443890884
0.11677627737921625,15.494985894749261
0.06079194684691913,12.669486250704868
0.21324201226568107,4.474347894361146
0.07410805434989243,16.41984977913472
0.051710988354116694,3.372021015149342
0.4190091563445293,5.7582020471690845
0.0041482564533623645,39.56191179733277
0.01912176665939569,17.10553837117473
0.11551544955703719,10.098294992519406
0.058094876350452296,25.837113729329747
0.012899746767743636,17.531108582394005
0.09611778630709011,5.21877373325262
0.0017995066657192638,14.26940088370294
0.12265699474697556,17.821009064839604
0.05858330999059547,16.805518656058638
0.17652612808383594,2.4712601959863028
0.0549621331452812,7.789053127520205
0.05121051594039727,23.17318738419887
0.09688403460630468,9.332227446448362
0.16030572913928154,8.285408523795637
0.09704122966529383,21.459824201384674
0.06421767125374345,6.835083623375226
0.010894088509559197,18.815603281130436
0.08155550596222838,9.475070278326687
0.009958458509743195,12.934459791245672
0.19358539506318095,10.990284367453421
0.13047028841964448,18.346760364193525
0.1049247560187041,4.258382805439565
0.009529708495918499,16.14686985212545
0.22251722080480363,6.845587265742713
0.010376379997737217,16.485166860818627
0.01645418775933649,34.98865004564405
0.05585280764853451,16.334755115082267
0.006416536560635677,8.3351578957916
0.0031577994367353313,7.680748393207843
0.003372743917054777,7.139837373871647
0.12969611306084516,18.292117368364003
0.08327652524455686,10.69974350440011
0.08237812061324234,15.916959741604218
0.16714501415641791,22.35385161005885
0.21047179237658042,8.75385813182903
0.036469434132968104,6.149628527599528
0.06626557648503706,3.8277555661033404
0.03183920294381437,24.075960070125166
0.020057702833000235,7.041619283822645
0.1823446473350856,6.563990496954612
0.008057599699938578,35.19746518103238
0.022002154858043355,8.804103634124301
0.5079668989012305,15.820709143642077
0.23954186220690588,22.37747378589123
0.008198947025093162,18.309489980389028
0.015088329176961679,9.139668013499904
0.019227860082907,4.994480155999836
0.07988420437210664,18.326900551208073
0.07872418020443206,14.14080278205652
0.1811725583998509,11.779464507798744
0.2981663892793165,12.408171656499375
0.022914077180573145,0.8693009229684168
0.21417712829095592,21.478220831142217
0.1369459461433422,10.847381523684192
0.05288487164096978,32.21490624638762
0.1189443951691942,4.648549822300641
0.08622524010641541,13.16339167821671
0.12929305143565273,13.5735845164336
0.33069285170505225,14.545781499028914
0.17942647491371133,3.6489353247674314
0.08421950655026933,13.74506015226718
0.0005333443415622696,16.345091856495788
0.02585573674156194,21.176710733476547
0.17753663129116148,16.645584785110223
0.04556107420948763,21.277847555878896
0.035600909413815884,5.3564013336716485
0.1512841712476103,20.649544014294094
0.2153567701152781,1.1559980992671248
0.05160399591339626,14.5752719119872
0.00480432405817055,5.579217962377403
0.09793233237859056,3.578254196518076
0.0052660296477142765,21.8837818741456
0.37394789605869505,5.288058191281123
0.030642456914250715,2.110589644779031
0.039020670413179914,31.953574734441915
0.04357104255839772,13.307392318675106
0.1373936620774714,15.456171414880123
0.3820079359472004,12.481597511580366
0.07399025894240197,12.271973765210857
0.11331337104911654,5.918826160067249
0.0432880217299072,18.098419313232117
0.053115543620165795,24.03188435795115
0.049135705738919455,4.4369395193821735
0.08468497687135823,14.330051528648177
0.06814335211031164,3.2919377633289173
0.05082167300615481,25.765431429981508
0.17936997040251867,18.71636551747888
0.23109689824008228,18.93505744656386
0.05157285885880469,18.98127655102434
0.016973187712338245,24.657735775453776
0.028139672007668537,18.378127743882633
0.0516050923556719,35.44597943711979
0.4823373025380704,10.208390922302632
0.04539709079163856,35.06246943742553
0.20335560686558551,7.965663919073344
0.11071202213264542,3.7246607746416536
0.0011991292107467189,20.578446068328404
0.043932027641105265,13.408249284629413
0.07328059935775855,22.627197816577624
0.09434597774485098,16.160723162921975
0.04670102075003513,26.121581772407414
0.08539120377001552,10.802573283063063
0.03709456527492705,20.00805471296836
0.1296980628658133,10.387080707701156
0.127603207448729,2.931392983948328
0.012899568365526193,11.027055163330566
0.21713086123480707,24.06012258194294
0.027652568680835543,11.342585072675876
0.06912201446375832,18.568579241489363
0.05148294954761923,13.172289931890274
0.4156786008170741,8.380910585165529
0.05085079840833373,7.282676361156292
0.2507534512927947,9.530497056908247
0.04106556250199844,7.022438227314892
0.10409211239608851,29.827620269547577
0.15651649259021383,30.92386947652291
0.051043795347609944,19.31092308008154
0.28972907274477677,10.417416909577373
0.05638532566649701,15.77528632463803
0.12373705289158465,4.024200020204931
0.1473633980229181,16.52856724433556
0.06084895095992238,9.8410105040101
0.04262727106186048,19.93580249774762
0.05648538810439163,14.828182134669497
0.012465785075292501,13.803546194679265
0.05760377208237344,22.140187161331756
0.1254839914508068,10.222176910737458
0.23386932215194633,6.979457047428042
0.02858001073376215,8.153420765052996
0.17941940367923337,24.341677206607272
0.28808484606730644,23.152532872373598
0.08961404962163044,6.097859873651976
0.03274185454290546,46.30759269862771
0.06446613432517267,1.5704265002957616
0.299329839414213,18.09650136646395
0.009742576539494507,11.057602238602284
0.16036725147108655,12.126036155948267
0.07868915121019882,12.00888371707217
0.16080982588690063,34.2207102151417
0.032579553562001706,9.4821739686647
0.5210462977143493,16.448650105847367
0.2532923166172907,18.652931163081618
0.11786831881643423,16.47504088601076
0.20382980794610717,17.60054491324767
0.06937801512030717,16.23720963474831
0.002308354708816296,9.990514379203303
0.11601216206386766,21.373397908087735
0.01073316492428944,13.632223527771815
0.02539316509663081,13.122070784985729
0.0530437325810027,16.235627021058843
0.09999631739775339,25.15103883926006
0.028764843861310396,15.137212990624233
0.07027862257204731,19.690407912110803
0.17692737274315107,7.568660440665814
0.023247549862304595,12.14305437657908
0.16347105161408138,14.916905392853185
0.0767578064506722,17.33429435006703
0.08645756897826118,15.38629685783666
0.07493004921369106,11.8077648376804
0.05945636981083169,0.596706037335682
0.036653034634468895,24.753060010179755
0.14772549301230242,8.187544186933168
0.11957359818255497,3.8401909489790627
0.02414990093181757,14.921564271374972
0.05027002332715824,20.583050865538652
0.25880923643572373,20.50419609715973
0.07395719298038728,23.13370532804382
0.022450332706441145,14.144382248046087
0.10953863948623166,12.747446438063465
0.17166846249003243,8.937807417951788
0.1143074436417919,13.024871343790482
0.01882329428676144,3.032041537730341
0.29122373041236926,14.860421068119612
0.02814101511462752,6.486591286002907
0.029624933641358098,10.806983145870815
0.04117868929240842,7.702415269671578
0.08376320712990548,8.203847718882308
0.05086445266941553,6.652397689267956
0.07860552400708798,23.50249941932129
0.22685551690697991,5.816917010332312
0.07491990215106625,15.000832498009638
0.2539730531037492,17.317967780153538
0.031017737292174274,17.38599813037017
0.014841529616688831,10.71609858912992
0.04967613719745145,19.6584375458176
0.1336818376686182,6.614675086915597
0.031792965522370764,12.999005352001037
0.0923342000748022,42.87292389977567
0.382310677722586,19.316038926550977
0.02089865068586505,26.32925901504701
0.11205917915266639,14.859697903421164
0.0758739767138934,3.1074773014329318
0.1295700548024854,15.9229279711037
0.05495211294909552,14.414580121864969
0.17560985454130673,21.00295388928535
0.1830001630591056,5.2490406979923065
0.0037799503919444533,14.526224521756035
0.20446193193475892,23.927983566862284
0.16515030246107187,4.866445042866754
0.10980575419520733,20.9699270570599
0.3550646038320906,11.724569634666436
0.016268356297004516,8.18319202362893
0.050514373762013065,22.867292586915905
0.021076131664599984,27.622818939170322
0.17990817514268542,10.917708056604392
0.05066216366468268,25.242009474955726
0.12900757463387436,17.287867684162784
0.01124920783004768,14.390318371791947
0.19828826747026085,8.919594415618064
0.2268087133133463,17.583156000956425
0.2100299000150727,7.521832461564378
0.0745338423251809,20.884054384120702
0.10492608040529205,19.573303159057243
0.059258184864404484,20.23092385688212
0.08503719617507954,6.9206371799526645
0.006864261466674293,16.387496816093226
0.06267026713510404,12.245833363260637
0.15511692324753312,5.362176247003996
0.09330973766920181,8.762692245909092
0.062448385063987644,7.420941402126054
0.1800970356914604,14.997588398650338
0.3895201486678985,42.610793044103744
0.09254448769620183,11.935082912547726
0.0765861624673505,3.861561956296348
0.0992290989137814,4.224509958612463
0.16498039064177306,1.3297333793257893
0.058084449019872864,6.545191122860189
0.04127490663327649,7.135140717884109
0.10490143173851152,5.451758561873563
0.14044117147031443,4.811549443556577
0.20742807068219804,20.724573577173643
0.11994285367964608,27.976039078332175
0.05033708267694692,4.288250429713836
0.16149092170087442,2.272912560213975
0.06995540873022321,21.539666327262317
0.01479328236248989,15.399217663573195
0.06227814812477561,14.200755849634476
0.00420641017464618,12.748105941897542
0.07151595531355781,7.668309580488851
0.06521860276687619,13.821627743599612
0.18204014633272436,11.544538542072695
0.08442143818673742,17.289363506873826
0.05993307282138005,26.936700197458254
0.02185351345785591,20.440938827687233
0.07922024540856398,15.249880114592338
0.0514136783531427,22.275584341797604
0.0616781676680489,3.299831652398585
0.09304529384502302,11.71629199477
0.07177510879924398,6.362391488564124
0.03453071214705972,10.80706205135481
0.022972325475848265,3.6469196696667523
0.009261412887539677,19.880908304755096
0.19312006474093835,13.97624576234213
0.11322518076022448,12.153752221682126
0.0424071899059868,2.978269188839386
0.006484559751811503,9.278395146228196
0.0511638162376471,12.45446323005997
0.08728062265922176,25.860793907849033
0.008843348265941131,15.311639715588289
0.09950765071448586,14.251135696212824
0.17792645214470326,5.549812518905662
0.0733358554645207,14.506205368840536
0.00405911533721337,13.089663810393677
0.04335105292386743,14.67388557030093
0.18587592240270112,12.314708311384162
0.054534583910054835,11.845657213259635
0.25405484325258954,7.602746589960809
0.05590106515572302,6.727688089033646
0.06853071975622527,10.896340328530622
0.03761459171633419,12.579585011307591
0.25737555811322466,13.263205565246556
0.02397726109408893,24.24678147971519
0.07736599238366182,39.265354689299954
0.1532331728025298,5.549690417275709
0.008826346911604332,13.633487337871642
0.06539340657381842,15.345586610713013
0.14796062343715732,17.045078237790804
0.03658845804982036,15.811564286574667
0.045399564995989294,24.255902620729433
0.05916618307898602,13.702308014601023
0.004478605182356432,19.04519556490795
0.05874232699167692,14.634821249534475
0.015538474155050608,7.2338078549807205
0.027502713649568022,14.100716768633106
0.02431245461951903,19.525932282918095
0.25742881160158504,17.39451992720914
0.16016092428702677,38.19207385044522
0.103164238010379,17.328488325957235
0.055306231300690456,11.368202941372937
0.13443645090472955,23.0994695163399
0.28589768004884775,16.203806596257742
0.009892418405939907,24.07448407430627
0.018708985150382773,4.127494969746674
0.10720570282052222,6.73655301390516
0.04634874333822836,4.647354933249267
0.22313082073804935,6.976070800740386
0.09565032503755333,7.829657801800758
0.021054933223837224,10.766152111355481
0.25114409711309804,3.693637523730306
0.0019074366892368744,40.58890364040123
0.06358667736722623,17.259756566948738
0.04242199327845242,11.785092162331607
0.034601334232760905,9.805368023599707
0.1346997457900727,16.652018643306423
0.22557473891608026,19.299759252353567
0.08090051199918946,21.58674472884838
0.11999732273403652,23.82323368801956
0.17826590876542525,8.88282421157028
0.2508098357443629,18.3122124040018
0.05603743044763121,15.08596039400573
0.07611450682155407,6.557691418453193
0.043212508653994064,19.293036254009216
0.20223461534594378,21.254996508061627
0.02267965533600602,11.408793242798478
0.011978039861759271,13.883348751794282
0.09450819887629791,14.660487382912972
0.13998571569510432,8.310671770013144
0.2868673713455365,14.311602782677241
0.025072456692413425,8.319971088358574
0.028909324342109244,28.595153925506892
0.020552337576987156,18.945434525190393
0.054904875907979545,16.75902064119277
0.17289508764764605,14.826408146104422
0.11227097674790798,17.75204106729301
0.0705782558318333,19.908367867438276
0.16053206644542684,6.05979651812569
0.08523145716866054,12.752848388273058
0.004524602903600794,4.2817508202652
0.003593165877916249,13.693341361509562
0.014559571733101961,12.480545828953009
0.012452145483422328,18.207659673658576
0.016736290584503877,12.918584639057128
0.05244375738190854,19.218893115891195
0.04054067723457422,16.012172653549975
0.0033568518606870157,25.31842923134584
0.046285649259544925,23.649204019287055
0.02214449811167185,20.786988944046524
0.03725636862540682,17.79774135137896
0.09129866898965133,19.37956675366946
0.07455453457401973,27.21207254080075
0.11916596920927702,15.48268854807408
0.016899057642305593,18.5949776642181
0.011140706654927612,3.442980686448838
0.33210993629811014,7.823461576022291
0.14577981937119944,26.387556167695482
0.004249709547394787,23.2727771944639
0.13218058788096698,13.89981394335076
0.06468951646056098,5.137308636809003
0.030855095920713893,7.728752275052038
0.1713379515319815,6.980127113951996
0.13266829598958907,7.177108756547171
0.05713071749259768,13.622843995535751
0.02788741654921978,24.266708443897276
0.051260491025246324,19.28214424373846
0.056896018222829525,12.336768783882533
0.06973210268471064,8.47738643019761
0.048788605609146884,4.731134945517051
0.1673819602456348,19.916757349352107
0.034849648758779495,11.555479763805765
0.037259806266860096,19.253014943136286
0.06254334603904965,30.095781013404007
0.2627811545307708,26.047013746346533
0.14815451703137228,19.160919467784122
0.00613684675234083,40.584165483933184
0.0067433083338670485,16.291526523116467
0.1303364410532737,6.69211818199459
0.07950542500071833,7.990184654821907
0.22047148937343763,17.934564553266558
0.016136383066111648,15.595128911213282
0.026652839147971008,34.45350598938456
0.02147014490354593,26.852828639352598
0.01739554921226727,1.2452906988128503
0.005418025767468748,1.4494077741977311
0.019488533024897947,21.18016178787401
0.13425951143439363,3.720341615604689
0.008092418528818257,6.700659977665833
0.013389472045815864,6.4876178263085
0.053966784000479606,13.561401051911979
0.14910650088833677,17.364895806006157
0.013375909924363327,20.70277134170357
0.001882482091943416,13.609274734534441
0.016787061877508336,26.177472549529462
0.0035869114481528186,10.154566815520832
0.19328642009102737,17.157472485120824
0.2808753211922692,8.374641654596891
0.013397417433466785,6.138958557702471
0.15517582490211623,5.840418461818603
0.037934592447911086,13.510839325809142
0.052658227227922794,20.692383911441983
0.17883174197287133,23.757515404387735
0.004558444631143743,16.979865165801964
0.33430994020395133,21.130193011232645
0.07658722568548626,8.101370323363215
0.09281819593013552,5.755575992235293
0.11401566047365463,8.872729710821082
0.09578973075461761,13.654168645008212
0.02293426133678622,19.69247048644053
0.12816327129536376,9.906877798363437
0.023175688003078676,14.180355576196538
0.09498683398125252,20.777299846300743
0.017081035355545282,3.985117169440229
0.06288271670000256,32.92943478009991
0.08705508718742294,10.3321328649448
0.007382993504677415,3.4674440721297897
0.1711318879849557,10.871226409809148
0.14011332536281884,23.545757967071943
0.01532531883901811,22.952228796463505
0.03589287820207687,8.938239003465046
0.1161315793740414,10.392305877726882
0.009712126772285501,11.397252716623399
0.024649922202257812,25.918138670247547
0.0002545194616061508,5.01159284594362
0.1625385420071268,21.132574161528886
0.06469025434466857,17.957949823882224
0.011818737174792204,6.194099727454496
0.14870285732769162,21.101050542526227
0.1481091185125365,3.0909635580558614
0.11677640230431052,15.506103599077308
0.0010895107944293159,17.41226666249643
0.20130694693423834,5.310991368223955
0.026556895230783084,21.427354685217107
0.09631830249739437,2.195107064329221
0.06354751470937003,18.075631238115836
0.17363069955311516,19.31674170055709
0.16722209347420858,9.58492662321439
0.12084727453620303,14.874720962945162
0.025156142021558026,5.858270259222406
0.20474763262174633,25.85232944522248
0.013295187241283202,6.600545724346613
0.03841932885990218,36.34080333496792
0.03822885787855057,25.182968312793243
0.14710948196940876,3.270913352369859
0.13683025289518014,12.702155867878048
0.12759961216085003,19.0674166768626
0.029250344797986827,30.01178949498879
0.06693947147920198,15.449040563142711
0.27526211078506435,17.461071937225622
0.06631018324802085,12.694175200257105
0.02947505176263121,15.299054508520781
0.28425804846210667,17.16400738292698
0.19783357222652853,10.353831037409428
0.27982519093700375,11.017731944405785
0.005914614370624349,7.54987005439763
0.08089582334932288,10.913329722910737
0.09371004370737523,12.560655286999959
0.01899061665992008,7.83132742289656
0.04449165418881762,15.899313311069584
0.03201770227428824,7.423621684281057
0.06777666703055729,23.605793709892822
0.06384777011473375,12.509299484223991
0.010186439835280225,19.52241381340247
0.20352221547295812,5.353629172715675
0.23042272204452274,32.59043803484238
0.20661449032505175,25.93997889374333
0.3679276292272391,24.95026896218148
0.033348316769007624,7.305848575628286
0.013984301135423038,16.944056389008708
0.31020929000271735,19.043394342759505
0.0423737577103509,16.621391675487295
0.04504361871656215,29.15322801178315
0.12149669061176382,7.17166987942723
0.17545030177666376,10.794592170459856
0.0713594566765039,6.059112642766123
0.04411608601387229,10.814422074282113
0.2030491312114009,14.124544178272869
0.05957732135911442,8.33924829925779
0.021499276155338976,18.078624950028328
0.03703376026055594,10.28844021103231
0.020879032832539224,9.561090649894679
0.04334199317864318,3.589716431977327
0.048689118385567554,39.55953294699107
0.06424080508034535,17.549080214934385
0.014815736683061687,24.44139414736053
0.1787196275594738,27.81771535051663
0.005133223575228385,6.975088482088314
0.2824299792058582,7.031181339843876
0.0911884809401613,22.75710638376748
0.05749412905217355,23.51862757537219
0.04087978595907771,3.6433729932037853
0.16970664131937951,6.290170535196573
0.012759706375646829,11.232391500907628
0.005742684525188224,10.957280794833219
0.2729481119400532,15.539081089666585
0.03303596546598442,6.052684612675956
0.09852373437928463,11.083354912400516
0.02151002895263332,16.43322961287078
0.13833515447251443,18.093871411160762
0.06262875989122563,7.914647826234236
0.07780148136200182,12.81273072632071
0.14298403333441456,6.835477938575036
0.5931391234372541,5.572670131171456
0.015269082135006329,12.847602040558382
0.16957477923523356,3.643020995311614
0.06899470109172512,17.06586683244087
0.029471378118955727,4.552626786640765
0.11776432854523478,14.8796718753917
0.16204265120524042,11.799319493944031
0.002608362767318795,5.588853189502384
0.04399772770500476,22.59061937646584
0.037957102911263974,3.6360218062744187
0.08261185942882321,23.017849790215262
0.03064490129347064,17.846597379317522
0.11707523576424705,22.242296687191335
0.031345826151920164,19.964793882486234
0.12682392821685085,26.761464223293846
0.009182426817773148,33.96765167397766
0.06695993733265482,5.536213645510502
0.23953558627752614,28.375279744542084
0.18071845417094323,9.2219025283517
0.026715902157860683,17.4361698054827
0.07870456693063943,15.297028730490057
0.10476505441010886,10.536224675737676
0.0401470214882238,17.401100026387738
0.13532660458341184,1.5274562042757704
0.0756998380497862,13.586590229551943
0.01194059889314758,34.67037775959924
0.00805508746105943,21.318905859979388
0.11646554781017926,17.737203014310555
0.01096667229487025,20.13888915834511
0.056298185917654564,16.921180359466486
0.10067772746481296,12.428028539398108
0.09859695350985476,25.208319675957455
0.0662911293502475,24.51691621607073
0.17720093854092056,18.036489592559533
0.03795395402647728,12.784707445200858
0.12939369813867074,24.012101391098412
0.2749496041400903,16.74836183385147
0.1669223904363264,26.878456205830368
0.058436731785974416,13.4587730510723
0.026053596749733288,10.496183645955325
0.08599497497186803,0.9554959792040143
0.03946237057144231,12.001056537679444
0.055588212985497876,14.61299281176472
0.014850185101863644,12.998980019971397
0.0942541317873804,19.954178936338554
0.013677854864482697,6.4141848185932515
0.03158763595232017,15.114245618239329
0.19463139985089128,4.529357566670854
0.022795574331524904,13.189290159100015
0.10642463318785644,17.276173091652662
0.024062833401558237,3.964750096906367
0.029457356392128986,4.761587513033075
0.015048155615488668,11.098964203884945
0.02443936340222308,19.815475203968973
0.03590021798427756,4.867529905273513
0.33795533159820934,28.65333057812108
0.14594089703780355,10.636299286094946
0.010154140172062398,15.56613113459094
0.043844439950674996,21.4754468719811
0.07798059104368349,6.264390022361419
0.04469505307102395,11.485913509340781
0.054982832776374835,17.072540992397105
0.07366481464674735,12.507343448583534
0.29630864298661663,2.64562117928837
0.08516517047777938,5.832455733549312
0.008068671004423322,15.692586398504385
0.053989348967746764,19.03946731174764
0.10528897469532694,4.816333596011576
0.019424157113888896,23.13908365275928
0.056626244273246584,10.408553018282467
0.287469029489273,18.150169748504606
0.0066866216315588645,11.393212768398834
0.08824408173535403,8.142429919006005
0.3469377178189177,19.560746437352915
0.04135149240718761,5.406346010772039
0.015361411921048784,5.419580324159746
0.09159626769053375,25.814585270865177
0.024093871838999803,16.169591217019935
0.029978532286520476,5.932435186232757
0.061749712514256316,18.57847690353053
0.0005043994232778459,5.676434299190324
0.28506522685682967,27.47281517874811
0.138257301779646,15.22531892814209
0.06354894730719707,5.583571072045446
0.049493415960313314,4.5444206362132
0.08454021992926641,17.326761633089713
0.0727630176945695,2.284240321787475
0.055560134495152624,11.6542389360558
0.13294421686822488,12.98306590382316
0.13882341130215536,28.85064540121926
0.11843057085434339,10.877080607819027
0.03293597192075026,34.880971720345364
0.0009461407335606964,17.92020574278586
0.07164056354952208,3.51337143934088
0.1397736944750818,22.879750543244075
0.11188217379000776,22.297648654604323
0.19593180146785016,17.163467963547586
0.04410111843890263,9.759025963625247
0.06204999036111758,26.16845879356776
0.17437223736536112,1.5576686803004247
0.00955335642416344,11.7696328168687
0.30710650407465323,10.781975921503387
0.49678884815136826,15.700551997495811
0.042617666012120026,8.977940661943226
0.027064545823748176,37.503862356257606
0.12568075060056572,15.781040687104843
0.03459675376413429,7.773612320066331
0.17423641070010376,23.552557073985206
0.12144088525886332,27.52737867199107
0.06781851250684667,7.6022270621873265
0.07601821570145262,20.131147529974516
0.012215085004072535,6.52039210930969
0.05884170167820457,6.7508616950715625
0.09676608574926604,12.172812624830044
0.04571804229863119,17.089260050439798
0.07752367444101083,9.773466904943064
0.061921545834081826,15.576889093246923
0.04929215574387058,17.85522935833164
0.10791687237261272,10.603812827611137
0.07326168360404495,14.556465550302796
0.08089174499090745,16.215070108352503
0.06396610588836893,15.30192888310303
0.00972547112837674,19.576591063580906
0.11743459692229408,17.873181497642634
0.08239615264122335,6.329018984159662
0.019767323895507616,3.9401562292975347
0.1971545121855911,13.004800467212682
0.06381296799543179,29.623501315678723
0.22123824543157866,9.805117558335667
0.0016880873197067103,25.856428732131135
0.06537941092230426,6.362154084152143
0.0070144260355107235,29.69715405796351
0.035734211088822576,22.476951703751148
0.29941589332082685,17.88940209716193
0.09295812110286761,10.744636939697394
0.08593234137137529,7.328389851457351
0.10834881193233059,19.78433028577343
0.17743531870468132,4.455823201965709
0.02120710246276758,10.898652035425581
0.04824963173811625,12.15840018651527
0.1638359449914617,10.830273582130493
0.027087707265849303,18.8902524756727
0.07395060692167021,25.945580172827636
0.1843071472394513,12.5668169983529
0.047027347128988595,22.338631031088852
0.11646150583496251,7.956594222858107
0.021860230671478575,22.68143080529413
0.08743381397945882,22.462252618889472
0.01778218440870205,15.070702029109208
0.06184879122608322,24.27754653629588
0.168576733579215,24.22790592582999
0.054518507575949116,18.943493335726572
0.0009599423416091213,2.5643040387916347
0.04955555110487353,12.93728115490018
0.12862580191932693,21.436134630445764
0.029137790550606724,7.055383705097413
0.12886656735662427,32.312617773709164
0.05155201190899561,12.380079454687962
0.11205827235849597,8.070887928873812
0.023549493566292767,14.3899219667012
0.12957699421275493,13.081118407235195
0.038635746125720516,5.146208522325885
0.05996741606060141,21.38247437369019
0.11648880155607344,15.40537140300823
0.04265195823828094,4.015583892897731
0.08756732390747857,9.408230947117463
0.2897123652777509,15.165749310879226
0.2023105044561646,22.097042033976475
0.4240461155405626,16.752303405422843
0.12700722758015104,12.413385065453898
0.06125544934840832,14.472654152848598
0.005001456484336586,23.33227294361446
0.18540560507690884,14.312071832865584
0.1236636857874771,7.43720943285745
0.27842102436341065,23.04165211829264
0.23889878280024845,11.380691816044731
0.03786494303147947,14.343202235232345
0.015818318263399078,20.36201593104396
0.01671109046802144,16.270421116234303
0.0676315250278492,5.827201619889717
0.0038439003313897047,11.937336368899352
0.02092432943433664,19.069734434259935
0.0642275470855509,11.9800543060805
0.11059916280595417,14.02853042715554
0.12396994439563969,10.822559486080126
0.07480922008559787,23.192403601789284
0.022862881233606913,11.420330601195696
0.050080922896796665,23.48821779733413
0.2198549754718897,10.193274821005193
0.10689622250205844,5.05334702777236
0.004489608874933992,20.630644826387666
0.16023135749233575,17.142593773468278
0.04806531100456368,1.0743249215419133
0.006857441668273623,23.27856040348072
0.13929922292271613,8.889333105428012
0.018454189450324066,19.40974870083912
0.22301607791112588,14.81592635156286
0.059621627129729404,17.37674153179534
0.03521391961632503,16.078545849762513
0.2756280684015735,18.653894704474826
0.057156988923935614,35.12962502962193
0.2394978105203336,14.559795695371362
0.05423604258908199,6.058106317078371
0.07874748755827454,14.799898251666056
0.13716768106527866,16.774929359583293
0.24972766179848804,25.088497791656835
0.21500435294876752,11.630936501827108
0.17344738417895655,18.312269170003972
0.14504272287751974,11.67068956021715
0.027716600845764106,16.479112022657944
0.042926032763517696,30.025765271184397
0.04124105127490907,16.711990815907594
0.04739509204409842,8.089398998338773
0.10333345147105888,10.876158687247026
0.2574485974890024,19.47950480568426
0.03590601197336696,9.65861309940492
0.07109804020740285,25.001871675808104
0.07340045344727741,17.19779071535402
0.09479932990603857,27.92831055493722
0.017490116109485143,10.832534109774231
0.0740909624952053,16.041290136003397
0.026181339572985962,24.23291159894734
0.14204205623062194,9.483039609522013
0.005270623183974976,2.873702246373157
0.007415975789541562,21.745331604823562
0.044080481769555035,11.645727156705949
0.015446889073160719,7.8929165854543575
0.09328429491634438,13.993073392045998
0.13286247852667543,23.03729589967716
0.0013174310118415633,9.938441052040735
0.12646142188444287,15.190810753833535
0.3477507408747442,17.231633717207355
0.1072538907430669,7.370050105945477
0.12253813198762487,17.411838284038197
0.11775488366632203,10.271037211080845
0.15266178331276592,10.66020693062059
0.10987268858622201,2.431871411607386
0.046378367140761156,16.697972034713143
0.035831537159964455,13.814659335323524
0.028060724288678784,16.499837533633773
0.20471505521919653,4.386775117970022
0.0008162527244621742,20.05119811313309
0.08480377523994775,3.8974197894479228
0.061798465293577465,24.130170911276572
0.15267829344949746,13.215901723295815
0.12056211531498207,12.754475286913046
0.2687769967771203,34.74276054053352
0.01809371861861564,17.725070881549982
0.026434721454279497,11.339015399369735
0.1028972932379304,11.075705829617016
0.0012029177041199546,40.7470240739454
0.043761592744118616,9.842831933435034
0.06423341389611892,33.91707915948542
0.19700399292420911,9.767365880214458
0.11544820301020309,3.5200637755472233
0.06997172091786297,23.70232148117834
0.046842810764047726,0.9455553889915458
0.14452255356303567,13.030736573699443
0.16041148145927764,14.102340470940913
0.024467425571089052,14.745255617366393
0.23897852951742493,18.935363995583778
0.009081156603855334,15.673947067076119
0.025361321573853957,10.171525320024358
0.07895313216047839,17.2928111438415
0.08902880063820362,9.446031878030729
0.015701854300857576,27.480117682649595
0.19826258362917315,12.271846822765081
0.010315927686889381,15.051647123534662
0.024264607293844165,9.172218195546039
0.013525044903985872,9.593379421671832
0.12516192494675238,13.787885866451944
0.03673980399216248,11.16155169650215
0.04829054189326598,14.960481449271423
0.1724310142769241,18.51231697895994
0.06685579888298321,22.799277042749587
0.2710588925926345,16.263046571223494
0.05127461836829639,11.569607603526183
0.11532793990588175,1.5625320919810426
0.18674029912287438,11.600207693508525
0.07964546949682472,20.447651167906795
0.08982623821574975,15.756493194270147
0.0418993643191925,3.336530241744824
0.02496848958105602,21.66530079849769
0.1562413637453801,21.11619084321638
0.008000750569692627,22.423933759002388
0.16469130193490855,14.13703162995713
0.06881159444054674,5.860916378011837
0.08804531827212259,15.315785144139445
0.08527887016234104,12.57383765779264
0.2161330106571029,4.244113743312246
0.016973087532619502,11.420727328101012
0.16044526164046147,18.672676951823018
0.2860570349532452,23.27656565773905
0.09038459913867314,13.298265111300424
0.014023720797098349,15.68131716558106
0.24352628097406637,7.629832519530816
0.10954973792587452,9.535478071834401
0.03195826123081247,4.686333348049843
0.0741648318153807,20.64628787758439
0.026503392385933466,9.593185132410328
0.30081142394678295,13.72445675952917
0.009968580780821412,13.803738033867013
0.22601913320076505,5.217015985777957
0.23470479668552002,5.400956882134934
0.03342223426952273,23.79827316740729
0.13120736193457105,21.19250417316447
0.30563908667531337,15.6247424808417
0.0743798470733168,2.782388412558678
0.06091007214487831,3.5115729854365165
0.07742138288833189,10.82308508803147
0.0622333621578548,12.726413932959417
0.041906434112348734,9.932378740863442
0.06570478400132629,16.922963760926976
0.26040995509160325,9.99457769891717
0.19414543463074097,27.88085950021606
0.09702520259278913,22.325226931590837
0.1576007485396076,2.460851396970719
0.05197550890028424,5.4732873416365475
0.05882230193847704,42.189150918223156
0.0984680856277862,3.259673644923497
0.01762575065797023,10.77072260726459
0.12523280705914885,13.871977628583124
0.18645539702211522,15.971795755030286
0.03903245509076214,31.660424502377072
0.1349098602831873,33.124162528286156
0.007006777920935292,12.688966170919963
8.188147106125143E-05,41.21706978088157
0.21282338659611355,23.636143153062346
0.0922739267467989,23.588888938531635
0.0886265930465413,22.36164243479992
0.005479878391383863,9.522293851765767
0.32393865040890546,5.253180821738883
0.0332828569648882,27.72959785633499
0.012275499847163474,20.22243401946724
0.03898766495427708,6.707286435988048
0.19632323810094476,10.596135426724672
0.06352786472655225,22.427475027183867
0.049165511157212904,14.131257332560448
0.03151377118510368,7.238874253516384
0.1377502146697509,11.656275837586143
0.1098636787408509,17.257115192784315
0.23382186453048348,12.507196589047137
0.27883573487770263,11.325933810594687
0.018371963802934488,27.861405421198
0.2467006952080908,16.84158753463773
0.23486645290904562,10.695247119471293
0.06249682262924239,5.53144821947896
0.10092783925279036,17.39755538403986
0.0023648911486873203,8.534756143725781
0.0028540856961853933,9.065921669811127
0.03713144441812233,18.873514017553518
0.0041589139990492185,15.001753393970736
0.38234191587631017,4.9452361248889565
0.017133275249875624,10.345313571732731
0.1471116938829482,21.51969520528551
0.0344503408938408,11.100657432238947
0.16367377320779042,9.07162524201432
0.0202683783615214,7.455383372581298
0.013339777751724569,14.821467707574318
0.029133734132017253,15.73279381820756
0.06251263716657718,9.64162117745473
0.020278477853196364,20.91534268333397
0.0015259233405799932,8.901420396293755
0.03425976323046598,20.773082581314778
0.13168914537683918,5.089010245596663
0.10580446554908463,11.435882873362088
0.05053742299989494,24.791033366154565
0.008478966124016551,19.659441009982892
0.15242996064827707,29.78939187432003
0.12520632790182162,28.024713623285507
0.323110096268465,11.636602709048258
0.02534319515137895,10.892448964934811
0.20198963533249525,17.498635242239025
0.006479940843632903,1.1594928758804934
0.05750298973583767,13.598252243727003
0.14705097987427962,28.127104187560402
0.07265882405275192,4.9386808029297455
0.09370522385839308,13.849095437250417
0.03827472090301853,22.71287001684321
0.028130429439471527,10.445536384302128
0.05482219337687866,26.284823682491595
0.12717764862756553,24.04592569503461
0.031274633213513425,8.287570610307245
0.11239956439939647,12.521195246050963
0.16179382003218734,14.945771799635805
0.09361835397555751,16.749276422150206
0.19349261854779343,5.568554608087046
0.03876182257440064,23.882245813465637
0.04418849984602957,18.11813371411442
0.059877189953112975,24.332940631033164
0.06912172440448217,10.628238238487686
0.2840375674067559,12.786086031535664
0.1740465104355735,2.3901561217109353
0.05707612226620995,23.401699764393015
0.20668431839393975,13.93240274244255
0.12091322749168398,25.4046542177745
0.01628129738949724,11.157845862677455
0.06051819508616063,23.063743470615947
0.06871889092195715,16.9297228844695
0.2169360493300303,18.171837364881082
0.011509211998486535,21.942019761008027
0.2516905891078238,21.4906627384626
0.08380985273743136,26.232629792573825
0.017595572309147656,9.206491584048234
0.008110689604194476,9.528168477213946
0.010568982846848485,15.300860018254008
0.06760364572386379,24.288732878907712
0.002683586624414147,0.249151469153129
0.029985649740439158,8.813426906769095
0.767343950147449,33.522964426756474
0.34401625848397543,7.53319989951531
0.14013501117122473,16.927652821629366
0.2050455316535249,10.314580410382362
0.25066022686894485,18.7281149444754
0.22904121680534217,17.881045579485445
0.18554269841678206,13.206490526875072
0.0771243466500664,22.039955593193373
0.20147421780040986,15.672040405539367
0.030651383635103002,8.136270657996302
0.027915266676899364,9.583050407304857
0.1155903405166896,11.744509628721344
0.1498825031340516,24.01835440637399
0.07663661025242163,7.14696242790825
0.019171016965543686,16.20874906664343
0.1462250127203788,15.834213915230494
0.03828517467852066,28.520164978843194
0.2079529717600508,41.29129818581427
0.03628648989189287,10.467446205195436
0.2395553864542137,5.3516816245707695
0.02554180790087912,16.587511482051685
0.02409989870639606,3.9413141872131976
0.04077782098019611,20.83952570212507
0.3234894368580683,12.883106519799329
0.16733353986506927,5.510308115357239
0.4391740947253595,20.73323221094433
0.06348593451883744,8.741620270195833
0.32235045703674814,21.525299766672877
0.028025973278602123,3.45518982710023
0.20166122375465534,23.748003479261772
0.17369424251796772,29.4885125070959
0.2340447361694089,12.422939818716085
0.0957259277140281,16.831347693759913
0.000736624567139188,12.421293359851688
0.03794688951745684,15.465086453156498
0.3361946758689953,21.34262036484114
0.04080556141497027,31.862439296934465
0.22493641534939002,10.590080877592639
0.09396845788248243,5.861605650709451
0.012915410875223188,17.318451134734627
0.16022857495974563,14.464566509215967
0.09279115530895865,20.070795712072265
0.012107940865490718,22.549900599831073
0.017335533976648776,35.37458244683624
0.1294633356309589,33.36532251408711
0.19112235644382736,11.174913744335807
0.03365243333226431,3.589366945289128
0.09155433585027595,18.097678523793945
0.15653817048826113,33.55772126878624
0.0015195592486918486,21.100829982293057
0.1502937801474502,24.287527740086276
0.006020991948730625,8.947581362832038
0.18282949029600104,9.25293038198003
0.005440344706585165,15.40321783642275
0.10344869766115039,18.20491620436328
0.2181505294353201,27.408578721471685
0.12021271656666954,9.658792588433604
0.132747407443361,5.900722824114631
0.11477825083503035,20.188664306939913
0.048825341001020206,6.806367687357858
0.030328562931572378,27.954267314281037
0.0183887774053062,13.42510602757638
0.015900608431564933,13.947358903231724
0.1398566522744602,7.082398418647647
0.009315881540828741,9.44609377336067
0.052002143727037264,13.468151547539634
0.36207230476966856,13.378650287825927
0.1323174828779372,11.531673403571899
0.10896220731751782,18.668145167758148
0.004394974224709358,17.92149638567726
0.1179581541584298,0.9168654495449637
0.0627690034413888,26.05170912046683
0.012109614333098762,12.721975436617347
0.22496061480129015,9.802340335117723
0.05292236536479322,7.527085629258346
0.21330816725406976,29.159540155174728
0.12661632382807397,14.694166905906975
0.030171748988720992,10.222873470896964
0.037584549639319675,7.986765652110396
0.03682137946131547,11.923871880985516
0.023836237951883277,23.881253984258976
0.07425346091395113,18.527249970982382
0.028249745913882407,12.706550289603939
0.005048621868184,22.17301297471266
0.07218954012648737,5.939371309549905
0.05825869748784385,2.832161854756592
0.16965195473954964,8.88579010317608
0.0009226866802976019,7.665318576683034
0.14215536232029535,9.78883564988903
0.046454223256034766,16.654238334665493
0.11369916657281465,14.266779420363823
0.042306587592236156,15.939061501888066
0.016819984730602755,5.157296815959137
0.0027388273982751343,3.114743491754921
0.04303178620767767,10.573161979905748
0.23173596206146385,11.241102705283016
0.06286603716594641,12.489670286396032
0.1511679773011565,12.552319636021286
0.03212574127547896,8.364079639451202
0.0911758106470586,13.552752646828688
0.09864749328542644,7.823027763841395
0.032763824080944914,15.817078439699806
0.02974775545018815,26.470770012206614
0.10869095221957537,7.297949406069413
0.02786547822458374,16.76573435919468
0.19314764464510858,5.379365451299151
0.11045318965679485,12.381752979428143
0.0956842337838566,2.2240935940199784
0.06913354069098432,22.39875507399347
0.10260856391454354,6.740629387766043
0.11092674260001445,5.504049879925789
0.006268965588560604,24.040032965240794
0.026349526647919674,14.757375268811767
0.1264193641036968,15.199564041313137
0.021516286839386112,17.525928380806885
0.04560130571582022,28.3147553274261
0.15191397469888557,13.65403821064411
0.13008665488513316,16.51489198094047
0.06094436413528115,8.517182347579679
0.00457333401183746,12.572712740668477
0.360961922533761,11.789338145084242
0.19639405501240503,8.081867145159459
0.03195934566110736,19.703094431781338
0.2103017281546613,32.737956141675966
0.014582007303715727,2.7631256240812925
0.06421663005136224,1.141501888564398
0.46444252226925187,13.531268960067512
0.25905065135657424,18.833219654649813
0.12907794919760818,4.208365896605308
0.0009082999334282249,13.186262892703002
0.19177285801811195,11.831309176046036
0.4815415525164326,23.070320667922793
0.04281644136895579,8.973425567374283
0.028715865777940053,34.13976461378597
0.30274247066668636,27.80245983364373
0.19378347094496462,29.873930399257457
0.07069960954123644,6.396102126119829
0.2455033926935073,8.066213464161061
0.23153404989832893,3.8862669827963794
0.00863492353207107,22.55263038009823
0.045780601660680986,11.609668342418917
0.15409034007672062,25.56567768768056
0.11252665640711257,3.063368372635408
0.04240318088071149,27.25212703355776
0.02582465439749626,3.534986707192282
0.030870068582430576,27.733179239728464
0.14929869480641855,15.543929662562636
0.2327171023617609,22.601624098921206
0.20101713086444306,29.61161099258338
0.010833953940192487,22.758469798502045
0.0018963831020357702,17.684439367623646
0.0014540009696304423,5.729277653782893
0.12423697055930916,11.02076422680514
0.13572930201189592,26.27450102369721
0.023006531454228707,25.56880976061687
0.20905290334371784,9.622248034546333
0.1589495652864059,13.224714880124244
0.07970959276951817,24.514711489468908
0.09236602236339309,12.275401049559246
0.033821354322412844,13.768407170909905
0.024010101509674087,5.760248254171901
0.16929387864462342,22.560469838456367
0.1321722628348425,28.937018103248935
0.1485278387908977,25.461410358209186
0.32991938126673404,8.350134153979253
0.04952009216080455,23.365072831649606
0.007928280176543012,9.143342662892643
0.29251655220934936,21.47883281003008
0.012290272732400354,6.386034417215712
0.03338274102262062,14.444810535240375
0.0030481905158410427,29.432747194752366
0.05428295109066994,26.833885153746824
0.03468239297620812,36.90224135619656
0.0823317793320939,10.053396497741216
0.12875660328995764,5.552257401733419
0.07854881358926491,11.660966870824284
0.006447597869794208,10.611733538339909
0.031774137665394164,15.862698472526812
0.001219863738526783,22.54601523590564
0.041500605538232094,18.44750588902305
0.07592942185158336,12.162886625485063
0.15727737452624524,14.55817213617224
0.18300800521856786,17.522047622663568
0.02495462389438785,15.678479678212705
0.45658895851778425,17.206442753773942
0.02521224285615631,28.86912525257563
0.03545484884932648,0.36665888635280275
0.16896551268052917,10.292110878578251
0.3758205327929147,14.099367113106437
0.02006017973499752,9.329297429393245
0.04105852108421004,26.58675901068356
0.028558321380046436,12.494667272275358
0.0070969025402973784,15.292914727477637
0.07973307602435398,17.493036146266252
0.38872758843311317,7.286970185567796
0.011565563605586249,11.453639771889524
0.13869567153884077,38.21926542651281
0.1347509028538525,23.544718956577835
0.04475313977857809,10.24716385411464
0.22419022382587173,10.472048269797234
0.11724961021323566,16.02930405663473
0.03587301391229403,12.068308164771526
0.0985811910166774,13.096233573313341
0.08420316216296442,22.237398273970307
0.1287422262666098,22.399710138794514
0.06533197291483361,22.821706950682525
0.2443645910545058,11.786866511364432
0.13776993912813396,13.825490741311933
0.0611444335667386,10.348471651842107
0.1861634116152402,12.125160498938529
0.2786708115583565,15.930248232700142
0.08857970047108665,22.474402222610628
0.029735606936327486,9.157348232810248
0.010093506665697305,8.718142839413066
0.05007758578005905,13.389264764162228
0.05714197200978788,15.666606578055747
0.04887761461193918,1.4194105323465003
0.055027801540603605,19.595618008835974
0.20271657653017883,4.098965462998969
0.09496694766622227,3.5159489357010028
0.2061706294712451,5.270185691161766
0.7315889226572097,13.957770063624857
0.013824898686038978,6.657226369111824
0.04044619842056818,17.202106267542227
0.12035962730536198,8.5218551094704
0.012486743189498384,10.127683853467328
0.025780190801327763,44.850278577717326
0.05261184118214146,26.832290949243365
0.016069275076517897,23.336107580005606
0.01837053524528187,8.506756770712776
0.009340586242473137,21.901179862866677
0.04233477776031691,20.390067698937617
0.44399214088744543,22.11269236550769
0.12454692053219674,5.720312294586062
0.15825536636194215,16.92947992932333
0.010329808427201215,10.73276572781807
0.14811841519656355,8.158036750245653
0.04659518924057693,5.66359018710205
0.04246893792108608,15.741096591672841
0.07643803064019039,11.501658875200139
0.02120524399637702,18.153145808491065
0.05865570773045192,18.71686757429604
0.0026145898703191506,19.698830940426795
0.0171592091242303,1.8860168645110156
0.02272248923469533,25.024018739195704
0.019533167991937717,2.460547360800414
0.03552354666709334,24.260550172746385
0.2948543558601102,25.770529862643812
0.07967595210922696,17.675982192946236
0.03634890005994862,24.598890951745933
0.06135377644184814,13.293576078356931
0.25769103317219333,17.755298434023008
0.024327593557785576,23.22050307585731
0.003142584011271765,17.123841318443848
0.02928573268016521,9.391985228726012
0.08300083501254107,12.350733191084954
0.08468307895176963,9.861437971220727
0.017159674746409337,5.870450282670706
0.3492916544795719,11.770836077895572
0.0197929578513083,17.448978867712473
0.09192525836135701,4.7846805376203
0.23527405595729078,19.371198746566293
0.17868921674110538,11.112854179322172
0.08601289836570913,15.750418876244192
0.010318816017814925,4.8707088430862795
0.1069550000957804,23.35001394943977
0.094303027931943,18.83507507376064
0.00626009318875731,20.082591799632127
0.020561306960132697,12.619555714653629
0.20954479595039288,15.036554022965884
0.11975157999063413,7.324610654841969
0.3763026200986985,26.514597325800647
0.13176666143672833,16.552003498575147
0.19042871341275713,23.993542716806353
0.14661690956700113,12.306552903690406
0.013821598325989726,9.699508264189031
0.021812347485166583,21.557648196590634
0.12889080124739394,18.17807584620407
0.00742955246511201,15.81518452551173
0.40346633465313175,18.110652783325055
0.022083439795892446,28.514263779743544
0.13422491853575025,12.740869128427526
0.0385269025570949,27.90709973341609
0.30940277621178325,30.915032141032775
0.027903894295405962,22.889913855097387
0.03631025700360624,19.314026103729187
0.009611580118843221,11.412651461452182
0.03421002933902173,24.850613412776713
0.1541317378447502,7.583407117812996
0.03556213262524466,10.05201613555501
0.01777139014600948,18.03756539662052
0.16447643725470584,15.403010518155964
0.05146555966464916,4.292531796014858
0.07532310127584196,6.24002782157375
0.23200001782387858,13.372647389754043
0.03404961693649966,4.84119614879422
0.06856188970994026,18.479849340831652
0.20852563693452453,19.786166410879687
0.2053106378713494,30.67035051854639
0.09505344518612446,8.430486575982263
0.06391558435871048,6.651413506052386
0.023267892444465588,11.979463655749386
0.08150645423791048,8.860405881834991
0.0006875745459637983,24.758519410141073
0.10637380731807866,14.03812130033316
0.004583849855265498,18.03729268678637
0.06383479145856086,6.741722108313091
0.07428426015667355,20.18853396429149
0.10952400944228202,19.84365253622379
0.1599669987359107,22.4698133708781
0.4540375951072235,8.26957407999672
0.4133800261512022,3.4470922733752203
0.05218956291363952,14.908131352072663
0.028900166538448957,12.595189968883785
0.13627963096951135,12.930834734340301
0.030981475130147373,18.80918674448105
0.06585321153752943,14.078661722260213
0.06714807963064118,23.03627633645189
0.08375713245618499,10.652470793763744
0.12926997872230572,9.111088928576372
0.08733518732520906,7.362786331001072
0.12468718240432963,8.680835938824531
0.03381891555744687,26.34552288372183
0.03180805783782148,15.890859502773573
0.018924114500492806,5.470617810301798
0.05841630193089031,6.699441831725995
0.009128135167514984,11.73682614655971
0.13078297087093915,8.293809759349678
0.03299037367315805,18.45133289145543
0.12397338272816683,2.0356400990657755
0.07387690619685827,14.392720280622369
0.3962323520396751,24.79406414950213
0.005853039869862187,22.477372258865415
0.004235096016515172,21.28757587026074
0.02624459341285501,35.53505249987916
0.00038965809324054135,11.16274386844108
0.002389376409809074,4.438950023098253
0.07148701440593186,22.37877304406552
0.0732299390206208,8.68710762375762
0.01524415407465085,16.834758844077612
0.05270581685417142,21.316144698942992
0.0876331278314808,19.440050156857588
0.022292970026001058,31.63981113539964
0.1886792062259417,14.557949842237544
0.06606086504953623,9.35738100246739
0.03885296461487542,30.595723152177023
0.01864610474132178,9.726451422629347
0.04271362478496599,14.816537477296952
0.12074022555069064,24.097050151329803
0.1597453775169697,33.45958260795349
0.061429133256837076,18.69434422390049
0.007554195723344037,26.714049563990876
0.051610673366070614,23.906671945548926
0.011496554009937654,18.67187552600337
0.11668494337783386,11.617201398405467
0.0205681941564535,6.563476718187282
0.049534641188813566,21.326701435589083
0.1844272321769438,11.793081105115103
0.14844733595930393,13.643084658760435
0.23308992362612457,20.240711778714683
0.1293973424626529,16.16855222459007
0.10303875617006497,23.849808710382927
0.019470428355475633,33.18083888997273
0.05351309040347019,16.144191057824948
0.003711904557832213,23.32839685331946
0.25630485188153784,19.445185006690505
0.018881047990475963,30.46956765161977
0.08707010233621304,29.92660124666114
0.01933334758228966,2.9892737547840667
0.15347440590682027,20.970899491080015
0.011125154771605139,28.940683497291907
0.141530772529876,10.18028648471779
0.23555663361577217,22.274371799227115
0.18723286021005947,6.578167879100718
0.028442499645080943,15.737925688936855
0.13039794333639065,11.630359125295547
0.03339561201840979,16.668018000761712
0.02465302277818182,2.0849914269497427
0.007193347651877957,11.245908684672484
0.0725229943715533,19.07517522030856
0.04552150674192035,23.739450541146816
0.006028312149453541,6.13577654108245
0.021169582368600004,3.961751199758579
0.014005632111974364,14.35728677571034
0.05677724182038446,3.27416024303269
0.09920284844361049,21.888633243025275
0.05933858228232225,11.521522081625006
0.09532398593088942,8.024804038528517
0.22737564010114397,29.12081199792041
0.15906090132713757,5.570962521918955
0.08718753113143407,6.276090171435762
0.019363299107965304,21.30668566184262
0.0631579466888752,7.904516125049486
0.03693854569638688,16.255646321569245
0.28123030517718917,8.532447148353825
0.11697650367750612,6.575567083940054
0.030842083448419544,10.452963485899897
0.023956614272179877,30.104078290709516
0.27617577464897636,21.48877149735523
0.04449828996746419,16.456092569632602
0.09399154936028253,13.992072838273716
0.046045572162398685,8.951224654082623
0.00860059243689193,5.688400136091733
0.1412122439950565,6.482877113692156
0.055252275897402114,28.89177464866528
0.0664974095494415,15.658688960643893
0.05970307437078759,23.877977376269442
0.03351268555729803,7.540832918723666
0.02235187010143136,23.386495258465725
0.18688408882022145,35.83836450233004
0.039880497163409245,14.159722400346858
0.17094910984903322,27.42364012589756
0.0377071221851395,13.824094236982138
0.04640188178024118,12.35629697048666
0.0572832699794219,12.100505807724312
0.012212873200837748,16.385400972526334
0.13375963153819725,10.245561795200903
0.01317885065674318,12.349563038770885
0.010048774145900552,28.210036646491847
0.2945212463859832,25.08915552950021
0.027544351421255442,24.102740031180954
0.15958385639544304,8.770011060237834
0.03448471850435908,19.8390681137462
0.09968543532144736,12.763781847680866
0.15311578946071336,21.590396201360047
0.1651141884557603,14.446439211656946
0.034505509995597095,23.486529258247877
0.04694493382524456,13.341508254983502
0.0364918500300746,1.1833875626756363
0.49598577037579616,12.642364525696566
0.09062287261104984,14.466885020661895
0.07264840124958027,2.102307332544151
0.010195321700649629,26.760322855895886
0.0728613929922517,15.409000641844603
0.08455404921093645,21.562346711835236
0.11189394165614885,20.787965033813574
0.07601047561522023,11.65877034206712
0.11007767968635562,25.28814209608167
0.17301813039810554,21.840441210333907
0.03501091121708555,22.218925314175063
0.0972629800804441,5.856419385802159
0.18261009497095415,25.46752215774726
0.015718964326481455,11.04673639571802
0.03907457957015481,17.232553923887654
0.03771634638997057,13.546133474504737
0.052638258543623806,10.478308548303163
0.37942584428290616,4.698393229337188
0.03860663051506208,1.131154924161517
0.15469513624904607,2.8077346806682297
0.01509778685564811,14.524214795205634
0.03978901890883435,13.900689282597222
0.03413280909990135,14.017048190672083
0.09662132147872171,28.221810424497995
0.07644208116059303,16.062844544216134
0.057795168093548455,16.0848493068611
0.07471914937045199,3.689046187137621
0.0650327500405865,6.360797781004566
0.1561692672668471,7.331187925516172
0.033455261075062026,9.218010449325249
0.0687283038718931,26.19497382667221
0.01906255663976708,9.786304342230226
0.03318698977903978,14.744827439103094
0.014988406455984205,13.875250660807602
0.361109964998235,14.668231686281977
0.07214081519299498,26.10044131749577
0.0754339215228299,15.843020187488628
0.011148135236311418,20.633548944316402
0.06458270112639752,7.068672707687762
0.010788603702593491,12.277212373894285
0.17611407217120245,8.587896978122728
0.13119094483917593,10.111796849227511
0.0763260267256669,8.087682870168786
0.010687091581388586,5.193352273603681
0.09906843855480929,11.34925077330525
0.1669131992787527,3.8962636594690654
0.01594011689505237,26.03068739864507
0.06346532216437595,16.01463899438074
0.044559465177798074,19.73952781887367
0.01602281752477097,12.208264058309837
0.33625848207367426,24.25247426296661
0.07961648403036747,15.446436951839049
0.03826853278667386,18.082492822030144
0.07429912546700734,5.244103756154063
0.07196944310899767,16.097753424778347
0.05860995466233021,3.2545926737792934
0.3622470604499597,19.581935569035988
0.007367057990393278,22.795858698258765
0.053787904981192014,20.140838907515064
0.07004690532488667,10.702070704479986
0.004119331704515616,8.747320058405723
0.2554466780483722,35.21056756029592
0.002484279839308101,6.324043019813577
0.2022043994246303,18.498266624471768
0.024968155837655104,23.723145740931
0.013467064650512839,7.934958548088902
0.004244565213468832,28.710623668531042
0.09197539767197327,28.194949362432762
0.004477178164336237,33.88032921066039
0.004788879720678096,13.507505264880036
0.020998752334548954,20.832191027421903
0.07200278732574361,7.124348160037395
0.2110874314145974,28.80895603903178
0.01680569247207586,26.33186910963108
0.15239693958221778,41.54649879888569
0.0672424415924695,12.564980768340774
0.14698809590504425,17.701820714152426
0.01641543832297998,27.77309985586059
0.47336895902608944,9.909429341699065
0.00867974445998243,11.315676206404353
0.015880655073800654,2.4535941261517302
0.06433460949961045,9.473079652980344
0.0188106573556297,19.304167099086765
0.0017707711416221628,16.535161295476847
0.0694875561936783,6.069547525274956
0.03529441225370533,11.346478034945726
0.005907585919544545,16.270498002758615
0.062185661588472385,5.527906907891565
0.22804391665886214,4.919139718132811
0.025575594723875383,12.817942619599224
0.002219744760964204,12.39189212416861
0.023504145758835193,20.38133560468208
0.018889546041719996,15.943287125551517
0.13848276319373554,16.44364351151024
0.07219421495881306,15.462741274590275
0.27822457502119846,11.735230972276682
0.027787226091305683,10.678655447568689
0.04991048762778405,7.044737304733122
0.010936015974152724,19.789209286976906
0.13655696215269586,25.527408855238175
0.01193966956614645,30.977935701206608
0.4296134876678934,17.166935660823814
0.16852685789967836,5.108205524436381
0.10373008415638196,12.622253206953733
0.033160381513710036,4.812768768949668
0.11450047592290957,11.997279737264494
0.06326946797759092,5.9262303847395295
0.15834163973315185,7.088076792041054
0.06908192250131151,8.364628807381774
0.0020579566744345357,4.266073936960255
0.0659960848981882,20.183457381072397
0.19110626338340353,17.79332747576756
0.24936322920339649,18.514738504021885
0.1690233791086655,22.751834316988912
0.04887717322753815,9.874051593711755
0.05491470520939856,16.171199242417885
0.09379504394334504,18.150249589497534
0.09084106604825593,22.084649378242073
0.05444701986300515,10.85817647555336
0.12208159665172502,11.00240777511241
0.6015391953350218,19.45491769766148
0.024899002961973338,13.581666488691582
0.09218341115419548,18.391087082771932
0.0667285369397348,12.70727066632746
0.012041477879506601,22.056566647298176
0.0260804401627297,25.61773302622289
0.23457418752761328,16.43874217268728
0.12699090174209005,12.920451914390584
0.029481790195916346,7.408914725717644
0.017470960070710362,14.170384798540256
0.024290177535249313,13.65229736797285
0.08218143492769059,14.046962433908185
0.10211119771122412,16.773566970396253
0.3173978642180657,16.338828801730177
0.030057165208120296,9.255415571992284
0.03159588252188428,15.984927360181612
0.02782523101825518,18.630826005566703
0.10422078639695087,28.566133761655816
0.08063133327394212,7.5455245244714435
0.0838610362090435,20.88706932685365
0.11646603327602634,3.204985453185421
0.028662250081708862,9.284532961379698
0.19978080209864402,16.373566591618143
0.14505154187116887,6.661783023773474
0.010968545204235625,11.137079896942666
0.07535876491886029,20.24588690808442
0.4813422270157446,9.292014172471163
0.02388765748685273,24.69619648015698
0.13126271818231317,9.85949841725809
0.5135719812301716,9.144693982411171
0.07686424608044717,16.007608820477824
0.001161992764906472,10.798991732977198
0.15296287039859635,36.66849108439528
0.06809156172130315,3.8988808363484098
0.020511296805892698,16.040459231649415
0.00847615703182214,24.739401354376636
0.04189044009302734,10.300889736226852
0.0440416850393035,1.4656079241919973
0.0008402929954058891,14.225632157825263
0.15332404462031946,21.110574685541742
0.08358234945978893,10.487195002397907
0.005215279357997815,14.32966403766176
0.12356676639512898,9.981818117940499
0.1340196518063692,8.104617353414838
0.0064810596725806136,32.04053955274286
0.2073157847470668,15.207809661122031
0.3275966797915828,18.851138252095538
0.036279532629095,14.19678017704598
0.059400185304610886,16.87975549745885
0.5992367242076568,9.203832630490679
0.0595903791339083,16.39941797266291
0.17729004131120973,18.85761413539104
0.10314578701681398,30.105918507689037
0.34575950233843855,13.52343462199521
0.04012661423769259,22.026921831804742
0.04689200058541587,16.211106603029446
0.02487273534981682,16.491037691067135
0.15220774543544735,19.2761355432834
0.025727242037902442,13.085946912739143
0.030866471219837877,10.569078033981022
0.015206322096958047,19.395265262587564
0.2842685400587186,10.720593191179768
0.046532718629578085,2.749746210174569
0.09963023475745558,3.538059351319551
0.058045830427516876,8.345890454456608
0.21562025220325154,10.159703533863595
0.02270921405559534,15.189374055998641
0.026709821749278717,25.89822219012549
0.05730335905079187,18.554695027228107
0.004306585480776448,16.884817977745016
0.14748973901490103,11.33362065492435
0.008830577586849131,11.168984904872081
0.0012884072677081804,9.631911971870744
0.056615419178911,16.43323653629918
0.05203811730066832,16.65902535224421
0.13865761920331465,3.224835845770036
0.25136160180994693,4.977823424828919
0.10530444757927171,16.074519861620285
0.22878690665842782,10.228991324860838
0.20970610314378746,7.369770026918369
0.0812966279384284,5.290404814136284
0.13615032508900526,14.673688648295201
0.5825603016268985,20.607393006807484
0.09084909459562596,22.916736126389292
0.2853166500199791,25.315217452948943
0.018631753606115353,12.557183944734165
0.04516256506494187,22.002281263264315
0.09886177389967088,21.607482149727147
0.23516175275847218,3.9112062976104283
0.10447956855495022,7.534570373230791
0.2220082028446484,25.554935405411083
0.10911390873113191,6.72974489789904
0.030941268840990688,1.0325997324893503
0.08604974049623593,20.18721471401016
0.025192617102021586,9.996973146819904
0.016436826044127884,18.081127666766555
0.022765657260521266,17.493691387123214
0.11856328890110035,2.510414629378533
0.022963891232734568,31.66468832880357
0.04511271197233668,8.30063057778101
0.05063879096528012,8.574763084509454
0.24980486056477957,12.910661476247569
0.03721640145832339,22.845052389017898
0.07755358252509836,10.70234114974619
0.13412346167277178,9.56495914937586
0.19560287435498935,16.38443240288927
0.029189623663938846,13.740942015031537
0.18124559583395694,24.108688341424667
0.03400093769641899,4.7313052875593185
0.17659871837389574,27.44756523445767
0.07777342935182219,4.292549318222693
0.10017557092047014,14.304201997102808
0.05630853056410956,14.03156854051472
0.10062991469342819,8.580765395918286
0.06342692573701925,3.7584071319284797
0.00981998253320171,30.54301440195315
0.10088329231274429,16.021975133609697
0.32721999574724236,25.173339481502545
0.004781936465974468,5.550839404696248
0.052222347050104645,11.13621474480322
0.020837216397808334,1.3973841415745507
0.0066053965574042195,27.236942327722108
0.00977208705535304,11.625503614718896
0.21655164643800617,8.840864857336275
0.02658195680692188,2.6001723448126732
0.004735246541741844,7.262386700210693
0.022807554388691642,15.806900075385341
0.0742240691670304,20.92524605190938
0.0529199621944656,14.249244076435867
0.052117116299598365,31.723238620762327
0.034711267981890614,16.62182072380082
0.05095377035152637,7.569905840202591
0.14994378781986484,15.021984943149189
0.20694084374167687,17.75554976546608
0.04567595888786968,26.313508631923778
0.11478457783667295,31.733535476320405
0.09033271545837351,38.41970320963688
0.04341967551872017,4.754914046411733
0.015050841086008404,15.16546065417042
0.02632692661242686,11.567319557804762
0.11933050390283029,11.458013854178077
0.09026779078232039,11.762278942596028
0.11589439737628027,1.2630238528605573
0.11685658992266212,47.05395124144486
0.12137327828759226,7.594058224198224
0.20534948613553183,13.089852213066129
0.049310621891834217,2.6266128675696194
0.06781339684104637,13.035465063842924
0.07747819397860667,17.51547466349867
0.032873971485770426,13.757426735678095
0.12871958839349418,8.185426102999873
0.30945897204352946,7.649712938162295
0.051728018418003785,17.987467224339966
0.1255009081290268,11.468214340555216
0.006857802513479783,1.373335158495014
0.017669585498424567,9.13154865607911
0.1269902373835805,25.251529451911257
0.003384712605537743,21.254941379669976
0.07783623217576974,32.50224509295164
0.06498559602516707,25.42769727800079
0.07340742503177466,8.657859112157913
0.11501245195873366,27.310053873466906
0.027936912182354945,7.248619513501684
0.03695992530742842,13.749588063339344
0.2535934856090023,29.15425047864832
0.16861412622054672,5.122311415927869
0.1912987324533617,11.737067160780889
0.009077231890387338,20.189411275465087
0.07520205805033697,18.222484293407366
0.10523470146341651,24.95281199848684
0.00039459863018009855,6.1769995251130005
0.13007868813116374,11.9420990084499
0.06947852981497249,23.919162869973878
0.13726237519654205,6.463497252600416
0.04789772224231115,27.67097824996472
0.15517522281382412,4.225447649696776
0.15457685988465641,26.016874063268514
0.018887978762251123,28.413679323671634
0.06264097934007395,23.63541567375502
0.025554570247038555,8.045686667746354
0.19733305449204863,19.1398578211477
0.1726690029362885,3.28073989174576
0.014216679098609575,14.778375600060318
0.024328885507173936,15.047469120090454
0.06775182781652234,4.202298561303707
0.02031400948098394,7.6270695980869725
0.04058670877606119,18.18476266687859
0.011488222652587865,5.526399288901979
0.05527312336980117,13.63145311296023
0.056557001264678775,21.5174130916522
0.0037684590730862055,31.547998087837634
0.003838162323575034,20.401724603716538
0.08992581006387468,20.871925700942448
0.6196786868061679,24.37009930270616
0.13682377920071076,33.4751238955703
0.16101424583641233,9.694774864496218
0.016892709896097813,8.414010584897973
0.059518909041457846,24.829223604682184
0.14570120822361332,10.55245292538913
0.02498221338618123,6.665009284582739
0.07306199957156423,26.83183632416777
0.033545988367620794,13.937103118818966
0.03237116792936945,1.697970743430012
0.017343626291079772,12.814492496369006
0.37291541369918946,15.508880052689666
0.15830390964296726,19.28680854367102
0.10372489534927354,32.85379941759881
0.13369008573101837,7.327164578992546
0.15365969952543423,17.04991872905131
0.0038470287572636153,16.966559080074653
0.025645836477252715,2.2527817123860006
0.01133494748034991,17.151804286222948
0.06550525364218629,21.447238134089822
0.04731557256985752,9.025876485337688
0.29587150211406765,13.917418931111914
0.1407913583194329,24.933750288138306
0.3607633201554563,10.31589948640141
0.0095214627227449,25.614427665645024
0.03497846025535978,20.162096314958852
0.02428696244911066,11.189261732474392
0.03564212539825462,3.9832786422333517
0.06906806545617883,27.057505184753865
0.24522315494738223,15.13192472310175
0.24293479348716573,22.571923060816065
0.40558250825361597,4.4969377678144005
0.08590934618189294,20.89040526966888
0.0006770616990081635,30.65196954732802
0.07185317192212892,6.550628967423466
0.028461787619988854,3.7671394570621937
0.09243936823980903,21.24377463224767
0.03174176711220866,11.71296272877427
0.19000099598028442,9.934827732631375
0.007671022084934975,27.061812333151497
0.1032068164345219,23.20811772816487
0.05067943869593705,3.897334125443002
0.060306582712513546,13.815118467103208
0.10660671237636166,24.966335981510667
0.031141456306869486,5.670841441284314
0.203361764548049,16.61702224930352
0.06882330875311027,30.945658929391605
0.1487976923342842,18.159523559870657
0.160401980628194,20.77069222102145
0.30941775494551393,1.937799813023201
0.08915666537734523,4.68287463825045
0.07765091550635361,6.884096862046472
0.033351947006053706,24.235184457473924
0.019845376299770123,25.565751550308335
0.07934680908653036,27.583738799958876
0.02871664150802644,20.184539083348525
0.03624276304230989,8.406706369726393
0.2607160206159733,12.845543201992244
0.05693947532927268,19.475399663269126
0.1716035632848616,6.067084796259989
0.0715161647172522,6.8915592191958925
0.2281919105730026,12.640215761267017
0.37025217176659453,20.402345851680124
0.05618134639314576,7.5697723770943215
0.08258939778272634,12.666984935850397
0.09293230324323076,34.059436861820274
0.048235334535206675,6.8648557111013675
0.12316654130597726,19.090722278888
0.10531475215145747,9.299848340861413
0.1799155312523908,15.093577212585851
0.14839014422625496,3.433393668704408
0.029671426819220414,11.09475496358979
0.004735148576060055,14.521109390609418
0.03449544634418089,25.30886331165335
0.046560257433952756,19.188519717900558
0.02183427950649275,11.587610173724517
0.08702469304370197,8.763138716124843
0.01490526414102078,16.10242993831204
0.04894321784024669,26.571977276349045
0.02848294295267806,5.800352887348899
0.015428362650254712,18.13856259957754
0.03536532719556362,18.86914658972844
0.11056837226357175,25.451450159614907
0.1257283507307534,26.322805116743137
0.006249672054934763,4.11592730617762
0.0244592023103678,9.796046378170796
0.19773100352563233,7.4814494760937205
0.00016363087962645295,15.985272473166741
0.03185436195155944,8.554634521427658
0.04627841193570248,12.372796873119883
0.024173561939448973,18.136758107138157
0.01903746048941457,15.286134156441785
0.24341621864334684,31.391026750865237
0.06718656798756228,9.215211960671533
0.012777482861451972,5.773123746292402
0.11373606372376344,17.369049053758985
0.09868595922512213,13.049533561794233
0.06034200089754904,3.152571374277832
0.40721041318886364,20.89301301036057
0.16149757761343153,11.78162081173203
0.010345674349878209,19.021894673912087
0.07453133892028063,12.329388598231624
0.008978241139629972,38.02050269265665
0.052153950749016076,6.293748147226701
0.0031888734090443904,9.053089692744479
0.1534789489501236,14.418609807101566
0.021604172585966808,13.997869893456643
0.08116375829592926,25.352348239581595
0.10093942920610743,12.456666992623493
0.005911175186270157,12.68401371376147
0.19835179713578555,9.977377091670343
0.047159487085025376,3.858233417647965
0.09493067421840351,4.588761457574488
0.013347882244374887,8.22883155703358
0.01842092307117582,5.370320528163639
0.594393877842208,18.69926462135661
0.10191023105733166,24.087893262669013
0.06936245330325619,18.777699086282016
0.08176871458425694,5.080533442491479
0.07171056383145924,10.979110346057526
0.1761381614700781,26.627868612904045
0.03145963330103996,11.324878806268885
0.05849348360959539,14.42185690998349
0.038852903252688975,18.360059547567182
0.09884308965683886,9.088155942508704
0.23849136327299902,20.80384505230271
0.1015527863449961,20.419587548392506
0.27382088878982813,22.061387518286736
0.016520676810330315,18.91826324185092
0.04347587015138288,15.171418460521132
0.19535029186306474,19.47542412182738
0.16451993653197405,15.282039115746658
0.06489828215791249,7.527909478850444
0.024083998093203718,28.248910414371867
0.039334728421238196,16.518587146086006
0.027568061434408264,16.615165282899937
0.11624739108174253,24.867778695704253
0.026535998121801185,4.160435585534816
0.012322941637762597,10.763703488604659
0.2764846969611767,18.068796084714197
0.1097755815727055,19.01298051444579
0.1635416262615763,6.033535289620258
0.013494232848017873,11.10280510339499
0.064891178491564,10.079248447213324
0.37640018953391063,12.559957586335862
0.00719713253926102,12.233650898961754
0.2970662959334618,23.579067409484143
0.11865121809921675,23.831798894149166
0.14546969165007795,26.00075101245587
0.010935040456843126,16.624889074732916
0.02375757813342716,13.108331378071254
0.11166267786546769,9.094569557401044
0.042940219337140206,15.403883239305552
0.047929180135781735,14.18855521891632
0.01355880793249753,6.250868191700252
0.03970985260798443,9.855624746913373
0.09947948722020783,1.6090259707591967
0.03203589868172685,28.459068300964745
0.010401561234573364,8.773043656749413
0.24444817445430544,11.958852505775818
0.10929473415887969,4.8854806899126135
0.12233813455844711,17.68353480172185
0.13820767118721733,11.373288372220111
0.014273034535335682,8.096108139828372
0.11762946950392461,29.88185397181974
0.01513289404869056,16.450829515932895
0.287369457215334,11.933449211952741
0.021492174262277786,18.812442595299554
0.05871804306707418,7.603900858952917
0.05690842624812831,16.456766051154553
0.036688990935488164,15.558567513439511
0.1649189236032953,14.640873446973353
0.058742256022753736,5.2784068986854225
0.22765446338121365,22.695323876331774
0.1740695388487552,12.494834460533541
0.017197936395916713,23.79205568255791
0.15740529746631182,6.301547692652481
0.0662368997012095,12.507270477139306
0.054584142201406394,11.763821285630227
0.012397700409962908,10.818436856300153
0.02134976199971561,12.441370333367532
0.08553010729326616,21.62448949186591
0.14526676187807652,4.392342918119627
0.2297992200251997,4.871738370417065
0.023434590578972347,19.533418613485885
0.12267945562342675,12.532375442218571
0.07316589609177981,8.82999398522491
0.07509067466111219,28.2811134996912
0.005826646199409424,10.666548156589236
0.0320824339767114,14.009643088838747
0.0008766665443999955,13.069978030361385
0.10004458678992023,20.712385633842825
0.0008956691937100913,21.416807212360485
0.05586566492473821,16.451513754261956
0.007639181388185534,2.7686507645393097
0.06091656750533048,14.138201463354958
0.1897732294004868,12.440670378337792
0.24980673041034152,12.585889556291654
0.1677045164992137,8.99660168604368
0.22102216638592154,18.39194753191885
0.009647721378200913,7.037347235914999
0.24354031112807206,18.721211538321242
0.10981414723016769,2.3964799989182013
0.14477712694542788,10.962527819625802
0.05549260580448845,18.033217810733603
0.15290058041370003,14.604238504241911
0.035033568909170754,13.730347403038575
0.001759792246161851,0.6304810937887383
0.053513837851312474,10.911517895266334
0.03784109634966626,12.45491108339822
0.184297388203845,24.08904068941659
0.023020848742930866,5.611666855602201
0.19094832417539465,22.200751787198747
0.008214898891253597,8.476827966471248
0.14350366294013384,19.924676079273762
0.06426853476853012,10.914143101189321
0.007642143820987712,24.596219930058037
0.0663543574315213,6.744645667467594
0.10644867983376116,10.427105633665024
0.17309453059510815,13.73744553641562
0.13308492740196698,22.997640725510088
0.04004318370357396,35.12775725978989
0.0585800368575633,16.78715118944085
0.032367557417558146,2.7386382178647923
0.0931394744856675,10.186981167402726
0.05447910415938395,19.579314924617147
0.17311978685995655,16.686552703187882
0.0192590470623486,9.930588326846834
0.0029118116474364797,9.248439213399697
0.26602117515943746,20.849542896127307
0.15401407203296458,3.4474477138206954
0.05531928520082374,32.93583041028665
0.01979817677704432,26.053271748749733
0.042250959060424975,19.37156954854864
0.01427326618789948,3.3378683483072016
0.25240449788577735,10.468578259559473
0.005519321642509567,9.5774038470585
0.023364120884025397,17.211825395701577
0.1412007916597986,32.635179633152646
0.10141754338820874,38.3089971407077
0.13397763066404877,13.030890600517834
0.15275006009380832,12.723319921292005
0.007486567875275796,11.374148211136479
0.10370548278928027,21.54539385322739
0.06131465838814165,2.8244904966022104
0.141423765098466,27.829264935177683
0.36961477350013183,12.326422879282037
0.18197722723766674,19.03483371135638
0.2619605790359856,13.265884495486707
0.012096886113056371,13.494347376423002
0.03149556568752132,9.467194102987571
0.020346532710163956,15.70507762020076
0.14023974248408422,4.210115329871069
0.033047727379482694,12.029483768797617
0.020573284607280584,16.60480093825
0.012490730951981277,12.76967281257571
0.31956603077293266,12.18630316942845
0.2912740312191886,21.45051732198934
0.20746210879480032,20.142137033627716
0.058943602227145675,27.01411732297738
0.04001935310770932,1.335270382212716
0.052757155947062984,9.733109156766869
0.042195066976887574,23.55496202658209
0.056601594402820865,18.7688507430027
0.04074637816114546,2.100888901612895
0.049796395832458984,19.664212368018138
0.0013987427352049053,6.370675735595251
0.06823344856712765,11.740972679996519
0.13599214846021823,5.420617198157828
0.056124214288786334,11.019307672188846
0.08440080274345974,16.86221874249728
0.20202253960985672,12.846492951400203
0.25361007875500263,5.578046958279273
0.05771479195578877,8.748796671260175
0.07837090832265403,32.248225259412536
0.22024586628725729,16.843633818077333
0.062088609100555914,23.03665021547652
0.1979416110637544,12.827364667213544
0.12383910947949062,12.429375339079993
0.004063814631365403,24.942119833977923
0.11371103132393046,21.42030730770271
0.03440107623003996,12.659723269747198
0.0687798499026826,19.390714246450855
0.039695409528349046,10.815904947745603
0.0381022657765584,14.74815292821087
0.2978385301917683,2.6006227548400433
0.006754106762059564,9.991178029448005
0.13685603264633528,25.821715246378826
0.001496397898563373,10.132158333059373
0.012530362597487965,4.147434424581991
0.10060647963422298,16.028302440527263
0.07139236549932093,12.584528125686038
0.3335483454678183,11.727349327562502
0.02535427736120255,15.378571556313739
0.03302032251218634,28.147211002006088
0.2802145155386029,14.782754665292492
0.03158571310120806,10.76067810649665
0.04196313029370913,15.160198912452381
0.03534126672275306,35.449800486384945
0.006805802488656809,9.303877478887852
0.11785337287898301,25.60393026935112
0.011276628799009814,1.0187250016052243
0.017134910718425544,3.7934927902473343
0.6052166098196494,6.078929649366918
0.03206840689148294,15.28414049136703
0.02600374098096836,33.201024039535305
0.03225689703913304,1.018049042893532
0.09823152728273499,16.049152306940197
0.2761161672742105,18.08814059962331
0.010962058334769154,8.740877053841896
0.14663995994357037,9.645872105735668
0.26107054118836004,16.455815418042054
0.03888428783602649,3.255648315537084
0.011129793204929683,13.924453162468234
0.007815894918508093,18.66849268468179
0.019490619677753784,29.255384192785982
0.30956901820729854,18.49227599961038
0.0011944028204311508,17.68444266484492
0.28953929670291245,13.70680161650863
0.2014876087288826,9.995948498218256
0.03385431273886752,12.24832355010008
0.29979670176305717,25.670849435519536
0.03176408422842769,15.314814818896691
0.019050780036707238,17.787330452197388
0.18110231331274917,13.710061644985732
0.3983583469681662,25.77862940570762
0.01515709685912725,14.088984914981536
0.0500670993511676,17.249875556806273
0.025085603221384645,40.30816559910207
0.03263718368305035,16.029637440987134
0.15243038306681456,21.381347459243656
0.010865078077415546,24.47726909015884
0.04546471744720293,11.614943518353222
0.5033629589843827,7.795404525579427
0.3075375623558898,6.142065674339073
0.004557159541661804,23.316387318084317
0.1430200033508413,26.878742917970094
0.07164806147301306,15.558490767992478
0.003942369514902566,23.529020853566642
0.2516428310944434,20.88238987042347
0.13909578600606665,6.4955828133192846
0.12655390612582096,21.758435239912323
0.013031235914979789,25.96296510598537
0.09464827603943604,24.153814185264498
0.062379814075427475,10.113631138211957
0.23151732155378113,17.8243464026697
0.09023842161474249,22.40647620106481
0.017076002445548966,6.78025763943749
0.3131157667720572,13.96108310026844
0.1530477658189966,7.203773907068488
0.01524835374760869,16.717726466850504
0.04280201093450842,8.830619165198335
0.03163793413915528,2.1341428725004143
0.04115660473854632,6.054542587158663
0.1383907850882906,42.182844418738014
0.07129952779575888,21.161184870424353
0.0029032847866119482,10.903147047730586
0.04913992744565121,9.595670712486818
0.03552401441635311,5.978401113184932
0.2773274805837218,9.08214774346695
0.022287688367839564,4.5741544591911305
0.3156396333272369,28.792067506108822
0.026938302454652785,15.085091153997647
0.01886317394632897,3.7383077881661695
0.05939238253461099,10.904515719090572
0.04047995856655007,7.687571280050568
0.011432741437317873,34.206465515279916
0.18437537003410398,12.295929381441596
0.03315283539353686,8.759316709083
0.02199443755256425,18.251072956012507
0.027748522714716728,17.564301023515025
0.14201843572686812,14.79702850278163
0.07866068162212514,22.47495347325004
0.011366455091945227,14.113473652344698
0.10381997986144142,32.17693483535106
0.19629449738982885,5.370104743287814
0.01365344937454438,15.106403117282102
0.036232632121880215,14.768306159201417
0.12883664483950952,30.247840275423794
0.21892868968092216,28.623371493947978
0.035862950040439046,17.841227350069058
0.1532184518562758,15.639109621049997
0.14592746597151063,12.04272451458165
0.4329822307252016,6.986498267872016
0.011319834634093695,13.589127234080909
0.15475383915708107,7.2001445023676505
0.06743708749394273,29.997216865425013
0.11801618086599319,10.182839119025786
0.08239822982119449,20.25053930146031
0.00047729062617918316,5.120282604740762
0.06299104972310943,12.876311594750634
0.003419740808624283,18.632122789780787
0.02800311620165985,17.911271243507258
0.11756489660228908,8.522855842353815
0.23949281769631625,28.294450550893238
0.07548198014825402,18.585825880805835
0.0644904247769773,31.034045667004925
0.03940847814317294,6.61949670980038
0.10738212722424123,5.747363012748184
0.09882349054572614,19.938506977887663
0.23114330485725532,7.5035983505114165
0.040636909086174455,44.488518551409705
0.06961140544206046,15.294999548439348
0.025472439084069265,15.09838233882941
0.01198395342925096,25.68382021307026
0.03386437877827575,18.26832573295536
0.11774311330418641,10.87597573844435
0.045793930422007634,3.5293888822911454
0.13974475701110123,20.07823700450807
0.04173693628183628,21.531984916138924
0.022394323090111357,20.732559572723982
0.21716683580774543,4.498432927475617
0.007237157568454222,9.836062731168846
0.1264806542574206,3.598045711963808
0.0765110130607809,18.311129244228926
0.23856161387408292,12.453244478410012
0.9740130387395425,10.09844110516182
0.00757408759898226,21.652456095658724
0.14401272304195345,22.84166454578604
0.04392873639739037,5.1672636307524575
0.10334882561255654,14.650521432290105
0.11053459659933651,9.97369792836344
0.0022787292684824934,19.352913001593926
0.0667481659932605,22.022755306475748
0.12466705835953462,8.460193728535693
0.33226311024117194,23.910027594020285
0.05531004678209683,7.821556786276382
0.030251398907353177,14.633749760436393
0.1432681564961058,20.125227605770718
0.09350642992831126,7.017127545781101
0.1146857800520138,8.596837942059723
0.03606023958116111,14.65960980760752
0.07040591480620151,4.183295030359515
0.04130465388095672,9.65528716664082
0.2028664809113252,23.643572769256625
0.002634320544586899,6.902401807701957
0.02789823362519428,15.675269240546566
0.03614064803304018,13.366170717970617
0.21677054904347415,7.038054473279092
0.0012420946285942591,9.496976823213682
0.003985852542768953,1.8575636940060958
0.304630127389089,7.944420777518549
0.04039406984594507,36.28700926724251
0.01858860112486127,25.134829799072573
0.016358140542024557,22.439854916653246
0.2166183111297073,7.032627964320137
0.05085904033961697,21.08515761077293
0.12328599412018093,21.43155170796402
0.1349509843718124,38.69651126338481
0.0016393094625755111,10.226901075127776
0.005197908417187591,14.15393992099936
0.008663356897443464,19.001765062544788
0.034435534285762515,4.51277830750149
0.03760347286623755,10.985587155430801
0.24261361336550635,18.491145549354055
0.09808579580271726,16.51616716559856
0.036604562252875894,21.166938544557325
0.009336346256418437,24.829815776498833
0.03166408615726368,9.709371718032882
0.04225024863461613,21.2313486288843
0.0633506275395348,8.458859579565281
0.04516855337135439,17.15253356981854
0.06334852092049914,10.9442129823526
0.016073076406030395,7.1018769895661515
0.21295336603003534,8.863567689598465
0.00993743780151135,23.72024670201293
0.1313159505718886,19.688166286229077
0.0153640580880392,12.871325620990303
0.6220489267320772,21.020435105955233
0.15979018736419448,19.508221807732276
0.11694985911805134,19.77759686540596
0.07807465473246111,13.279574127077861
0.07301436065404232,16.729798359117044
0.07895561613838709,14.99707179357848
0.19652226961596853,16.98928973569344
0.19936042942327958,9.652171830122985
0.004810756509016301,18.052250657592804
0.023170492579538404,9.960715634502026
0.052109996222895916,15.900110708932921
0.12264551489926134,17.848685085095894
0.03106160020246307,13.647490901175214
0.09796581886485001,9.080075874882699
0.009558112914078265,25.55132366961549
0.14207105436253187,12.99474643209119
0.059686014592273295,17.083479178318914
0.028253813144033302,8.719828018591306
0.02074188072134575,23.83782057951941
0.25706417155760164,10.230529302652352
0.2463359532006848,14.994633412777322
0.047860684310933266,19.19169642627046
0.012750759727111927,8.65485716998897
0.30212748071278384,1.160248725929555
0.07196943617526586,7.894102949042478
0.029716060657221988,8.549921773692466
0.09335841869454953,11.723676567567828
0.1230415880143596,29.372184729851764
0.24074868115462777,4.446876567395402
0.025979471700225076,6.2213289304345265
0.090034720203505,24.797009803522148
0.06258567531472181,14.851988037612506
0.18194272953371637,18.826984895954563
0.16949502635895897,26.42381421052172
0.10157745286034014,10.0356471811867
0.010760176611483985,13.07680602109114
0.17954297162151533,24.15503641808565
0.09097165678872443,8.895606222544425
0.18501210580961924,13.846577920471765
0.09527641830084121,37.76449134552831
0.07336671137676376,20.270978467708876
0.08952710668842201,14.655447837759603
0.08597925445894816,17.38653124130369
0.025005593240052804,22.776371129068018
0.06205497074097366,10.401782166337522
0.16446221442038222,10.236992388135956
0.029052164249151247,11.936784531751508
0.054622739382637064,28.985031418092532
0.12800612536733524,6.292186418773928
0.08439483313395613,25.93570976295724
0.0027727544050435426,26.1528467555991
0.06407676451368616,17.867540005558414
0.13930399270049065,38.2232790161571
0.07717170034482024,23.60105477087605
0.04557543074145087,14.105476062245787
0.07454275426266577,21.942249866568748
0.010606604379063356,26.697765409324163
0.23278650478738427,19.08203852249332
0.11046693520381723,4.610803701762152
0.2647942929544911,8.535430271927085
0.11462051854874744,23.54903701631735
0.26717263538165525,22.2046230167594
0.0025048065435839817,12.567243248825278
0.053997218278368564,14.707121645452705
0.04234842090988877,8.922356746769404
0.09123151950302599,20.531864845611516
0.021201079209049567,28.838680626101414
0.15225672869530626,4.365583442490948
0.06588838594763047,16.773368002658586
0.029333029577855996,15.660705565697954
0.04425593718565324,18.756998957061622
0.047020475814974816,23.2250905957251
0.05364320162880176,14.774231436300587
0.04273097598758113,13.278081421079738
0.08657398126922544,8.012619878565872
0.14476334080086417,8.13665914733317
0.08577932571341762,13.937470349176698
0.09769213381252939,22.38438159447568
0.02121016387849295,36.101247033274774
0.1149802507919162,19.535829855152297
0.006123225969190571,3.464632154125986
0.07395290891753348,6.42136063645616
0.07304853734342487,22.787688067742007
0.040921614784451776,24.465254738502672
0.049282123369039255,1.018939565410123
0.05197728071425445,21.1887722399383
0.16283203714090178,20.417644426276855
0.05068604932165499,21.70776438490944
0.06274015170077973,24.43691127168082
0.09524298434592993,21.696581818341116
0.003826596941109983,25.199934787752827
0.016639818200246737,6.978626871043751
0.019233518148837447,33.94397211255707
0.09456522773723464,12.159513081034083
0.21454354628099281,16.49091754312227
0.132848572138073,17.12791095366928
0.015272354448882197,26.84729097143047
0.038950314383100704,21.71682608840691
0.05033440024203628,20.585708182141488
0.003943316106642669,12.767076900966856
0.013989812538511615,7.207935666873235
0.03428190995822433,16.128017665517973
0.11387577779584035,37.06640046838433
0.07769616860758788,13.655865760444598
0.011586766757716305,12.631773354353527
0.031190205728535148,19.417698823481974
0.13207706112802953,9.043127165001188
0.032700080495715156,18.761473718811345
0.34367608817029804,12.057378640901002
0.12473666506627978,21.00685994490409
0.03778666185672819,22.74990693347503
0.42658540980636417,9.60994680057368
0.23244737575925,13.466791357943437
0.05167619121419875,3.014515050750596
0.03533097945268082,16.81254467062207
0.04918828741335801,7.778283579173201
0.03117396043558074,24.854830507069945
0.07767050908171313,18.169421382890043
0.11987038590041266,22.637157133140317
0.12591667754458058,11.52291737873178
0.0032633188473027985,11.911455504646845
0.02444990404450209,5.644368175198706
0.019428310585567488,13.387382349241486
0.033616060560405,18.850969302736864
0.030327337941400856,19.23832145411529
0.05783041198827732,14.45990880496864
0.09277630479232357,19.05039476430052
0.015947862021505443,3.7626425550140743
0.09478104629295103,10.62150926277873
0.12585695923388585,7.893072889557881
0.15615253272869722,16.594785349821365
0.011648548320579266,22.548354382386947
0.08644042269673946,4.674289274070943
0.19843932827268418,11.473306785942912
0.011241495885030872,28.381003054769977
0.09174407645241445,16.186643264540848
0.01160686601440375,20.052392813372812
0.21198778907535143,16.3268857072284
0.12435974828048302,18.332145704707766
0.06364981146248283,22.16069586514316
0.0733471939522019,3.6792752170411362
0.3010461686169492,14.245229327428934
0.07860005790377045,18.46751729427274
0.10981212090194958,5.20847650551954
0.15363174332776453,17.683623896262407
0.23274501690326588,19.633821492716947
0.036781124040032864,14.633711486175194
0.18741858731266348,11.050448617575277
0.03312832708991209,9.311370935037415
0.06505473462129885,12.729098339391017
0.0030444986463180612,14.066081602857025
0.0170115286786654,17.28808794570269
0.13946624121291507,5.008421689157775
0.06452064032282578,15.48809912519648
0.14317280657519404,17.095842269714204
0.03669709614604244,25.645970321563613
0.09953089773858892,25.1136511416349
0.043448727786540076,10.425008776046154
0.08214416938722024,12.878793021812559
0.23327989767898316,13.861723523375836
0.07624891790720767,25.394736858907613
0.10348510772348618,29.784602721012618
0.11178461625206637,1.8891436800178036
0.2260532446427419,24.123007999816767
0.032215195421940734,14.63069087582194
0.05637782990368123,11.492654809011466
0.1235533220481102,16.797798771681666
0.41570267369445446,7.872381955729663
0.0036471963017561393,5.64521677394351
0.1544961563172933,17.245542727355286
0.29998154830980184,19.106835669568444
0.0025390089729739884,5.543206579952474
0.04927732505751692,22.120323628630707
0.16373537040794872,11.424521255558194
0.01112664615641279,22.30605513926489
0.17366706542696875,28.601522845420504
0.3563908735875998,2.161067651088507
0.2617481962134889,10.139668776259324
0.45856488535423523,10.500186864009844
0.028262143617610036,15.759019795685301
0.0339394746777657,19.02759784994294
0.015578894465193116,14.283806069464841
0.15154630779511535,14.1786704744116
0.06297999829837408,15.61262697533828
0.07937382761269873,18.69429056482604
0.015829006190244854,6.616522998544652
0.10937772296040293,5.1219377521624105
0.00291883364423029,38.19817121083648
0.04467272073361528,8.917395580604795
0.009989055017683768,5.264047609889833
0.18729448623116696,7.6772678150201115
0.25371060332065554,9.545467390817796
0.035762089323498,24.73766225126406
0.1872354879805016,21.906539968265445
0.04992493023917177,24.793714110524448
0.012111159131620752,10.180587542211267
0.0864934314056427,36.472414895038945
0.02919236689973559,10.801443538916796
0.1690151438870089,17.479985271155808
0.06784868102215569,29.95160126198077
0.017627935824293672,6.294834187426147
0.42064628348538236,11.564727692333015
0.21411475348935483,21.64654023158988
0.13190703880502497,15.510223793000609
0.16180164037126588,15.152520149167408
0.03007388565418978,18.226071007970138
0.055405135449802856,5.7541256020055185
0.13130657749883312,18.241400504821772
0.059908125516983546,33.40533062761114
0.1621241819741499,7.649619058526959
0.03253218835425287,10.488068716135704
0.13785302482421002,3.107273141655078
0.13620834651595715,13.364781880347788
0.05828592159082291,14.094546541727768
0.008872491953070494,21.164197264194122
0.04537991184741941,4.9354137476660345
0.1488081602522584,16.282985595097077
0.04952900688675754,14.777636966653954
0.19133567631763526,42.517099334893686
0.1271384439007761,9.377003652613496
0.06538878392746028,5.716752377987968
0.011584791570555808,12.451084246080963
0.4245532162258314,11.125568499989289
0.05822728212348238,11.051602585216713
0.09145855643072309,9.570651836618149
0.0007496831207731702,12.208530445365406
0.09685647972770539,14.568743166508069
0.024817188730310136,19.496689736877624
0.007648741327045627,27.831015956637803
0.029527637689398034,15.467550805711962
0.03431257515495645,15.986901809634489
0.05760611867742682,26.4643958590571
0.11948562337772728,20.841766952576993
0.024482305057347276,16.665536820276117
0.13774134339882949,2.801995830611366
0.06177166701752412,9.790234336566702
0.0018324241767686544,22.884283782222163
0.0011120655192371487,13.701551736009199
0.12834078019847084,14.197321590171224
0.148135356655132,19.8483330434579
0.13652159881706893,16.17754230415033
0.06871032074201366,19.295536160882985
0.0004654132166592717,11.12385521838746
0.016795477518542157,22.57102298323426
0.40642107194764776,10.568491155092104
0.1319879174098446,17.704756565894513
0.0019495590110523153,18.745065498623514
0.03914943165449358,17.375031711468047
0.27846567355845764,25.369140226626538
0.037559463701768436,15.743178953726689
0.05084566408163482,15.59385797550102
0.01977456146221357,4.158651528689612
0.010486141469755239,12.73428199031174
0.010650847949534636,4.647330462527616
0.035120349746364354,35.25626310885013
0.1475664598542039,19.490541319762556
0.0060938916798818354,16.142010004127947
0.1285999745424533,10.292091301137166
0.18981684575709323,10.460244294094865
0.0072964961410093565,15.051088665994834
0.07434742323130195,27.9142361757127
0.0834873267688181,13.560009031928658
0.030583300417561077,6.127498477478511
0.05097553440180036,13.191461896860735
0.04072388334202515,12.97328272110726
0.017185901551556526,3.950486676313358
0.15012346722085113,12.634484959889347
0.100904041267313,9.090796404636924
0.0171187166355935,13.294578019485865
0.09014422801328692,23.55664596423703
0.020005240654768386,16.876277376680576
0.10121187613231086,20.490376225350644
0.028454939281516545,23.256309606764283
0.14156693475177917,9.402232693617488
0.1038293869259519,12.27287036107295
0.05188120094499027,11.11344831970076
0.2729718580605436,11.512855141568433
0.14874793413684984,17.145894183603588
0.33054257968382217,0.9476548118270455
0.00702862321440989,8.326242002005676
0.01763172852099615,19.24695765021587
0.2372047077636239,30.69499526485607
0.10428566613416024,25.68383755949324
0.0117605822186988,21.30707810813509
0.02134460411332384,4.930092735741607
0.09677126388322677,26.275390155653092
0.00020669104969783803,2.722046486058966
0.005427117958049621,20.996879358751578
0.17494782453263724,2.549789547876694
0.02702259769387183,11.075386498393476
0.11236495451396422,20.62285732370502
0.1293813622095854,22.399864896533817
0.33934640322775067,14.812770231808345
0.15796217331899243,15.256601108082295
0.03765679143441503,1.7776455798484934
0.0026569050441480613,8.078199439167525
0.01484140127365663,31.31159383730563
0.0009621967736279657,5.672034704834408
0.13422118905356228,4.030300297171994
0.23948913554613682,13.4171190042832
0.0111898375228634,10.86521870800651
0.2718630298305129,13.052436979096571
0.0004009159092674963,36.521227979916496
0.03539578777946417,5.233879102029447
0.07427258435399153,4.209161049097108
0.276096309601769,22.398802722678777
0.20379403302285937,19.82203103023579
0.019238669999595004,10.404675342875313
0.09650197600194588,25.503316523785948
0.15480461744675722,26.254132012461376
0.050376455583375446,7.944380897432684
0.25329775069621974,37.78153160633308
0.2663279916590682,11.165445719196333
0.00045226646000173787,25.767074874560045
0.21282773752255935,34.82928603219949
0.05435983684645862,10.03018536466525
0.027511699664444222,6.153277571320569
0.10251348898663082,10.424544851705996
0.05795025227979522,10.607935900135596
0.14234297844029697,15.745682652160678
0.04443501442011666,13.612112422153661
0.04170102949882448,2.027471193746127
0.14747016858899542,14.504071287537935
0.1298056925851938,24.688332661353595
0.18633974838451195,15.679555895185862
0.01495357890479454,12.104864823342435
0.05180216773845814,19.006773938271685
0.03811483980689445,27.985431535559552
0.029936350726245564,31.31993651183539
0.02102783566436983,13.906631634479913
0.16808528162312086,5.116926661392183
0.01808917144080624,34.49977750085441
0.15899791979040856,22.684506004331194
0.04259522839544161,17.913507081211172
0.024409916588183478,17.131660313978742
0.22989308758701554,35.891756536505
0.15305173386360593,24.544520846895654
0.13025396603160289,8.815038931520869
0.004504994465548862,13.950176798136368
0.094294740744715,21.05131455476687
0.04860603191843893,18.754719144289147
0.15901893020287616,15.282023056858062
0.20671747995152145,23.701490865801933
0.16402574235416978,16.3982816423639
0.32316055174283065,10.137429926447203
0.06645916130958085,8.081903624812286
0.12287356265125027,6.507287470964316
0.022312580447987784,17.568942020048354
0.035408640946457126,25.730185607988272
0.03072565272009342,11.144605433016606
0.18382161706358602,1.8979617135139988
0.07242126422153206,9.228729564208287
0.05973823692744418,4.778766177628603
0.06706437843752155,12.813028492106408
0.09034203844555577,6.899636692149252
0.019793394097007422,3.58125480089332
0.10141358606676931,23.257545814361187
0.14257385113745613,7.279073977176711
0.024068110522478037,10.172372918149767
0.06039592350720113,11.63290597880025
0.46728652395927384,6.805400469810768
0.1011212025146051,23.068051966347134
0.09553817596440695,12.05716469440839
0.07483287927004767,10.810261298361038
0.04678851542041684,8.565380584389054
0.03868384779275402,29.23155192561204
0.060224786831440724,29.129393789189713
0.10675593505419556,27.970174968928017
0.09909106169004644,19.089748473288083
0.01699848512976132,20.667649403513746
0.001182255131027432,18.346562424855424
0.04690885590770222,9.896901364504146
0.117104278429224,31.99912558061811
0.017406600639731096,12.49174825461445
0.11091070429245065,10.666301214420972
0.12179029983076362,13.83999254700147
0.0018288946295115238,6.963171304272107
0.02339309217182972,9.406293240700897
0.18409968573041624,14.665706428520728
0.09252664447274128,9.084894039151068
0.04782362444723276,22.785202879751477
0.03009305684224728,14.547779262062635
0.15243758669521412,7.772551761194787
0.04909274237354566,10.37957445580287
0.0006414627617346014,4.102642731109408
0.240714038453973,23.078106614702143
0.4669760102551095,8.581929924837741
0.11415017363702873,16.26843645023511
0.37581103857490916,11.599205139593579
0.07388136725245431,20.08073805650375
0.10455788366004981,6.975892177129031
0.03344128869622409,11.169375654790198
0.18447733029057645,6.179138507274669
0.05411446531343245,29.112759832727008
0.06394857337085114,17.886301136274543
0.16563920740077265,3.0273804698452187
0.09664708164655167,22.932493668914177
0.22339690826515834,19.534478663506256
0.1364764571443402,10.336103267539347
0.04799159873823555,8.728740583535735
0.18521196708206844,10.17654732587055
0.006770975932397505,4.2403282129515905
0.04455829442093773,14.90243601268023
0.3367373478993727,2.3634287745406914
0.2988726650564786,8.895837701399698
0.14921912250059677,12.145863243647831
0.03858360551231499,1.0494794703220665
0.025500600825864694,13.948300112854325
0.060495443069385146,10.602136586595428
0.06487540773611045,15.651124412857394
0.45921797175890333,13.23544247129786
0.03189143568204145,12.798412230912941
0.05633324693258146,12.267969152184623
0.057544003443013025,23.327374171404475
0.056416517296952406,24.92718828235421
0.0463993236268152,6.2882321054088814
0.046807433308174495,9.46142148020165
0.11669217960962897,24.853771265033323
0.13057606214329098,19.512977719045658
0.0508159598008433,3.382061823117681
0.0035818567700403037,3.709310204693569
0.009418072987330106,7.494525789915677
0.2587409534648941,6.428327434598038
0.06269004827117897,19.562563838481797
0.07449723655878415,12.740387486266515
0.02608391927270759,14.298699942340907
0.13993821722243638,20.886657335675807
0.10482435816084035,22.61677166476863
0.000669292683085132,30.17526637526153
0.09133769039135586,13.97068981168053
0.007444940579375725,5.765348563664708
0.024403692252235487,5.560883394007169
0.02757283603847327,8.387393977093687
0.3179297761021189,19.534230204707956
0.014950620935849201,26.716339577137674
0.05604822014805677,5.043431140281175
0.3411412037258401,9.399004633906825
0.06747637920574334,13.826342650647264
0.2553564600327718,18.817414061117848
0.24691194041793096,26.109972087364586
0.05312430101389509,21.063609391677808
0.15068824355120114,4.8826609666705485
0.1510773888983863,16.773151558967538
0.12328059644676159,22.558818474724337
0.006717254499960745,33.07097913236267
0.01420514699452724,13.67447967403233
0.21691227931546564,6.568356068510791
0.3669108209667229,14.576343548518675
0.10644341249741274,7.787837810780755
0.05081534018711409,25.47457535401257
0.09683885134126058,21.44687066962485
0.18348829625949747,21.532356056313184
0.11355465366534645,17.29937168282122
0.01492090677396618,10.570572669083578
0.07314135725926008,14.965008153652994
0.011040444488855883,10.14945397672505
0.1321970410269273,7.417781193950431
0.1493643614065263,1.5712812362247166
0.08367503364490858,16.672423926000533
0.1470175284688935,12.572973714582695
0.2064912219392454,24.12313611010225
0.2598369773467084,15.681126438232912
0.10726566795727877,28.859607538126326
0.024338285738735976,11.049170993347355
0.10758638244010399,19.31696035550171
0.044711156736582325,14.791054216536534
0.024586808096387358,21.232051143947025
0.11318491613951664,5.98201344193008
0.0550549329501564,12.354292820644904
0.07303482062741296,8.590552006919808
0.16283290898900304,6.746364512393541
0.04044325060846177,3.607032086677795
0.10367680423900083,7.605963690967404
0.20608274826588513,12.616494382618576
0.024360360674563708,2.8767479131448734
0.22841204181582953,1.3404940430516636
0.025735584817653034,3.6050989191311906
0.008540001063693126,28.722251914671872
0.12236968322037,21.48969908083093
0.06709699015436854,11.081486785299473
0.32957371670721614,14.768405025226684
0.04338603229905402,5.308178423538479
0.13096619703890156,18.839900485162406
0.04311825581822859,6.15618430201785
0.19248188523260978,15.729212443997966
0.02020706152825369,8.856710157225749
0.34003206665119023,0.6914826640262836
0.006645015795299969,8.321173159447726
0.0035192169860351896,10.489412435425619
0.02768849399365081,37.79430559815278
0.053267564540192325,9.468948225800595
0.044712547964479654,26.675418213413
0.11065183955957991,7.7264169721184
0.0234541911831343,11.603817666527819
0.16227016209546719,10.857263300943197
0.059668418600267614,7.222173809200807
0.05019323644057749,9.357754726304826
0.003466339707301813,23.950306431096926
0.14250263241831362,24.286408246449298
0.046695227540794804,8.440815230906644
0.003190409464991717,28.404795913513755
0.008686139577321228,2.1026562204880337
0.1452040575479714,23.54470674533433
0.16469388488388859,12.586054874776979
0.022007433526539444,51.25777973322466
0.09872066102866484,15.849400107698926
0.05550483769548009,15.074542432724057
0.07293275736446958,5.107340247151884
0.01797981223728584,14.314736173538043
0.022102341165407324,10.713454160922291
6.939843342479435E-05,26.094494401692526
0.07229687864008838,6.223327920546476
0.07049394514149299,5.310332706815873
0.062492158760505845,15.043823932586696
0.031390070852978624,1.5710560615064735
0.015697217998933866,17.051877650306345
0.2231955193155386,20.124147494144953
0.10214230507489219,21.27447025148802
0.05883017520051226,18.914338407883037
0.24938476986346814,9.529174760730431
0.01912961158137705,11.897878650123786
0.0002972450625406964,9.060441111714022
0.24137940701967864,9.625584960582566
0.07204531378511092,25.159728830821557
0.01082741842969881,14.738221622534187
0.06772027909579492,4.512857668282754
0.015407287155198901,13.5534177729369
0.05222649813060798,20.427316817210702
0.03803274820785418,22.352464812664866
0.22557132456068985,15.162348213639028
0.07043355228216797,18.523895014780564
0.05087148034982647,9.374184067271866
0.10025581202302192,24.658097572542818
0.023789877431681816,23.319680937583385
0.11145360370397839,18.66209851784751
0.13206297310682658,14.529046209030176
0.09356642116892999,16.719279646106305
0.03352472594156097,10.344302249610497
0.07621677738131893,14.986293057953628
0.1353105117764244,11.108389153812418
0.15270049395269325,12.869149314505052
0.05690239777300121,22.87586422126097
0.042912705779144744,31.16414147857305
0.19728421480806446,14.69701548857438
0.04517821327232241,12.87064323140225
0.008018160304857247,16.095278070759395
0.18906166302991778,16.05966783323676
0.010269602146024681,2.1902647332058236
0.010004919948698898,19.48187711886954
0.06481038799381622,15.234310277300134
0.1339428231053148,13.997794813019723
0.04252245819276368,8.491922362352243
0.00960646492029582,9.918190340292098
0.022607988475783714,23.68308092950911
0.027912884177339947,12.363448777539261
0.05282333388231564,16.623897622450674
0.06702735042478025,30.00878962705804
0.13346174042868597,8.722169996857051
0.08338906383596623,16.16014773173796
0.03978661027247199,15.451172627122126
0.13017930607225026,15.043231235905475
0.3263004894031951,13.147557605605634
0.17595853435125264,30.688952691071663
0.02280027395909201,9.159928985104454
0.07374261779062863,3.6550788219062307
0.05839261463029288,20.255611973644093
0.013089304765514953,34.752256000609194
0.054796580542472384,7.225173452750468
0.017177102820483015,12.412535684868027
0.03530067987497887,4.3261138571025715
0.022292795411431143,33.070996603462376
0.47670803258779415,8.850790735826836
0.1062621432959645,24.37405602215913
0.06869546307882501,25.22343091442586
0.11842719844253224,18.0483359952747
0.27391665794493747,11.173307499912031
0.061422135639531916,21.88453537730431
0.3919780431908748,8.473204703991923
0.051583240010813824,28.432217047996993
0.00805507322786525,30.113732503629826
0.0024313529434039083,23.68734518191363
0.12303967197010479,9.846086729993749
0.14756565227605734,4.6379909399713375
0.23145857935196545,38.94370270441752
0.16925198265232666,27.466270032179402
0.11683568784809495,23.40501069219002
0.03650397319484,6.404187449876605
0.04317880399395335,16.1408903038172
0.00428985709919516,4.7378034696366695
0.16852254698454772,14.558565974172101
0.026429216819678913,16.407675698948346
0.2203223450974292,7.4706151582774325
0.0008018118080030945,4.839499227897079
0.1669173114860314,20.791353393348626
0.0566595502368159,12.808973238225061
0.09768720851764101,5.147174012522972
0.17108918586666277,10.809264412582305
0.09292093659973943,19.882507736598125
0.14435021933621783,18.7171999251121
0.01749767161811633,28.3830233590782
0.08138951819080376,15.644170187781004
0.024553663036101625,5.508338137359911
0.4623220091439748,21.94416776107723
0.09814252000876422,13.843459292601931
0.07400156597981322,20.06706338348423
0.06854332213765701,7.745382723996834
0.03654959229749011,18.00081497388736
0.0007603646635629957,19.517467538888653
0.01588039409659814,14.604643601515658
0.13617231845563538,17.32481172225363
0.44541093497610973,13.09341636007632
0.022151135556725876,20.40801445483375
0.04824195116464125,14.696014838482105
0.018979995072243128,23.879456737516023
0.02857920039855344,15.379180523609616
0.04981656846786109,28.927367064538572
0.16962961522642672,13.891757983141233
0.08740340183817352,18.705723482280813
0.009294249475715333,15.235391694326701
0.23025991551327252,7.740651073017906
0.0603116774574346,3.995508693292094
0.05226478585876748,15.795870629853413
0.04576570035573013,17.086696951269012
0.038614368401226784,9.620174947336375
0.21197828225666626,11.460192446048543
0.1255355941360108,13.122683536799338
0.0018953329414443942,16.66797517669401
0.19095681731045033,16.857458279434784
0.14652711528282225,23.16450331778025
0.0258148958213269,15.216568490625328
0.008161874127949886,10.287040085206886
0.21543994058498583,15.209341619063805
0.18391754010269779,14.414042450604203
0.06362488299612323,19.637019751031456
0.0073105140715483685,5.457252703790757
0.16323745458652184,20.11407000497462
0.07854699783183605,8.521644056250505
0.09690689514638962,32.50547826618784
0.03558522584421553,23.105639928075842
0.29685006168546124,5.270574460795573
0.08011445495378666,21.648580369664252
0.18895907143871682,13.800908294265295
0.25566017764236904,22.798168102107297
0.01238166202915636,17.728602393204028
0.016092859558625605,3.668444373328744
0.09623145734360605,20.1845818074304
0.00023052660992561869,9.62208628692344
0.14451063411223686,14.742278086950074
0.0960579679039597,10.718790907225573
0.06731828900842629,19.715705004568406
0.03599996037604569,7.874552984045947
0.08342265944611427,7.520410903112404
0.06959181748931087,13.876378760982863
0.10251510353873527,10.226453204034534
0.03869136847600885,16.909089054895958
0.020572140296508223,30.127310530333293
0.007251349631303583,11.229420638609534
0.10151900436727601,11.528419863822869
0.18005302810308876,6.215825444850692
0.004912435523863223,24.060294277683795
0.08031674323967763,10.63967639903202
0.07237752129412911,6.87730073191678
0.01559779985024079,17.707218304124098
0.07084698220364771,8.306284845823466
0.12414238010154577,13.583261562551462
0.013045368633868293,2.6422025797248643
0.4287271038836593,20.876320666887228
0.010881938939803604,8.646213856830371
0.024034342742595527,21.62682879321423
0.10515444312295585,9.077790836541496
0.13719688199194024,5.8301372900066415
0.014825433468445226,19.004352299006623
0.45537195735579417,12.012145274725691
0.06648271856238352,7.914431716945147
0.03778359803453668,17.233994745187154
0.12130080028003931,16.735778102841106
0.04890459256091617,9.686978376102857
0.018796605992974946,13.820220079234296
0.0011545333500180277,17.711258761987494
0.05789739568677987,11.114142052565732
0.22215883174783357,30.58831609915338
0.41143582455731575,1.8972660726679358
0.004508228452209551,32.08123639962772
0.16080717113715082,5.558985362412893
0.020959423049930592,35.32009034611417
0.03243381383612132,5.068326014364383
0.002793831622966536,8.480274891126053
0.11351207002530828,17.64207860809654
0.2957452223832888,22.756883744744773
0.010516667277101988,11.182122261175758
0.12087256367067312,32.089883751110165
0.017777274231264073,17.335246874727698
0.06677611685501006,16.73288144579408
0.02921484382898143,9.856093089198563
0.023756798685099056,4.743701651606468
0.39705021700842735,15.27229641804374
0.04523395226107141,28.809535677146794
0.04022324259631205,10.803063932964244
0.13599295612925744,32.09334847809787
0.1684480445002805,15.390714958590834
0.05190301998925406,26.310224358447535
0.004757743475067855,17.133130200561283
0.014096934463907473,13.061485177663982
0.03816044813248709,15.168235761332495
0.024203512264023175,11.952454093946637
0.03396504523675503,9.412251618421958
0.03890261886311919,1.7584174741557224
0.1632199982980751,10.734154159079564
0.09296152196446883,6.304844212222991
0.24712393184802295,20.909660813710843
0.008870421503161197,9.878804977755344
0.06779800582364715,0.698758845304617
0.1029731499565969,17.990899059550177
0.1122800854082584,4.4780540808416065
0.17045937402286881,11.160773751531934
0.0009515333759964051,4.7801546092331595
0.04443831616009675,14.286061557560135
0.016083314605225496,5.335917103290128
0.016674076013316608,8.284143337660861
0.29529022639115965,15.95056039007064
0.1318509906434997,28.16084382119555
0.010576636759253688,17.715633248929063
0.1019197620400405,6.369838849517803
0.008671784484704403,6.6897520322335415
0.05079541636951035,20.374971048551554
0.0952439991917231,7.220688676710865
0.6493132462672406,8.42081915584622
0.022592159141595403,22.58323397701083
0.1315355725599261,10.472992977160372
0.15562351242448358,4.504161293402347
0.012721066024710126,15.74986534538467
0.45866337813043856,5.633381223682822
0.049110300520680994,11.243198852594464
0.15371588110565426,16.17090281331534
0.07171013862921427,10.391719192193353
0.06874371716440919,10.51243233520902
0.0834599615445768,21.856725607105737
0.08580934659465811,38.792895880704236
0.10238305855051522,3.2920610324513837
0.13996656786667927,4.4714732999137015
0.21242454798493782,9.792113730920043
0.11117574371121464,11.59124092286463
0.7203624964757864,25.66000226914179
0.04768884254229988,10.857827656913143
0.023110781631260124,21.344682894144185
0.05312771776385716,6.494994910649083
0.05362150013405653,18.759524417978078
0.10681334718873359,9.348063068807958
0.14573688327925538,16.554682474896342
0.008386599076970924,6.5645059619716
0.08170780650220877,10.90201191305023
0.17725965217630346,5.995241647799921
0.3061562287419406,7.283033404985698
0.19951748611754283,3.7802723437069963
0.05428058247150602,19.439975306539417
0.08208140254788532,21.416563879018543
0.142001914431944,4.040100463700606
0.10867273424173618,6.190911245891358
0.026251535547146432,1.5997795731748945
0.01458940020739874,23.87075267940994
0.030939558090437913,8.980136061269407
0.1438085634920867,9.37965220650623
0.08659495459818345,14.452995873593709
0.036340500147446164,16.36611545041281
0.017579497543579237,13.425862913508967
0.055691459614422456,18.083185121306418
0.11652085705327409,28.813346390684988
0.10743594079735885,45.53620000737684
0.05311086137766097,3.94744971229466
0.08126152890690719,20.708627138962676
0.02369251653254878,25.11021567114448
0.22139630018597245,19.617598488985845
0.03511622534728076,15.173770052335534
0.28354011767055454,20.014840343303216
0.0023298596336758237,14.356451831184115
0.06777008869403289,12.758191639564965
0.058678304445095364,15.649731301091474
0.1747000295459884,23.2790014248258
0.009799369050540463,4.494951447551693
0.06675304984827335,20.431972093246703
0.0025031056815691954,6.4543793987144715
0.23611278784687784,12.137454362778152
0.058817122814446066,13.078980928651786
0.060299003866589374,15.66437821492877
0.14472021229022403,29.355108795993726
0.014310569007591312,15.941506221597404
0.20738579545053426,12.942527297233934
0.1269102301294538,17.993627762984246
0.03447266948990091,8.610320620004963
0.102307479509534,16.943045584745413
0.1313777870502122,10.397229567125201
0.08649905737502195,17.126981544691763
0.19271490435812666,18.521951731186064
0.11928710281341637,9.217790688797487
0.026315275896763524,14.129566642613172
0.17652983552159185,8.04819455392148
0.054440555986104755,8.036354725182196
0.5546255140521339,10.965287713749355
0.0473016294450872,16.50113433796345
0.3885894411428694,13.86322284677505
0.060808390247927946,4.395193196719731
0.5622776320405478,2.620626865402723
0.08893681933381004,16.719771731395625
0.2084905521041378,6.581879190538479
0.030658479035651,8.739858794284494
0.030993082727320598,10.393189016844776
0.13181543205581647,31.820179965754466
0.06787523384997485,2.827233218921329
0.05549156773059849,17.571264036233455
0.061860299785962525,9.158007589373357
0.03515224785144255,8.547939080780152
0.02600721645711701,24.429188774862837
0.2712338961175078,7.154839707160596
0.09838219253640546,19.790259323431478
0.0574803087756095,23.824791947845593
0.08306447961336971,11.885450265301715
0.030183388034743075,19.33742984613212
0.19273625690300378,8.37110452595995
0.0699052402497955,5.501309556335819
0.11675555851542185,26.559376699170752
0.0024408488837934783,12.00338407869618
0.0939270184978227,10.175504969919693
0.11627452057257415,6.1987376622892745
0.02705392679047236,4.5647095862710065
0.1293498565032678,14.484737393748693
0.04270349852009758,24.200916634202898
0.023577586178760157,16.224016640757373
0.0563973584827977,16.475306115473597
0.22228339369416972,15.890524260533537
0.09113826837528904,11.092326818605995
0.15628922127024225,2.561370273051854
0.1284349342769815,30.142756491951634
0.1960736173784312,13.060587524003802
0.21674042981715047,12.374298788796464
0.053312583762931354,12.4656074266375
0.014977018359047634,24.098907624078436
0.1813394258944072,3.4400128727171784
0.009700188783540398,21.132876936611133
0.0770255252520542,3.908986436568656
0.16007216937214253,28.557171362293285
0.05305159684786531,24.44622175320946
0.11097506762246212,27.304171658153
0.02159820659591105,17.52075359494875
0.0185479263230377,8.670266520985408
0.07862873241765556,11.258097643698525
0.1746239762745745,24.361872868658665
0.07140141338521744,26.40065289835162
0.2774779116505215,17.82640673875455
0.14461728322351064,14.910023028333617
0.030358917328783264,29.399301277355047
0.022529359995132836,29.974128147589862
0.21521711310896308,25.219874111389153
0.19144765357918914,9.685626613242574
0.03571145942919429,13.136600830447053
0.01682789814873331,5.615609638976374
0.01310043853965226,33.08077536433021
0.0846201752477782,10.549714177503539
0.027610055451475546,4.3209775363941745
0.07536828349350344,7.521261439856509
0.15341142450961343,17.090950029439547
0.005725119984106186,13.301071641258236
0.08645204715145383,13.307715470391134
0.07057259058973386,13.172431815272368
0.06605393770843193,23.370097037623637
0.05992295600657371,12.017985411126858
0.016613405165514905,2.5297758840017477
0.08942760321514243,11.247734527502292
0.10800032234169521,25.437195812367403
0.0382972011872198,25.32602376809332
0.11199209473033989,6.165613914601656
0.027431667951759664,3.503542626572903
0.03320435113391795,12.47198491719889
0.07660783565120255,13.447052290150374
0.07077997433299288,6.84713008550773
0.13783202012660922,22.735138832980986
0.02969825165104112,16.67036068460935
0.013711352442271618,28.60586732319438
0.12976476973716444,19.63603379942314
0.1504752416883548,32.03543012004204
0.04658547926896972,8.379004214540844
0.15028788084504185,6.9518343114006775
0.3695286399286033,11.678128991573821
0.073998555323044,13.680900935913561
0.012205266301350548,13.908038973488273
0.1281869807760927,20.190233869267527
0.1335908147726741,9.932349228847176
0.18100768947698498,4.481551559613136
0.03433056134525714,9.145133519665183
0.11328685628814128,24.360340586763545
0.05993935743890688,24.408034957553895
0.04431437066540411,16.149345735914117
0.0552076404974855,21.549726852201104
0.08914207273585362,7.637511341448848
0.1067023973527057,12.570399503652688
0.027630655047573782,21.536227211781146
0.11070129603632495,16.47575709659744
0.05071350345559722,10.32421018257861
0.10668059932692131,17.888668421176135
0.14266020854961425,11.296094305329994
0.08134624912474919,14.475891179389613
0.07267731991066739,21.75994261176032
0.06581905152296486,17.82825932326144
0.1109012572122765,33.06746000001081
0.013429065227569481,10.153065534320415
0.037758136233208006,15.86083284533343
0.2643747735683064,14.179013255388005
0.20413077951667447,15.635446606200292
0.5174154553763515,13.960350612045893
0.006952420548884675,22.37563220336443
0.19546257562478786,12.225580839041488
0.18631557810158483,20.685934814016562
0.03524965445410544,17.753157400379425
0.05383903716506211,7.631958160313991
0.3039722505222926,16.189569797361894
0.034289267997280604,18.752451982509083
0.01452559307762158,8.68715656027648
0.05093684101098006,6.50996683729221
0.06470217577822268,7.97244607384012
0.14969611256685766,19.948380018426544
0.014164503608299128,12.063849966656594
0.0981265177796331,12.326812889164488
0.011746697249236604,17.30321318881916
0.06502635938460344,23.65888393152418
0.055017370652819864,16.930102870435224
0.17615544251532356,15.741480165653796
0.11907605741930638,23.650204841054663
0.03126135062723279,7.741518305988929
0.011940019761539133,6.430084137642829
0.006639444718643972,10.449063739584663
0.02896049506904319,16.602714349990478
0.11451017871905833,21.169291891689813
0.04378714314395893,33.62045316859702
0.003232958086812232,5.9357641499340055
0.1231347407604062,7.732367946339204
0.04330115158620629,4.871822646910372
0.476788950731418,15.835311541815873
0.24914940712818634,24.749063320034146
0.0401200440409184,22.452237898739153
0.2629305736688252,15.804207557166261
0.05168996622484201,23.245250227129095
0.06794064856615023,35.75199098791336
0.11251002450586611,13.713923544962977
0.12677349825133888,35.05382695739692
0.09567575382214955,5.581194558453217
0.1459094435288648,8.373336431759201
0.05994261100534004,5.202105999825421
0.023770535528285563,11.364014080697233
0.02732039497891492,12.471222710924334
0.0630067512157666,3.367522141072051
0.13336805963962206,6.920411270535348
0.1510056780313107,13.047355113763397
0.004316274356995109,16.682418445097298
0.05484614517655473,26.455767409538467
0.0003356717721771929,11.879427695680597
0.21490400670387544,14.101291536661911
0.05069540586822541,32.18589055010068
0.13048561375143208,14.232055011732248
0.3065217958447306,39.01611442271243
0.09228138725785584,11.503213199094295
0.04234327382431502,30.273383134561747
0.08304535999207019,34.47772884111258
0.039159047645171086,7.195181148692546
0.11626782097272326,8.263018512268003
0.0006523814473666789,7.182033544122222
0.04473062742232514,19.13901055875007
0.1293820744850791,18.44848840095913
0.05259769406410442,24.25384884549279
0.2402052391450411,17.942784474061266
0.006207692141686039,7.685649375024802
0.021593599008895126,4.127251673652966
0.06438132352508319,21.370880250405737
0.204352048776002,15.729549078432228
0.10992855313128302,25.77050668862203
0.09929114454956789,15.638199698055118
0.15723816350794095,9.175449066170003
0.09295369491792371,1.988886474526762
0.17044453511300617,13.133408275698747
0.05924189270234592,15.951671419045677
0.030013350707008613,17.65755499737027
0.09126333574886303,3.27029221134688
0.1785025403119107,8.446522524750979
0.050997713980393655,19.981061545325133
0.012183392047916186,7.9617862655649985
0.08114441692930541,6.906649952571849
0.24503719887866282,18.772774207447917
0.09327084173867206,11.523713215006968
0.2203858208883389,10.6271840152667
0.010044124649766673,16.667086210916576
0.1939863582077237,24.362862055067247
0.007742669629010379,21.13699550229488
0.07551637352440821,12.434722281423191
0.025268760408778235,28.962430066066595
0.037251033639620346,35.335430849439746
0.006690624554266833,20.327683179995446
0.1056507353820848,10.98870218081897
0.08976366753694265,13.410199676433884
0.22483498022694448,35.770914265215275
0.03525866519743204,27.681685611725694
0.029363708047696946,19.760890814973113
0.07546014259287404,21.863287850041484
0.16116915943342747,14.303877429871356
0.02698076122743487,38.27912663530161
0.007106014335136024,7.182522722398512
0.3243072075308646,14.829777365742116
0.15875029863207146,16.05556954045374
0.04142880769961721,12.628257107702236
0.07984703137316274,23.874959159921104
0.0557770285947754,11.774982012928257
0.00983194477385041,22.638203279521495
0.02292284316877158,11.736345995482258
0.27616027091085016,3.1401867356999205
0.009418781342617422,8.98491118240526
0.018572460567895632,4.840269355694151
0.12771602358543532,16.255587410466568
0.02522603335637541,15.375218343629891
0.0993230141112349,24.29108422967219
0.12989463418455216,7.352519837724742
0.0970708411446708,9.676098794769556
0.0700032617224906,26.614123422347276
0.13079316705238853,11.868132485290108
0.0853604291364718,17.439700013826887
0.05392868669980544,20.842924762333944
0.06836693500179081,15.52208635633313
0.08787992731851091,14.2023515611635
0.04542570682474434,4.304352817666418
0.062249462499437413,8.17578479728731
0.08747134146000235,7.792463365576705
0.11638091392211436,6.053599445352592
0.15012527039476709,30.977036706133365
0.012371156842846176,2.0076871349355545
0.20555677464881228,15.818040935862083
0.018215311912740617,4.043055900733523
0.11586332296690216,3.848212337643226
0.003659814602883671,12.660997270038546
0.06679060777429413,24.73379292927167
0.07588347096077541,14.205700215133541
0.08225116226265072,5.633676407864974
0.02083267419391177,5.423935026793558
0.05335526613782804,4.966019445739495
0.17419044748226042,28.078173999685852
0.023775412707209398,16.467632856148057
0.10914075463676909,31.656048561603388
0.13275127775267492,9.804072681365348
0.019558432811663806,8.760557150900212
0.03085894292314606,19.68362201958811
0.014156875981939265,12.889506569326455
0.27153203242176005,23.706322906730275
0.006051147987307104,19.484910187489874
0.02870409761027304,11.08757061023512
0.032925993881860904,7.5109688270044135
0.16190516916014985,9.954511271963623
0.21826692325481645,2.720193283356336
0.02011879558824603,24.026089716620934
0.030931349477327785,17.044875962205477
0.18975340503135385,20.84550801705271
0.028476987850297064,30.303129985547944
0.0023341474172866583,24.685453011568104
0.5396995555379362,36.99431517089254
0.14927699857219068,1.2185640381454519
0.06350124726702688,26.415188577013414
0.09946136392557037,4.673678284582309
0.08144799785304713,24.338526288171057
0.057954058512507345,18.105744951171598
0.07006440840189043,13.748535516501939
0.041072951712635586,13.221275941189946
0.04949919324747043,20.518920625304894
0.07603590369313906,24.799105681815128
0.04169004726730918,8.609847676086995
0.019026434665022407,7.779942517626202
0.12474822020556076,15.120144425564439
0.1359281175479623,7.985621477476216
0.008273940187393691,7.273324920707857
0.01192116203679916,6.266406199774179
0.0027555290654390774,15.138754250890965
0.060341412711693465,11.129934341371703
0.19528919700093184,13.265347785274189
0.006740010940973207,23.976031435977752
0.11356651505406035,4.873692167917685
0.03619782740628352,9.05929767642195
0.06419954055286325,16.285626160149366
0.07868453334486958,8.092976241428767
0.08814346815745466,23.185049376709486
0.44022581635334745,29.82649894715059
0.16012386756835895,24.716552310658308
0.009548185645257945,9.550697044682392
0.11140455385668702,27.33847369785409
0.05831208208365979,12.576082993862697
0.0006054334885448043,17.686229319504484
0.29415367534778625,23.713220152890607
0.03358742965963302,18.19226297007263
0.33197448729930557,19.450245844520893
0.11048143186241077,22.96661992187921
0.044470263905850516,7.943666519106952
0.048842973340697426,20.005418621345235
0.02633302729003617,11.2146392779908
0.14417887652200534,37.22208578130229
0.09402132328239077,16.50439304388112
0.15993077416044343,10.99682139868561
0.18320655108146866,9.380684668678308
0.09711101519383192,18.457535049443344
0.06369411096721933,19.45802171201329
0.033062104941336656,7.195094237263262
0.00479959020339038,18.426599664408396
0.04467997890236575,19.90143532374267
0.04068394659390151,9.815584867780931
0.007304223980327151,27.10108407504493
0.2728709940624299,10.394935241039974
0.04806864636486807,17.234494983992775
0.08852371827464367,23.829387295850516
0.19735208921872527,9.837766561760903
0.11078907105411417,19.322332826781288
0.008327332509736607,7.426293044722879
0.04558365322350255,18.19861554156496
0.12356976293426669,19.802479715463505
0.1730785706229767,6.4885762480179405
0.04960275254194357,18.78205544052493
0.06766216235098454,16.23552988570685
0.09891038095719296,13.912403411249132
0.22181625187920417,17.33472488438286
0.4278087535374766,11.235662080405385
0.03080548301483077,4.86712849829387
0.02950807546977785,21.243113944510974
0.13948724062089468,26.891013338872064
0.007843437994324631,2.4823875629378915
0.0166845729357874,6.959821389014152
0.10134638180159072,25.19384592317877
0.17424070079380272,16.232767758086815
0.029727526863382536,12.800652915673114
0.13905477840552294,7.075693381413904
0.08469495616265021,20.870990038896146
0.1769149709388671,13.911226902751965
0.02108884249065568,14.509546936567327
0.030130812410789076,15.12432419408222
0.016026676914520976,5.826963089639625
0.17877624669682746,22.972649242781582
0.04198338625434417,13.44020250113065
0.09222571365086196,21.077775225239222
0.017919691845463603,13.724008949339522
0.12490353889063499,21.13414104651518
0.15987024665690797,6.897190228229233
0.313885452079262,18.879258220111083
0.07943642853359734,19.234443398797453
0.008641196908001803,4.035291621076502
0.02474658490348247,13.93462356021596
0.28669556877645164,25.983092643338132
0.0357381569848485,23.73440637801624
0.22153555028404526,3.903305288558821
0.11897758314057683,4.138397575948637
0.2687461415673056,11.954227631252675
0.1621760308423177,7.490727375899391
0.5288001297741403,5.537926104082306
0.06086325763675404,8.200637307677205
0.21128497520680867,19.095739307909668
0.038263797785418774,19.307116436350984
0.23802277070427635,15.115687291357231
0.04745805946311066,14.49076696313791
0.04026926268636544,10.077812167357248
0.1385038076510341,2.08697400402502
0.019822043930730615,10.794188535460224
0.18138271360447789,19.602018731202996
0.028257041708570796,11.72451507488386
0.10603091249350882,8.093124657045278
0.03403614259849519,16.8036959684695
0.04337363693639418,18.534918801637737
0.016798881744477967,24.90106656948211
0.02283507642408722,10.093102828242683
0.1796002043299154,19.5423122089828
0.22913095799225403,13.221232615945395
0.11729762388273457,20.10248058968333
0.013659916601682198,16.629164252827223
0.13014103686140288,15.126735936163655
0.0919668537641769,10.205124797261618
0.15420394439911433,8.674488734360258
0.018126446100438898,3.2220055916335766
0.057488292753760106,15.765695995358076
0.14713790978288444,17.284401440405677
0.06938102831765036,25.638031862663773
0.12778775210841786,19.16316446929859
0.01785730266118435,22.720513014646695
0.18656888972805064,6.030081943076636
0.16864693867614733,13.202906662327106
0.3226765493624839,15.87172387830609
0.0342688685626058,36.41732669420115
0.06752694122332059,8.977417356842885
0.0381329999730724,14.804244167091362
0.10454171399345569,8.366519944244818
0.053938428736273636,15.11383804767137
0.01463742176292726,15.738645979135278
0.23344147194251263,25.702054359995348
0.0286577187953867,23.293586180887655
0.1307208532970776,18.57462040270575
0.07474893122287085,20.967489399783872
0.21705105730518426,35.442897460461914
0.23133111041806842,17.931920990930063
0.02272737655533774,20.204725585237895
0.3168678272452894,17.75109276873499
0.01640935609884764,28.767157936929443
0.0012051013866880567,23.00051118619448
0.018968400272910912,19.996845007710228
0.06174604168137421,18.982252019212982
0.29804721932447364,9.93115398451486
0.2486330878082299,21.381995773756675
0.1448024842286486,9.62338063908548
0.09038779654457585,10.71702739071323
0.045494807653597036,19.111494024245683
0.06815030402458433,18.18197384428973
0.033613887870956205,27.789107695032552
0.11850706147026813,8.500298344353011
0.08679626305706734,15.583601796189194
0.0028085532212003272,9.063147243948087
0.6178819682492644,30.23346041193477
0.11917690810395243,10.570213534345045
0.03466745831718754,21.163453683105985
0.06006437647852181,15.673548937775172
0.0278537589761072,1.2471477902273869
0.028338722144212625,22.262766050547505
0.001437529496058687,19.90027411354477
0.11588930459959101,15.944065324840945
0.0818774525638446,14.750625522813
0.018104161568942345,5.607978430977752
0.35917745224111286,14.657932469343532
0.2303012162047935,10.158890876278775
0.11826732082965918,19.07836132655679
0.08369084358071177,20.532313165826896
0.09090314077911898,16.73096917386284
0.04849828738912265,17.736193585234055
0.01814744838304705,3.606986375855697
0.29461745066072353,16.740466683363866
0.03836832001155699,14.461303731464678
0.02932710670893357,15.414901892002874
0.07145492622521488,21.152589458556925
0.2401349712318961,18.97092934090138
0.14337454721345466,19.504431886641427
0.386733439516604,4.112512147068465
0.15537982214596013,14.848292723490516
0.15921324828354955,12.771042850462809
0.014587217831149246,13.61527837699105
0.12344038766121912,7.8261219080089885
0.17014438494106798,4.7830944089339935
0.11007527386652782,22.660875105561207
0.053638496844712336,28.80309439389051
0.13078934044551715,24.9095822588235
0.09927100090988006,9.981704523810464
0.10677400007500637,8.212362057677215
0.03039189466613834,15.912300999797893
0.09554167315855011,22.129963265885117
0.03136371310665709,23.310290868217475
0.07187850616850255,16.48382055947474
0.15675909357884166,15.633624619102743
0.09309465076484003,14.009201867986508
0.07173016005850741,15.477679693068788
0.0041583344142850365,14.411991232538934
0.10932257044368043,28.117842541382956
0.09543112206546311,24.790412142685003
0.07333651363586569,25.218803194190848
0.039988577306871775,14.99782038265971
0.23160516202642611,24.84538109226718
0.06599985596108127,2.9229437681586354
0.2638597922928625,14.972179881193751
0.04701620485872127,9.817783443428224
0.04440392312972108,33.51530167281463
0.1227509942616507,18.001192335970515
0.14674793708758216,14.70686426209283
0.057735524209419964,6.551679454773849
0.501336177475082,9.48254753747482
0.00607150093310338,2.3225473431645174
0.30555109281146997,24.02010924402789
0.019023547461074486,23.582386577125938
0.103057798340501,21.574791484578025
0.19601531835195374,3.316926112616097
0.3636241448422197,27.168552004254572
0.24041160637710846,15.312906786875622
0.0032697228159008773,22.188258741912183
0.23588080807780898,9.344763400829516
0.08425485229105334,7.619337077320784
0.02524705623875434,17.191050720763652
0.20425484791934423,36.08425760838811
0.05965541519128692,13.638202813582861
0.09176283437068378,10.32901734234292
0.03652764719441848,9.007823530622684
0.005752342377320474,13.274067585816615
0.10244687180409073,4.383238442662715
0.001204149893169415,18.144707749753014
0.26788139800714816,17.34632560029582
0.2271241225051881,8.766630189193897
0.0631229252365415,0.33659671375322997
0.05618512607105686,12.196203896157927
0.005954299041206923,17.702677238379096
0.04456998737225604,7.341997168651589
0.17057193714020968,13.691910973657325
0.1319417674445731,10.894679974223845
0.04807307539743988,34.967387394301305
0.2923566627080163,2.989388404289398
0.011026953850091559,10.761467772056296
0.061198074727087715,14.958866387023459
0.0010839661431987224,19.898318384145476
0.41035585164695476,11.519830442501334
0.06114694339731841,18.482641266419634
0.07127685609418677,28.198050401482362
0.07777528219992291,14.658580949603389
0.16781738287670578,12.111608311474237
0.016651470241583866,11.5588123041147
0.009914728195724365,15.823142587420524
0.014103543171302135,13.956537011538618
0.0064079463629695965,8.852760800511978
0.10451966049220118,21.639220788112166
0.14389473593195135,12.993118094887782
0.07980060498812236,30.528950949903752
0.009875267300969881,18.776042501403314
0.43067260448117395,15.583579040360316
0.04393177435349571,27.87003685083523
0.004059169457832468,17.698381773241604
0.022316206641107783,24.93758179975579
0.11279897274522455,16.01934277226911
0.15930285084897378,13.179724913121404
0.07459622921965092,9.107749699428057
0.0935001863028333,14.026964575603083
0.06643761816667393,14.707332569408601
0.03611971224904664,19.637924382048983
0.0016947501780464336,15.909972245085616
0.027548991825312896,13.267499645838713
0.0965436687445731,14.559847716535868
0.057889587462170766,4.9738253665101215
0.04114117834336639,9.428527625628154
0.2935392894505071,0.8874609274387756
0.20069778623985712,33.7200891405052
0.08022125642895617,5.901513914160661
0.001789391185468503,8.337070124091465
0.00896122559839796,4.824147260864682
0.11735159010913776,17.44789176628132
0.052311558792041524,12.463368136827215
0.014324118343608916,5.513371269358627
0.3975576558279954,13.751403881542341
0.17993360514100232,7.098479040987671
0.1968736161910556,4.0393716363112375
0.1219031978557723,4.75408418886459
0.056792530522614015,9.751636908775273
0.11028122715975996,25.320990282918302
0.16300314037556518,6.306608950120353
0.13119397093169027,9.152390063841185
0.2939474973630922,25.365054273772166
0.18470047737287132,18.237517169577128
0.012871121694615795,12.01387000954278
0.037760467054908986,13.102787477902602
0.06759506938499271,6.112653174235956
0.07846907793958735,13.450913204218786
0.015299144220080052,13.93470966688796
0.009951907668494187,18.352392809139623
0.003737492777759144,28.29875582817831
0.051917521550990386,12.775494536852356
0.04102131590030922,17.479327640911524
0.1608733403488145,13.855764085187348
0.13589687360570224,16.699003436288027
0.0016720376183911867,21.195425256468404
0.026531028328577122,11.34921355664395
0.06500116763498909,7.24068326244687
0.24878936931855833,5.700593571197681
0.03755859784541826,15.794974809301062
0.022042725880737635,14.011480854053612
0.1360283066578063,10.23359961139532
0.07135385940296146,9.200719010227921
0.08324586941876078,10.157802183282094
0.07188032231982788,23.411617341150855
0.06689660971807143,15.862493082421704
0.047563474188905275,16.376923001372656
0.03167061515569003,3.0199704301518766
0.07111282532855512,24.547455299789316
0.04102345326958812,7.984446510500661
0.1655344509226211,28.198992378806246
0.07875389721425563,2.673316633083596
0.09396722459115381,10.752218014560105
0.014141122660817018,12.424493452714728
0.030559977699567753,5.173255129938909
0.028694992300984268,14.86179798406786
0.07514631649166859,15.598108156964695
0.24147920257900068,10.208077075905212
0.045597126129337084,10.895846304428296
0.09850948064502063,15.888904897840888
0.019323793222326913,20.638826691898736
0.01076698258509623,17.199679133653216
0.33209008457254185,5.144462863900767
0.27436101292965986,6.2443526970320455
0.03468373490795784,17.599005371428532
0.3021764219967622,12.922362745840948
0.18145959715553772,11.706150117748784
0.13531140378125883,13.269902931920347
0.0005264301935881122,12.913982070973715
0.02231010786101706,10.923751002489444
0.09405048116212811,16.234491951059603
0.015806765646686927,10.934831486737062
0.0313563168644464,17.405887129425768
0.012917022271608403,11.370218383499042
0.40184033518670503,5.8808802120142705
0.22794146512683255,10.870356040814935
0.36764737825035354,22.509535327267397
0.03734619839133302,7.546773281477025
0.01842163500617744,14.505779220958717
0.023745823069248218,13.958477235659583
0.1145964615669186,26.805760347789203
0.1698912662259886,13.117313772075343
0.11616243270543691,19.03942513738494
0.07213048225622742,7.4028807308209545
0.027434226608306744,17.218819726106997
0.007501249104564067,4.806818699404418
0.2176299857200661,14.753129661702662
0.0310762644295437,17.22252306996531
0.047633267323021755,10.163971279426722
0.03985635151917677,12.127518044070198
0.1202464896384754,13.190865351725463
0.07708209794196819,14.591448474192976
0.08724408761366931,2.2029837462566118
0.07876810900529563,9.982674727762443
0.0905405670040409,10.18144180365731
0.060208916444821625,26.191138269745775
0.02693581311854132,11.855406583199317
0.009043167611309855,21.071090334573256
0.12796559703673438,11.805944219825964
0.013229223188545802,14.513895369549127
0.1458594763914789,5.559858753407392
0.05308756438705586,23.97437781794236
0.04307060105747951,19.919957190153944
0.19429888909428428,12.367265213695937
0.0431959245698863,5.539022324790348
0.11525594018019092,5.981149452234985
0.45421564885219823,11.336230392255773
0.039249917136714885,9.613669010403505
0.2882831159099055,12.245982775983345
0.18832114674910372,13.15160922064893
0.11602140825385732,18.423121064705956
0.03406647309998334,32.184118742944285
0.07263441586644603,9.89385587096302
0.003875262523990841,38.223111021392285
0.03454489896034829,4.729102039101932
0.004414505788247425,24.629920194984866
0.02263702229276987,27.498532955696795
0.06082723880433605,14.77240898205716
0.052800619940740035,35.158693031939904
0.3365945760556883,4.254586939556327
0.015768217483980607,20.127985305883417
0.10840969131118072,19.93822231784349
0.034934574908220384,31.668794788569215
0.005899844778696206,10.426742959513374
0.010842031438983213,2.415183886211712
0.1959197690571841,2.1045152534336347
0.11109915104356105,6.167751437203259
0.03590487318638225,11.602677609143573
0.08685484704665214,13.393094041298976
0.11212469457973384,14.22042791756882
0.20977943184800552,34.96948854432054
0.021806719174833233,11.009584866986442
0.16609645674100193,25.72562534262231
0.07710207151137638,4.956926789149092
0.041749797764737195,20.127352263248806
0.061864159895378634,14.3732564093715
0.010274902298306188,6.859585863956536
0.07603564127879281,6.530408738534949
0.16648315269873137,19.705823576442242
0.06106524932187085,18.93955037554887
0.08127802869495326,22.650889636090383
0.12196971175740146,6.339438121199259
0.31361564038462575,15.94895216700899
0.07046765543816491,17.06428192713874
0.08882156150139053,2.823111819225468
0.05457940499604774,19.375083922909234
0.03856687248975277,13.616260119394083
0.015390907555001831,6.715190791807503
0.15746757884352292,28.99518117120029
0.07150581529987221,4.069731801263029
0.03506366429746777,5.24261323604269
0.07633935304471606,8.64288172472412
0.046859754517981855,17.778515966854734
0.022116790031589062,28.351270983118013
0.10240465961283007,20.406928950263765
0.007836379634738933,26.004095544892888
0.12827688977239404,15.069886996046169
0.09691879700608297,20.49505300113475
0.07651244683677305,9.22539849496081
0.05570404463634304,8.21739799998562
0.04491185359125893,11.121745518122149
0.1361668826539244,12.820593832427338
0.24335597941916376,21.36347024314637
0.02559450742074887,23.55164687480204
0.118635262058433,25.807606509842017
0.05134240933040246,23.547231440034125
0.09448414120373627,19.276215998171175
0.3110066068064157,14.369200327799938
0.01549857151701417,15.39231770407153
0.3249356329891384,14.752432785791806
0.028943031167386835,27.145593142583888
0.03884323332385975,6.9896162281024825
5.033353733097101E-05,12.43602574916307
0.2612107312796752,20.83241071301827
0.12804185792924727,18.58041870067538
0.1348241398460459,25.05791048053392
0.05337869737491019,21.76427329401074
0.014959618245825368,10.153420400426286
0.13806404909564662,3.9852378453119996
0.028604359175517402,37.442987687719864
0.037136291665206045,16.183023982267084
0.058179391088572174,20.55327760943955
0.12875089249484972,6.102313781757817
0.004558934351223343,13.484259699711043
0.4046183753415562,18.146993901835923
0.16075626810038557,10.253198682645843
0.05983269620668352,5.704020505193137
0.041210488160970726,18.102915772027906
0.10561482340830253,11.441978362918844
0.19458940426596882,8.268670929636679
0.025595348362116965,27.96552028887202
0.04123289758854298,17.660516545744784
0.02216395779078084,4.875059149315927
0.03802727948732354,12.145845073523006
0.11860897587183672,20.569881203449878
0.00964998537477868,16.48775171181287
0.029877404987928458,6.110452805281377
0.09988138534384916,21.50840233019222
0.12848768850068382,8.484002158444097
0.029292355290408523,7.6416483429072
0.21777179679168057,12.82581967127251
0.49357342252636727,6.491909210320341
0.05757085195307354,1.6662329925314805
0.1390065612157514,32.10072772176007
0.07831780564839619,6.351257848123816
0.05749549980254187,16.23452514976287
0.31566379810521994,10.343251722368388
0.0097785165724531,30.139915740220257
0.09856166730662608,2.964098189930526
0.03451552205098096,25.9688107263099
0.0736322968003833,12.537084204630451
0.19443192536010656,14.87054189791173
0.10553989789008256,11.194990938889829
0.07013358148674342,5.063336737551914
0.027210095945235935,33.67077813800188
0.043424184906086793,11.386648554544646
0.07186311210614349,21.90419783964599
0.13946328462890278,20.28707403771639
0.04195745680959817,17.114113302502847
0.055881833512614776,9.416683163952419
0.03504125373882516,17.29877988459118
0.08158357039161501,6.299003169787022
0.08846979142884948,11.661000058777677
0.07105413108428138,22.80894912312841
0.03650224548380265,19.26586987483572
0.1523624903511518,11.476019061922756
0.04320641217702814,20.22679895870575
0.028219734509491445,10.763395770774284
0.04528203107355466,12.731316930489278
0.012461625089144945,9.985904612414835
0.12540676603629208,7.488684758973232
0.007064624104827999,14.962207444248909
0.1974850798627017,33.710717585588895
0.0010578418523436994,16.87287374668691
0.12628244571260439,4.797545485045468
0.15216830338761156,33.422318955303986
0.30881699454590716,19.114128938845585
0.11302991204769341,14.121671929472392
0.13767951634571318,23.933345354349562
0.003567205480010216,6.93014858472173
0.00237506327380288,7.331878061779528
0.04036576981826556,11.963390189224285
0.0016119927078079854,2.4820801832094603
0.3516942371106211,27.480823664144978
0.048004863057315106,12.095546839387266
0.05041197362112371,22.790632285306238
0.042976675190971036,7.83194302059582
0.041464582098740266,22.720643487515467
0.009758217795820201,10.677965004427346
0.17680401648141242,14.912718785513034
0.18017691520407197,31.028384354290868
0.01537103822664676,35.01413532953026
0.00041404749964613075,12.108310746070698
0.13046910544596813,23.01043623287564
0.11003517934744877,10.22983138295762
0.08461441186545926,3.695957303672028
0.04437309064866213,24.454772233954216
0.029591798709247996,25.48896450134934
0.07277812053052912,8.281156738840226
0.23912566729006812,11.876399010630653
0.030252651545652043,9.042881011410582
0.09823901154612713,15.962997499091314
0.3166428325639572,11.62477334526437
0.012184284166323778,21.45451753624865
0.04926642419025029,12.993805142504216
0.209848333153559,24.501410144626824
0.13638294944746576,7.111272846410227
0.0533545541326248,25.388913750623598
0.07886807537676077,5.556988728941725
0.0467585835498312,23.60742330894713
0.12906706494197806,12.99065111793656
0.016388971717162804,23.08585762721815
0.09622563034270115,17.293828573629007
0.13951935966525753,20.877234747885588
0.31224579427231447,8.819163021448482
0.0006404345549526624,8.21943702160164
0.09671247271671746,36.50477561425581
0.28146699268859265,9.369669906382024
0.1335438896329606,16.43559744395612
0.0288248541561984,27.780294299745236
0.13899286457632343,7.038306918618474
0.10894551851527012,5.567798030003472
0.15349629760373773,3.980584634112119
0.015947761197878663,18.481044956511393
0.02250802037684707,18.99530565924222
0.04693017850348724,6.641829112850747
0.0460517956890385,9.086421080914741
0.049658474147634024,24.688012722865
0.1909323134611327,3.819506103829534
0.1677407392916166,10.847528104847118
0.005204050722511511,19.984094010901792
0.20566469706841417,15.235063487037594
0.13805701240102053,21.9685303787656
0.13332801748754264,12.135759309915374
0.09819315261114525,7.624348787421951
0.0816442682920524,3.2297613518595685
0.10204318827322822,9.40451681136638
0.042396729781785325,6.522911347763905
0.12576651899013314,15.498520994058772
0.006789532419020361,4.41913142187302
0.019075841943049454,10.7387594558609
0.04647446664864674,27.75893325103623
0.12359296609997728,23.463247843493917
0.07280821143194771,8.801339003141866
0.13591828756796076,10.076598683243201
0.19388175448960965,14.88142510992051
0.08465518845082443,14.42302159829956
0.037002029133418546,19.922775271660964
0.1453658242778033,19.155731053502357
0.08177302676324416,4.546624924844737
0.3027823114908301,12.299172607451181
0.2108988247977095,16.25275956988882
0.03404082204315273,22.691128924707407
0.22874090792856805,19.131584570314423
0.021994115677443915,8.129852665414369
0.11122822246130681,17.038814074899285
0.09402760924984932,21.602312578609776
0.054324528676659156,22.298711039598345
0.0493010293205316,20.064595699996357
0.29998236702220993,10.960694758122905
0.012757863973490657,24.93217495592808
0.053928790226450474,21.586938287280486
0.04400219982346698,12.630972553958122
0.04121473908043072,9.87076343352225
0.07364356494036883,12.829600323260681
0.012185382276413748,19.581759241801542
0.010418896390433474,11.285088960442653
0.22860009699218153,17.58345916234144
0.10698354454353876,7.224574679165351
0.020662731909510512,6.7623137945450065
0.011068026238092443,4.952523843647596
0.10992933121917758,17.618326674508605
0.1837175835176481,10.066756056928948
0.010217427322459116,10.28992667957453
0.005100930539811088,7.688088509373896
0.22171596590925446,7.598588538209804
0.07563449906990627,20.13088568610598
0.17455183050265077,12.220749773562057
0.17150239969373615,7.4774987563733575
0.13477269127105274,21.168449585897132
0.004865738445346324,31.600753917347284
0.06435143872687377,19.883182067780865
0.034148593354757395,29.464329216989125
0.02399856265623157,7.905431257161395
0.06636554816560647,3.1667532396853417
0.12137142348893804,4.000149147769217
0.07352938519710506,20.02720366327334
0.08456927620829902,1.7685403168931724
0.025150670819925836,22.086367294321104
0.1825168305541638,21.2829603767846
0.0880006556153603,3.1595110645889366
0.15568215267683172,11.379562278220055
0.006288175321969902,6.997789461460452
0.02536405730995739,16.587414570889315
0.3583044535631643,2.943173603578969
0.027655195287081824,16.02459259833237
0.10145223224373012,22.87153463686137
0.0028591617236770617,31.196380000421126
0.08454468431239093,14.688651548813025
0.1467280413837102,26.34854702797206
0.05207023100143715,15.965491454885202
0.10061096022161564,8.96224678410295
0.14017235161537656,19.49440559455162
0.038005832110570736,4.651773795195835
0.08132954105627732,25.185743329314374
0.08223975512083825,31.043043253950835
0.022034179114484687,23.05358125397733
0.42026766581631136,9.543210325765914
0.09301214662076518,20.172991174229168
0.19380102263755816,5.259867514069463
0.0012701675248649735,14.836952274011654
0.11314699240386972,26.15308918842278
0.0350585937840151,14.968939339636606
0.16732959279704573,8.477278616407343
0.046985356495099495,14.708912132043208
0.12350381265184751,19.29416723196779
0.16861781697906508,11.4735793327313
0.01132391471946903,13.502717043256382
0.09186044131422477,4.8712700014961605
0.4699609938559206,27.59546341289829
0.030076815395432277,16.69812733912268
0.15032503370082395,21.934648139743977
0.1151718593860096,17.520959051328294
0.023090396569500626,9.288648775699045
0.0021982006909979646,5.849845024463825
0.12749858093377497,29.758809247899798
0.3586486533901052,19.306362359305847
0.039481799392035555,10.113773115091467
0.10744707782163232,20.611650285985355
0.01966598838760092,15.467288414268966
0.05065246688491243,7.9001522389918835
0.1158835068775943,9.789108878746084
0.12543991995153192,12.611171139625643
0.2003101549131543,7.824441781025388
0.03744631839271051,8.079739706297744
0.15350164424518198,19.87460267039456
0.004752419337421543,7.509373721977822
0.10525141127669713,21.262005621795378
0.05588730958606902,26.400961423179776
0.09324178225932656,17.76389382887899
0.10825347185613055,18.124189942412734
0.12881292225443985,17.086398153451515
0.036971355603611755,20.91276444171553
0.09776816712741265,30.04292245518398
0.04043274688001475,25.812048063675846
0.25701504765453365,12.299467863885338
0.023721907781180107,8.004613269338936
0.06553062840401935,39.786065391292084
0.004058694448360711,15.465774826639375
0.03311935062868088,7.8201175548702295
0.09984170791102542,23.850648688406825
0.004755764156186615,8.206995503806326
0.46684455490168375,8.389782215023947
0.05441347386425832,8.882947045593577
0.06582481405018825,18.949624518304418
0.054563277257727805,10.417425115180542
0.07648145719531385,1.637207089904213
0.11396550227925673,12.377868354327884
0.042694617037057014,6.011691095577833
0.08102214117872109,24.66577632297825
0.006269291346541195,6.886939694528138
0.07573593177119164,21.491997717653845
0.0008462002920737177,11.719889147387395
0.1461181660550892,19.91562660474466
0.176264967449697,8.040492076258806
0.07140946787052371,24.343956196550643
0.032613704982054514,8.534583368394996
0.01950227487805023,32.20684318693329
0.00616941942359972,9.409388042501556
0.021699779232562832,10.64697251059146
0.015700465888471626,11.40286896944817
0.31041846102141335,2.5221992375178655
0.5719224868189485,17.038430509514612
0.17418385576991113,17.318303085284693
0.03731605128530191,15.243771838925579
0.06009555027685565,29.537174452211637
0.16856161837375794,10.516898154734877
0.03539075758249055,16.853538140934692
0.03575166772623106,6.509913593876497
0.16700520875724578,9.469238891766349
0.022742199626293313,8.436699736663275
0.05721602119558611,1.3839052648056898
0.14498618825604126,13.205659031851976
0.21230748815708012,24.57949643169184
0.1503803088308473,21.06182516317083
0.0933784320394011,20.089954910747885
0.09899029885019672,36.19179893844214
0.08962992446981843,7.781446918749384
0.15848876815795165,8.602447637274306
0.149250846139239,29.25710339105101
0.011527965018274244,21.06900696114455
0.2175928841509176,4.330325975382944
0.0013337544946807611,8.880460770223433
0.029822598533371547,12.545329497817871
0.04997904252780927,12.521571335814064
0.24125578486274435,35.52132944461073
0.220570743012388,4.904241464906747
0.009014496270765449,9.039847299729638
0.008153663627808783,18.93182389735721
0.057090880190912685,6.060403921298382
0.12088990776197761,5.53707828186032
0.08414452659985727,13.633571831970114
0.10510972908696203,2.6956144132868056
0.016561346886135198,15.971857412137423
0.05168395135558512,5.952118999388107
0.3997956556623876,27.533781228530895
0.2091492016606935,18.87283560694748
0.16268988606981338,32.794159641774904
0.010296216640085731,7.823342275119831
0.2538800628557283,16.901690284967795
0.4860884877522267,8.716924456457528
0.14530675413936933,4.194204953668068
0.024669388597828856,9.351816140709516
0.15404293305903138,12.371844714480208
0.018033130955757315,14.622596842046647
0.006728947415524544,31.11143569990307
0.355008165844481,10.05926722420774
0.03231377787079737,12.007075268813638
0.03449138379755823,7.073593051203002
0.021861970916518203,15.774487795799141
0.028239977985663245,27.006246435635134
0.0984311347045832,9.692364117236043
0.014084924346832395,12.542860735546219
0.060843894314473346,17.104189355673384
0.011777191936459985,15.253005295890794
0.2798339933085572,11.202506367392518
0.00030166004330567375,11.723596209273023
0.04797973775976061,10.788086713882285
0.09766773847570676,25.63007633807204
0.05126134435676022,6.298523985418779
0.019792483551157147,22.731620303846775
0.07483207093446254,9.548594881826435
0.014232826214424676,24.056352294453276
0.17655106733479897,15.862553179231874
0.09287647463219173,9.32021912165104
0.09772152791265398,24.583742440212244
0.03861051169798202,20.69244522559565
0.08197558644849323,26.99574212689735
0.060246225152639,9.356580798501454
0.1772612422063844,3.9186713754278983
0.030604930939944097,10.598745421311502
0.031465811823181866,18.750733043120068
0.03412009171529462,12.298176550728305
0.14300416633295754,9.177459478913072
0.15463506340296362,9.912549798526845
0.03794221974055745,17.666866956222457
0.08734209882902633,8.25858580564561
0.11682640275938638,23.49387013351402
0.03934152934459689,23.301794093774784
0.11750388204222872,13.9601888562161
0.058651708360685006,16.289952655996775
0.28562010241984126,30.160793914063785
0.04848560518996692,15.048716838202289
0.04737791820593884,26.21594259466937
0.008996117893389055,5.887211948017665
0.060640916811905754,25.257228901253768
0.02831232558935426,17.184108161418692
0.05009169160513238,24.627857575660443
0.260747537299892,15.651944721756209
0.09228347561167993,22.28299519572502
0.010990412136038685,6.510216630140137
0.0619796356646134,12.645279610756717
0.14497010089883133,22.078661336749047
0.16707050511138277,16.9815837671308
0.03568170143836369,34.846724378685956
0.11676250229515972,8.616352991851628
0.19104932464699687,18.16289056081202
0.01432468901265338,4.567446869858194
0.16226150042695053,24.552940695145107
0.00836680778002119,3.9168831099881385
0.026999239534973185,25.11812937937495
0.24685978428243516,9.54291811135548
0.0276151387275263,19.99752016488557
0.0016422137917402324,1.550038432300612
0.06945078890169043,20.242236585182958
0.01314751192728636,8.173492569390985
0.0762551210770539,25.43562251779117
0.04451000330197985,11.007397393701336
0.06812027864356196,25.41029694092562
0.08211746427809885,38.883930612089095
0.17657365862197594,17.283355556588834
0.12266524204733287,21.08961884219072
0.13882616538251114,11.882777512707921
0.1179219409656298,20.84188153734705
0.46495098597131346,13.533089710528502
0.11716937025602192,34.958482660649075
0.08853021672086925,20.527492988475053
0.07895844421835818,17.9884872609594
0.027195873753839805,11.349984375107896
0.02144538259079809,8.424642309259054
0.1576461388326038,23.09192379273571
0.08592114959145647,7.344669239547362
0.0384373372875757,17.164593280770102
0.007216818470396902,6.616269333877107
0.16853544687859312,5.302849705873381
0.008957585295320314,8.777651741784489
0.09535270633273285,12.950651408299839
0.03418060230512765,22.1793097883101
0.07307655194426843,22.8965824305589
0.030614995379551146,25.25558722358936
0.0934106254549647,14.689579613221222
0.05434132338308473,25.96663323406209
0.05514300586844456,8.417287585527676
0.10825645095138725,8.959455074716157
0.018531046205851,22.138942356012542
0.29390745798366424,11.841769147168064
0.0016911395038619048,23.21872222429822
0.0968948216208787,3.5118481363392537
0.03103819381442463,13.216630285885158
0.03752786734287383,19.959821242348156
0.0072428296311386475,16.05760324397163
0.04705838397632078,15.676273215603636
0.013082064257559978,26.305398107287672
0.25401363569596924,16.50836014777097
0.13589865180279048,3.803673355321104
0.22216772394739337,10.390627484267759
0.16261512295147895,15.22347058015163
0.11669719123199229,24.434082199301766
0.03939901204648777,9.672735659895979
0.1058740240414977,6.938433096689522
0.0009887815406841582,38.14772631633707
0.07935776989262422,18.23411689775242
0.003508767307494054,13.899269943489164
0.10679169397275246,19.056188495229552
0.13399528439254027,6.496926312518274
0.1141438112614992,15.77735796978313
0.09949975684912715,6.707964099101744
0.0193418859669805,21.0132824083871
0.12837619244260168,14.479882704935365
0.03448512744620302,15.345823664368918
0.06522409987678657,10.125668232292883
0.020642852140838386,16.665981412339534
0.008348690083323618,9.527744880763617
0.020985240990967213,19.818587074242178
0.19672215157999062,0.7845190042266398
0.12726229836169978,35.52022515395585
0.3361286666255978,17.036704503372412
0.05421018481132478,27.222005554625316
0.13471767533417278,9.52138672472902
0.2797010342806061,15.3304790684301
0.1640697642477562,21.18548701056525
0.04008289931755371,13.763252273551231
0.1353098059981903,11.881369987371098
0.24647728337311037,18.542580406552073
0.01671735390613094,25.074426179854925
0.06614869780599975,18.45153884958451
0.009447514367309395,15.687534414343355
0.3423507662837437,29.38113640267617
0.2539717137580624,19.321274910175877
0.28597978612560837,11.452912436775385
0.23333038772341297,0.4709255137096422
0.11870739060663027,18.08095952014522
0.0019664447041805033,18.412309989718587
0.04543807506803432,5.130378893873009
0.030741067493465835,30.375070121139213
0.01171684215478308,22.346124217258605
0.15926068294766083,31.594833821289573
0.04004991013420067,10.385751147665305
0.004759648162746544,15.037985810853819
0.31741171698496373,40.595687259591145
0.13971555507339417,8.483910270199065
0.25129479856207126,13.065668616551262
0.18145937833713788,13.617356584409137
0.07446150909208882,4.751414528952928
0.17834086792140624,24.62407831467606
0.11951677611529021,27.395637725680725
0.0931324158385678,17.075564947176854
0.017122802855283226,24.413854436810606
0.11730712906216922,25.845599240965875
0.10960244196621716,12.374823484000164
0.039902528421578154,7.665720873318463
0.21550998947907374,7.101320973911834
0.016126360097700854,7.766654592281982
0.2038362651954344,27.2373839336851
0.048822886112134256,15.989553700631532
0.14198563934002095,5.096660996144497
0.0873345351444641,17.652710611167173
0.043512177515594885,38.38839583255246
0.10859691919307579,1.9823716182606297
0.0026493141337482484,7.992800016007004
0.0701752232207582,38.31898336538535
0.12534545179465795,16.38543773138115
0.03405513210208255,13.343923499947287
0.2897090333171377,11.124553424282727
0.035146677041609564,24.983977579669528
0.016645293620456414,7.502445129000324
0.04022442143786975,26.536737472332643
0.13968562497194625,6.094989113658632
0.030569303731795117,20.104361281444834
0.1622476387885854,15.749908092337924
0.11458470322219227,7.549264655010358
0.21676985059406206,19.113654157333837
0.319052322817015,20.81396816366818
0.5780199151341208,22.534227616806287
0.03314542165099965,25.24778020684498
0.11119544359632982,15.448760298496085
0.03795807241573357,35.397312109668505
0.0749951141124825,27.32458494752877
0.0037372832989035487,22.93853558073841
0.0030726922736334927,12.304175426502706
0.024067392862946235,2.7325563930981547
0.0008480233204863907,9.574920556341986
0.05601169638259762,9.102460886040298
0.1946789549292589,5.27781084594783
0.07798495306673203,5.80148602306796
0.11343199116026881,6.531017591374906
0.11968936723388879,9.575195753350586
0.02909983081866585,8.853306315121408
0.06355484297250769,4.416802531332456
0.04615220270738973,20.560963214828174
0.13726239715293787,28.051367145995798
0.07091123923299847,15.037033888021645
0.062450300549926396,19.061106092992187
0.03821290459484317,8.551284292992046
0.018802253900332744,12.723568973521424
0.15575992527942617,9.599275238201747
0.044103170954997495,11.911374183177108
0.12988137642315678,21.718951809622254
0.0006646285116289619,13.148307092766812
0.0548973898723375,14.355470873797575
0.35419600002649076,10.015831143170548
0.12432170257653752,23.61236953160643
0.06718413356367137,9.658493671807385
0.00603698254911933,9.522096904061613
0.021127542645729136,14.21810256313783
0.007679280468494198,16.387445459579144
0.1739037790985094,16.789546179240414
0.03541385866503788,18.977311790043547
0.05911216846033085,10.17824054807543
0.18464014090028513,2.4384803872002037
0.09543500316254949,13.948555809865846
0.09585422343900518,21.973340680069892
0.07651074018929194,26.64745624885158
0.0341477093593312,12.414337265383558
0.1098737903799929,11.705466426403312
0.31512022833345554,21.906029156714673
0.1893618478073904,11.02178461910652
0.010660987608389405,8.209028475823494
0.051239284435723675,13.594885703596688
0.07803081117060628,7.993622131616479
0.044291624233380844,21.460655783327592
0.08610716328547596,13.154335814493457
0.2085300933591725,25.206715500783865
0.07248066287473875,9.07429267860084
0.2256094265138131,12.579060943200584
0.08595345183886138,24.68959653373791
0.4595932978907058,11.111154485242329
0.16400573003357977,14.257824837431132
0.11518625145350825,8.500103098398665
0.060739853298116486,41.9424161929596
0.06514625250036943,19.062747051084777
0.048100320078674486,23.392726644084604
0.050476867024087824,21.73293269925441
0.1370672664970698,7.542007709662405
0.030046748645304433,8.512545520597197
0.06633292101128063,19.690762341757107
0.0871959186767981,11.200727918432921
0.1395369970909428,4.9775527914716635
0.12580427296001062,1.5489232629367735
0.029004165370508872,2.1159569342325675
0.12333292677493546,22.14034742659355
0.03574879151898358,9.592224558286972
0.08406783512020866,15.158160937281966
0.0037137446773840566,18.956234095929585
0.33819936101468784,7.519469590532715
0.020045358021775428,17.640271005260143
0.02664931335135634,23.868866480936333
0.03926431359667504,18.822326034188432
0.06326646246719747,14.668956478387976
0.09797875030579917,28.106716206755166
0.08761488161530906,9.027615225616687
0.09199007877538179,17.549357809753253
0.003205645055857076,16.29548804317349
0.04365006924120962,13.293218397180672
0.3677203233459636,23.2478396393621
0.03983245540700864,17.00289037231551
0.07518739688083542,24.105474203383416
0.17611358645569908,6.382886928556508
0.04752939684942703,3.361818422094555
0.1486071279929888,21.08241543307144
0.06797785816928581,4.17417397487584
0.1695387362067322,11.127410277968067
0.048531016969434404,5.843355693735235
0.1447533563392085,20.631387820263843
0.09912636338162883,34.53256944165063
0.11230833279734043,12.444506020243553
0.1784759876551334,22.51394397446317
0.016841244074782935,17.849425698788615
0.11493596570397813,16.201740807867953
0.04628724055277189,3.181526294263938
0.17574385438211948,7.613009065629438
0.06493082805582162,10.731576916150935
0.10737823663981771,11.73863966721455
0.25730424175475264,1.3910223546577618
0.035616261136453886,24.38981182262117
0.01857384424090469,21.0860251150536
0.041651915985369214,14.017539302159978
0.048237385768686636,12.580884801369912
0.1030405573408757,18.016571313583334
0.08916713882973681,10.008820229628748
0.026799975109781826,14.958239713681241
0.19624413534711493,15.242073475915898
0.12425749383066886,12.208011206336167
0.09492103710766742,18.121067902880945
0.10236351964687174,8.071089528190564
0.019322924255448015,8.004635941247214
0.030015930073147956,22.276124414311315
0.13665022418274475,7.938691003386962
0.027982754686775024,9.263279970863625
0.33275318016535493,21.03146176482159
0.003142262707115151,13.097497969419642
0.06715475530086223,15.973672777926206
0.08545555434307062,20.58758888338659
0.09217413356611814,16.05085734915337
0.4724576149995414,10.470917102092207
0.19903886871384202,4.5539617163305
0.34070418163389604,12.189171563654435
0.07110186910188077,10.190368700952815
0.19174408132334975,11.174742565368742
0.031061245142041116,27.92904456785826
0.007724227015273755,10.552735250729276
0.017415783895785353,11.648221089065649
0.024852696503046445,5.857340742255667
0.0024517261920777855,15.046482530283058
0.04305879578453187,3.6552389016637368
0.1545438314762464,6.315544532003547
0.10113388811521418,7.1630305937168055
0.30894841261545025,11.930661373969315
0.16105534966237656,23.32038139693044
0.017849852167501012,30.45799819577426
0.10449979970292134,8.393266346702061
0.09363027821569858,17.989348706520424
0.04324825024923484,17.50703830074469
0.018989523170603206,15.265779606434107
0.21142906701180664,16.239017059796783
0.38939364172659907,13.292779461006441
0.07178612171401255,20.147947612208842
0.018253638942042016,22.305405947004495
0.03200571515088768,21.281561522426543
0.2126737289888183,16.327231529606422
0.04700191854340119,29.243962853342673
0.0023261870629767145,8.57463708877401
0.15224591730515158,22.23901239387961
0.17732792096325056,16.87042458818358
0.5220013165467208,24.418956550939743
0.17099669465738998,34.13709996231728
0.25288715579807786,15.68227567344725
0.16421592865935963,15.054161087449284
0.13024404323346062,10.605930420506333
0.04970414508613885,6.261583254616041
0.04321661589926862,29.63275919626937
0.10582862240335089,4.076284974566218
0.3569428633234111,13.530508210773478
0.165383925248193,14.537819535492309
0.052087605519091085,25.14216700840534
0.008157974818573166,8.897826525271109
0.07655409530991619,10.9184606239427
0.0038963617299714315,1.9080411585827384
0.04957442217175867,21.754196811696094
8.747998947455926E-05,14.53348602239395
0.030722123418854608,14.480375517623358
0.1385779361544337,13.158265541313193
0.07334186914067686,25.713448853638518
0.034965582030736186,5.800202839844488
0.17715327984012674,15.156148066880926
0.018666848405814562,18.463905853101586
0.02972009544771481,14.327510177500068
0.02004153295672495,5.6905411022195205
0.07666602362212416,20.32170394510053
0.07721384225351358,21.63542738226686
0.05214725684572841,12.98580908006089
0.34374598701424475,11.891790907845223
0.032222305609252544,21.16753286393296
0.06784553569491436,3.137985010073935
0.2526797688976785,7.813615783444566
0.05429444632363811,14.265166734601799
0.003560500363846586,13.423854175635679
0.027973631201007265,8.66795305659883
0.010232480392460275,20.184917578164473
0.1595444642093753,8.613666602449705
0.06988202391778486,22.41874271033297
0.02659032776557524,36.777066272837395
0.08159364690050097,1.6083844735253576
0.06887816432868021,12.050692703657049
0.04691107495614233,15.588524618182682
0.01494129168577274,5.528480016669209
0.3505573150781629,17.724556134907257
0.0338131425356778,20.11464962428571
0.0609999358063078,8.852675966358651
0.05618153496936884,4.6950580957961545
0.0028794788345294364,12.740722145174123
0.0035093217981057023,20.963154457623773
0.08733946123300029,15.201518332756175
0.11976212682293408,30.028755736565824
0.0009002453869015881,7.877171672742437
0.012262362636420221,31.108749124173233
0.04982036835372128,16.76152038671342
0.32163605597509104,12.609012445204538
0.007246161669627327,5.58682747961571
0.015108201360590101,9.818252972230644
0.13748606638944239,11.353024064581787
0.1359308914805979,7.149367536871906
0.0342355898999358,7.132695615016718
0.058880830114503624,38.814978436617544
0.12044459650974204,5.766204288868609
0.00882481645385269,15.652442192206182
0.03516695971597983,8.607576107058621
0.5584779552261807,9.587616613973491
0.34380952271590104,16.789342713909317
0.01795807849771336,16.76115792225862
0.03297767261778972,10.248835598697884
0.0246180853257556,21.140383290255567
0.018866483149054147,12.996507459951069
0.07844778796970786,28.23131853042956
0.035404222925649265,17.164776546253556
0.02679264973608042,9.397232551695756
0.049545131119316466,13.746693005319782
0.23713272704662813,8.350308477999853
0.05665317282580418,14.613658684610897
0.026369265017933685,9.572284130772022
0.004918307850857673,11.69322744072938
0.07388633915172704,22.28335078853814
0.060603393534051975,15.133672201433402
0.12228178130942524,14.814232976188928
0.09255350655530492,5.392104625264253
0.06365874822017759,6.291687764482832
0.0224205393263901,10.750313799982512
0.07957459257841037,13.022570219463212
0.15698368583264255,9.111869048743815
0.2281071889760824,19.48603346862699
0.13904612592295962,13.107932585893247
0.006434803762090269,13.796992769136203
0.22001460393505567,20.543322280792648
0.04852428503545525,33.55334224042175
0.18357445867115985,11.74163116611348
0.49677857214896903,13.07688079206576
0.20221561187179304,8.054677881995435
0.054361192526471314,11.419945746641886
0.01589304232595623,12.978782303385692
0.005369956139816168,6.9118025030735355
0.044513302140899214,15.702372140083149
0.01774749555602284,17.772023897203667
0.0278106862531331,13.146130867377856
0.01409145034017456,22.565842140513958
0.010021887870721002,11.316166357333325
0.2591772303462676,29.80934669761794
0.15449207367976214,16.40048597314202
0.21253235484095967,7.581010429681729
0.16939030217736217,1.966041723662523
0.06371805902699634,11.189418104304272
0.06810880084117343,5.016604897205634
0.0950589437477447,17.123903730317803
0.08968899709816469,22.047354081771527
0.04150039835417374,6.2156121806890505
0.03432857740824602,15.118017876662607
0.256062542352538,9.069382748144909
0.10938186604778366,13.324548920760778
0.03961570656065305,15.880593330296351
0.08005856647196197,6.446301308702398
0.20610981672041362,29.281471975754286
0.0008545661664811632,13.738474693797926
0.11434308206059995,23.05382301931364
0.36568643453722416,5.68801386136583
0.011631329356077913,8.052097743734157
0.07858516110547953,21.83273725619282
0.11934321574858586,20.25281807046175
0.0046247053685419814,4.154040108658998
0.04269859640521645,29.67154832780865
0.00780581005710701,11.617788732882417
0.059640470071713025,20.069914334949242
0.24417607404097907,13.714199661005214
0.11058608076268683,4.302394208079886
0.12800408140151376,19.166617196970645
0.04570603256706818,2.3293218930121915
7.163478824168124E-05,14.354782997318175
0.016640695895034696,7.186984405082754
0.02290950881081244,12.479409208115579
0.02872000243326056,9.254824633411491
0.022522836134726276,25.049519663232058
0.11507017896383331,13.450125794105576
0.13641421794170583,12.200744837346097
0.14381285490219398,2.0290672981469946
0.37790419289831334,0.6547113560575915
0.022219423487285894,7.08503677843023
0.0938947617987651,9.799342620605357
0.09300368216008792,0.2959348614884053
0.005289462507334974,18.134448249786594
0.17687044638569205,26.11842566341569
0.027607613777377082,6.071885489119263
0.14194575854787672,21.325093081099467
0.07658182132342972,16.094895252807856
0.036605808183026056,11.694531484462445
0.0972710647824897,23.54229132499212
0.02407825282000431,14.338705092908652
0.06783744036476946,31.831423597221743
0.014268618844994307,21.993662701870406
0.024024496839956555,17.390411050736553
0.14400059149863864,18.270519776630355
0.06961120680807653,4.129166907798272
0.5692137160652919,13.250287971379015
0.19404715496364133,2.6188778589591086
0.14579960973821926,21.620904306001204
0.13560908852662124,13.692375207062971
0.27061886973058336,19.008319288013585
0.16170848993340314,12.04424662747309
0.10893507392609081,27.88323706002909
0.2998062374283563,18.656544093170115
0.18947176087988282,15.430391642157456
0.1398332337072361,13.725975688988003
0.14313726567468166,23.235547372298228
0.001453966171425236,12.761551431757509
0.035255855670925484,21.505898399938612
9.440379801617382E-05,6.852910490485808
0.17153311769038737,19.704959492375913
0.09403242802784462,12.75363042491531
0.17821160191226681,20.786554739455088
0.039341203743788355,20.78672724967695
0.06599597277840985,16.21487585684604
0.025830807921465748,14.65332829879682
0.06015178962252321,10.328413575532466
0.03384947412916972,10.500167483053689
0.10395583711385825,17.332803801584856
0.014031494942969402,19.090818114514924
0.028335055203683623,20.216297840666805
0.07045463879342151,15.802831638658141
0.007598127496407869,25.54883932986566
0.013027470946894937,14.744743473116419
0.026424656349604447,7.576950611577705
0.11471382079059822,22.596135846163563
0.037219740197883766,4.20279626295171
0.08059361654841268,14.511579959784076
0.20316639797260905,12.976416002660276
0.01530745944330647,13.255905438033864
0.03531487645420839,28.24510761917472
0.283881982167145,30.331301182069634
0.016331351440612707,10.01932726309096
0.008506948830813599,26.483378122560104
0.07949821058355155,1.022222294117237
0.11005008018003082,18.964941715539375
0.09362023832773048,16.695336328027246
0.2702699276404701,31.049505171751708
0.43361047564246746,22.047689530815866
0.07996779020027134,19.97579904865143
0.2683936781808143,8.874631095818089
0.16564938761314352,10.819814351875667
0.1571730264507778,18.67241589774483
0.13506392262718236,23.544562885731608
0.05196035389656117,8.18369514101047
0.018690127451691296,0.4918959859729447
0.2790416554407784,15.822335835022427
0.2237627415922816,10.042793251443427
0.18089184804841807,11.356779753038895
0.016515539398596957,3.8914944665504727
0.027590730362589966,12.970567144337869
0.01430410254704384,4.316753716157586
0.1379621615292308,18.105739416935506
0.0835581593759116,18.932602124873164
0.1521197810029662,2.9043356471417754
0.1155151984769418,25.829115894610883
0.16351146780141335,17.487805704301365
0.08649995263579058,5.631642359469321
0.05054287893221954,13.243225852856396
0.0654664017675941,12.889804314399681
0.1879032627673496,14.054513617864103
0.02302049831109798,6.631670184269329
0.03342447721320241,9.066397462609252
0.31751678218086,8.68800869847499
0.010232743880351336,18.86817562992113
0.4143497907788287,18.771387467992025
0.009964590345589386,11.986023076861692
0.013434716125175328,10.621549449264025
0.054229527460620375,19.721872911524304
0.2000227470310847,17.823921576434167
0.014093589540721041,12.243214122295685
0.3369338034174234,11.749421718835132
0.020003975446797995,9.333387645602008
0.19297948204552995,27.149111969614516
0.06931124572668068,10.58188832376396
0.12086606479795137,12.707032115108579
0.018183722366188704,16.884709922377475
0.05257343494270117,14.72941789384556
0.0255320891789097,33.771568768233394
0.2026801632785009,29.604536395930744
0.07452406376614817,17.853946762558763
0.07486464489215905,6.494091471029198
0.046365242587057764,6.742883887828793
0.005363920865079308,31.77399515563301
0.0499381686641982,18.99783518231103
0.013553153777934313,19.47591455171606
0.14609660724011064,3.9449984946488064
0.1780330967262671,15.571228052155167
0.08565905131604268,9.953921445930337
0.02776771272363021,22.111839056815477
0.15800371762361465,13.039613455096113
0.03736330941819688,21.028007839697864
0.23079464547799944,5.371494110675512
0.023115094548643356,11.836251201300726
0.0684904519630436,2.939965108571179
0.09127066718610877,7.719721005369701
0.026965683632056425,13.762735811717738
0.29109359074618624,22.295045174818846
0.044141176549715055,23.028962592388975
0.0056563468033346,11.082109745486585
0.11623943025597328,29.299603261271884
0.35258883573044386,19.345383295342867
0.03738825621314845,5.766589542967255
0.20370525350415392,17.394722153590834
0.07655433806201017,20.682551756503084
0.1728566509960956,38.28676717231043
0.11702618469882964,12.040569100224138
0.1766146894809708,27.295229754244712
0.01570618112145894,15.155369149529335
0.07873439144373151,3.470689535213857
0.21749452401672897,12.525335860051255
0.2175056093284411,3.1137662808918916
0.1798171533993127,13.25156050767012
0.053435680744655656,20.72405457959802
0.010359048232999157,8.170066234498929
0.06707894110934376,7.324596572433841
0.3008770943612262,9.42335575480372
0.13176602588328024,13.202753756301822
0.32012575280509736,15.857998528100417
0.09338577038488438,18.694916819124398
0.030995967878197916,6.857454930311187
0.05261590080897349,6.735217229920606
0.026691986018022362,4.099310201883118
0.08206988779045332,17.847319158041994
0.03323798280337087,17.725823078623296
0.039914492936759416,18.39171979885627
0.17909918218924759,20.84212822651894
0.11264024427237018,12.888659195664575
0.0402194683288144,16.25389382182732
0.09831253974971332,22.80576868833871
0.10660645592236051,16.55977038412128
0.013015824605986381,13.432386842752265
0.08269375638883503,22.423072058201992
0.02017203081425123,4.778553762460343
0.05605102826359598,21.732914839611045
0.02451513136554695,6.744401185653941
0.5549171470612464,25.618231973116988
0.04481301544080907,20.642501064777566
0.12008810427039407,23.2150958783419
0.02994177301468426,25.80708196279462
0.17112299111408902,35.21314147980844
0.05823490043064794,21.20452259847598
0.07163131823983804,25.45972226571726
0.07804538927268823,13.023714763526538
0.05409284275629034,8.89512067467447
0.2515028406063493,10.165825700102982
0.07351150501347092,16.753585807872163
0.053620362412743816,30.070607154288076
0.1603053119008564,16.89442471743241
0.06749612178055031,21.420962624022284
0.25742248296057824,3.6999486206801264
0.05122432355528872,28.306415313766728
0.24194966144625596,19.575580260362194
0.06099618492703485,11.979941506453246
0.10438886620590893,5.573536057147543
0.004874497103969588,10.029131106932274
0.3800314297551495,11.286301054630108
0.30586516893106364,29.15073481102941
0.032854446911755986,11.834118956490318
0.14056982505803717,22.840055593418953
0.2729657613895142,20.711086560452255
0.194201856381369,4.8964438112781385
0.022244497742121894,27.13132462558876
0.00478908208356188,22.619272602759295
0.10028826399707214,7.6935330133175315
0.05206621012121104,9.967911901082473
0.13840997419902124,10.367367765943323
0.005054970328615127,8.099646314004085
0.027195453282615745,6.752146070460595
0.004523820342683393,22.263252088391063
0.013308235755630449,10.258879023017837
0.0026445762244975413,12.372765183733994
0.021299683590768836,28.569508662271723
0.15683734156482387,11.01252450106757
0.02367036209386697,8.573917890082292
0.11768509092485147,29.436497324732812
0.0787293674012517,16.30739085458028
0.14055969574485516,5.102288796668215
0.1390001227960056,24.86461681865137
0.02360841850406814,15.56371075464892
0.06162078225906953,7.143359168495264
0.05952170203511287,27.206262801390466
0.028027838868638355,3.5349367905747147
0.08373144316215075,9.593216984219321
0.07278422224806036,15.968514987862354
0.08982301732646647,17.82926590347857
0.08199685157592285,15.73220704613166
0.11837027331296213,6.022045599756344
0.24733229328501238,14.67482223914427
0.015073531339112378,16.42425356200657
0.0504511904375704,19.219628869595677
0.010848933218198908,12.738352058824939
0.002610320946473621,7.949155528295769
0.019845964853629994,28.86146374724239
0.13114603679241554,7.915757862019107
0.23870442840689066,7.871298709904056
0.25442682220125334,9.5232236750672
0.12098393792996376,22.54540729563875
0.044740015480215334,5.212239338622863
0.08531483164017573,4.2930371320819445
0.023855282735212313,22.950650464274318
0.21946598225713387,16.934736855461697
0.027115220199675605,30.375595696084638
0.046809887476797485,2.198100211394972
0.11093368454453412,13.140863042054521
0.1503594606634806,16.019335558940476
0.028555662890767053,24.433510381231404
0.09757455379519797,4.176691171688067
0.20205280124548608,31.90911689006234
0.08096967999779281,11.239775828033748
0.2818166817286283,4.476974794062532
0.02067690143485379,2.0275964271201357
0.22872129394625063,19.995971611503723
0.028683395822099556,25.84269610312882
0.03331941535759597,30.593833980062975
0.009182903217151761,2.384116277162029
0.08896329405695269,15.342524889936554
0.13374499690155517,11.339695151272036
0.0975693033232119,13.250081916678734
0.08367518502518578,26.93230446164815
0.007911914690566846,10.477735857423475
0.0917134419711374,5.173541419175861
0.36321132066552764,14.516581153060395
0.02470113123115425,8.238171675894645
0.25111641158639486,20.496004540470583
0.21082418554851756,19.300959630295026
0.044979854604548564,24.95296111357355
0.12167323953337927,12.029087146441377
0.01656208007807436,4.9133554309630645
0.07799477750700134,30.11623244780552
0.09398924295840061,18.235817320795757
0.06439568864766443,12.787119122556694
0.030579519956631884,11.270492488534302
0.016212434013368693,1.526851221981789
0.06439854253778776,11.350233619727915
0.06412029342232017,10.262621888748427
0.08507821315845376,23.040541053330404
0.17048368238590683,13.769018828623823
0.05967791224759367,17.18833722342651
0.37902824688092096,12.913590580471721
0.0029724371461270493,12.680437965893695
0.1734297211772855,13.384264154801498
0.13146265893783493,5.350935187638883
0.19880198761029533,21.180765897842562
0.04831558031105487,26.519433370542757
0.09799304086470784,5.729550949129674
0.15597083556122016,24.06060421573612
0.12171545386638627,13.028863187896318
0.0009195233569698757,9.61280673227343
0.029122597875357314,16.223706679237107
0.08388224027009983,17.914991583704484
0.004732297921464124,15.610657411130859
0.06476190496243817,20.430720830353536
0.020818209941808163,3.9718221198326313
0.13531103908621844,12.0888801233654
0.08861815637646941,8.637366459200084
0.4425244171633267,8.594066929890756
0.04909850173203267,18.073472925083934
0.15323223752398007,34.78461329943392
0.11692295944533271,22.02526589206995
0.05730265747956764,10.83977696135553
0.013921861766903021,18.497394171948923
0.1753423971782695,20.63539808817166
0.11125674797017382,38.77256853447482
0.01381540046986629,16.664265874459097
0.021946467284351456,8.976939555584808
0.07132058103195504,8.595493370524812
0.0478276375298492,23.767271115877676
0.11692510497596231,31.963681805562665
0.06659937032816288,30.929149892355564
0.011759694448301161,14.23001470120646
0.37983604554563044,11.024833630974985
0.03688458346016432,10.581352729099928
0.006422523307037409,19.5037238163085
0.0012596814849530347,2.1018481167879877
0.0006177136466476441,22.46760950545321
0.029756528601751597,13.73746008816468
0.14889335688485517,21.312099235131473
0.03561748254628583,27.220163014278672
0.010305884460535708,3.510263134106419
0.4056169000442651,6.310484778859396
0.015786990747301388,4.9949243737861995
0.07297675452412022,16.177235243703166
0.03248057163636986,13.850531177821402
0.013868221086681842,14.948012992326857
0.09821020661718194,27.77295423424391
0.03260770868769214,14.017669915098237
0.004312161597908926,16.390385222945792
0.4675031121498705,55.21986377499612
0.3298599198623151,7.645924383266039
0.08708278386882284,17.50967611509891
0.00486478403502133,22.380627867021865
0.1663370390857608,18.347772327323057
0.19669980900710016,17.164263809254344
0.08928417657546106,22.11778755114043
0.047796037248758694,5.216842338555215
0.2123248548069796,9.953738813168192
0.08696066356856136,8.03305595390413
0.06169297534677298,4.844435635890462
0.002633130606341183,14.371583893893115
0.05438682145916118,7.854156677051012
0.09888188208083193,16.604575332678568
0.09578130391344075,12.265722071451384
0.227382076556637,23.83155282580727
0.045493760752037815,16.477739799996115
0.12629318375854837,19.528877817364656
0.041679857572262335,13.204753933594578
0.04641628250590202,4.294430253287978
0.028872614904344118,15.325451695888956
0.011256994841460255,12.97869960715938
0.028107562694231092,31.163854348248027
0.15885604460720515,24.26143805006231
0.007069986848705412,23.80094259719668
0.14561379940914776,18.263153200362297
0.199996868664698,5.810152488298252
0.013063076794992412,25.8252320345524
0.024305482002432655,12.824863845510349
0.11580135068265918,13.993227985294707
0.31684379373223237,8.91836083006938
0.03495091983916154,10.428305256943492
0.3146137691576314,14.286281693202627
0.01899920466325966,14.565823472153669
0.12747934032984176,13.958490915799741
0.08440335139357558,8.833918991422928
0.2338014750990851,6.189048413477547
0.4623520173988709,8.44620691041984
0.050015594532965224,23.80076518376451
0.06364213881442993,15.777584933335408
0.07991504227868518,19.135714232299243
0.04952032046514887,16.015377835603367
0.01973841866015391,11.9862592973244
0.2129913782789572,21.150111290638755
0.04606228035061122,12.286787786743187
0.1450921486500647,7.414449812283824
0.17158997946376076,13.62053335839018
0.11080215239417157,29.280695667258396
0.10416802306508544,15.434066880374818
0.30831619072557714,13.435928278929548
0.01575643534806659,9.479336090138512
0.5481104901796243,1.9598882860095552
0.17988004689470927,14.899311591018192
0.03912496498173823,16.36263890587756
0.028230569623588053,15.928295346635457
0.08073540847544791,32.044672887707094
0.11187138031857558,6.19903604925432
0.1926144993338994,24.644960835519335
0.08700781713002925,6.554556501887013
0.09260712764660184,8.517062472560996
0.004484128537342258,11.290795424541079
0.33832944290998057,30.083459582364835
0.019113203301685644,19.377246015218052
0.27917807631638425,16.644858218902066
0.005429858546904143,18.42109812069636
0.061042020258128105,4.5431630063141
0.04363686302201586,10.843197663901647
0.019315840948706864,29.124048254472974
0.003709548252913919,6.296698770780019
0.00014925355765171844,9.184091327422728
0.08417929307245231,7.4722583034870675
0.06222325711121357,10.627597678600491
0.01954563323124603,3.336385136049673
0.05524324727025487,19.34562637544353
0.05879656208094275,3.9010823060613258
0.16871976551044554,5.2751466839576695
0.004730389580458905,24.442463087980336
0.13667894356569832,16.104549401843855
0.022273710981494332,13.779360682633248
0.2852997589291135,15.856404289194025
0.04930232102174159,36.767055020991656
0.09764999092749349,36.83771668606608
0.16275632698818754,7.30826799893249
0.05286761625859526,9.436713737554737
0.2394091639509952,16.47721114810191
0.24244433855028547,15.996374692979703
0.1681798013421485,10.765092232961852
0.01789930215318236,10.884424276735839
0.3115007763990434,5.470727818231706
0.10029695746015932,11.476656559189927
0.2184715120705505,11.24169979308719
0.032742402168764784,7.554011881723936
0.1677271447694011,13.083776079812145
0.10806550665301984,13.1134263637312
0.11486480218366069,12.22509374785192
0.12516300029597005,10.248673141549963
0.250230942138046,16.164478782449166
0.19261715862319306,6.637046653725784
0.2175792382462305,2.5987723730377166
0.07371326420707192,30.317932748205877
0.02652415807347097,20.905790699087238
0.14543895663268813,17.592791174539876
0.11812941632956608,8.750329788228084
0.0008870392055086995,30.801266099595978
0.16214374877722548,22.918217141023952
0.1694025618306796,8.129297658123924
0.03799294703173928,14.862204134373831
0.08990724708792186,5.998958026596406
0.19901145910114337,19.89129537822835
0.03540548660021159,10.360734810163144
0.13497945766278008,8.282325083431584
0.13948071792208339,12.635067976209546
0.08179383192896239,7.38016110632198
0.09837781911073762,22.528628012052824
0.03843996816760864,11.413382367015247
0.019915651727615113,17.239320566336247
0.47057765892816406,19.1798624754082
0.03981245394220423,14.990324451238953
0.0613609326991309,8.626426306109558
0.05717591172390257,9.863516066574832
0.0733779642744139,15.218030729420768
0.10967684358593033,4.197980088713932
0.06662590364680909,8.901248212234302
0.01762861608631283,9.91856748147255
0.124884267640482,6.016600563752626
0.020386011061873432,33.554152677761856
0.021540896299370615,14.080379926158754
0.0759073739662881,9.933795690775
0.034369672466368684,18.633218731400962
0.0635046214048316,23.361977290600457
0.01832504521496503,11.703882549865419
0.09237826026082985,11.047465977584634
0.033890145111968195,10.57328875723424
0.018890834802164136,8.026395565348489
0.03216341170877968,17.558081853499484
0.159514760715183,9.258475992793947
0.02829046462147744,9.105648508437726
0.331271109003751,8.517467729350958
0.07704709505571827,12.498187146819317
0.007219918549481008,12.122915730144658
0.0067117991386567155,26.350314421977554
0.07167475883352381,6.649539716037257
0.18191472416469878,4.457186264402634
0.030475469644898112,14.763364614154781
0.06443228655518851,10.133776694215019
0.015885302508422683,16.7809098667652
0.014405713802148057,5.886382931917555
0.1000723688304106,3.0059126780354073
0.1778587035939836,25.00445477776776
0.16623956763555725,13.189236052883903
0.23090505255936478,39.52500090952283
0.37388790402656014,37.438274901394074
0.047229554365685544,11.037501432512911
0.04676709902014409,4.340273651797479
0.21849157923645635,15.79242189144728
0.14128458589323145,28.162767380526184
0.37308554515425385,25.84772680378776
0.2624646120905254,9.710314603108479
0.0352406140855237,19.41600083677363
0.027691139417811428,5.541537003925415
0.062191302576593444,24.16100868961136
0.0029769690504508617,28.436936286573008
0.43806241750644404,25.22987414317094
0.06887099297375698,14.528270283875262
0.16699801767992994,24.790106859448702
0.0203836605911647,16.681390520888602
0.06593710402637498,23.459616399118836
0.5097405810463442,21.98857235655978
0.06450128849121484,7.696912896908054
0.07484476005242868,25.27913383846624
0.13253246099623084,15.356762848581852
0.018049615485438153,10.374491309612036
0.018749877270238358,22.093693258414053
0.015674011253736353,20.818664960572864
0.033692236420392874,8.252195393397889
0.12825428696737617,12.466238084003624
0.2671488323801441,12.050486692730304
0.2787672225969118,7.363852716250133
0.14725887213990063,5.079541125098616
0.11052630186384249,16.872825451142802
0.1516369270652831,11.030399046964883
0.10570768061415947,12.050133519574963
0.07091657439093524,21.130138135248817
0.02385292799533545,11.888472049553636
0.29851167913750487,6.936303365727895
0.2921626216001414,18.342958549681306
0.01600934121950104,16.908104062349217
0.09470364177980173,11.354542734682955
0.0415923167793153,17.65369476969054
0.02561317180561673,5.701161106055869
0.0179636083545347,23.38271433868606
0.023950149583356506,18.416063159778837
0.20445894454610425,5.96611709544274
0.10238527613455517,12.269204199099049
0.03547315721311861,9.527221435879733
0.1779598635715729,10.95793439421891
0.014149032753039137,2.8965102565490417
0.305316991321547,2.0745206199450545
0.055009807418855416,16.45371836570731
0.0671932041494756,23.179989203603736
0.1425878974753232,9.374624604453036
0.12439887328559962,11.04350662867152
0.06246627697009899,7.684171187833768
0.08782134520811269,8.628765467888996
0.17530792661921168,41.390629272439654
0.022415078836615976,12.921540363363867
0.021661873110474517,7.831494951117789
0.09318079327965734,25.720582443826117
0.06005161045754903,31.42308388054911
0.07985517954170973,9.697900322085914
0.11871271777658876,8.242856731338119
0.0067066765393519745,7.723725115658321
0.007890729501241367,8.128540404879754
0.11976243707249523,10.108858928800142
0.1805289732554911,5.57102666812141
0.06697249981709774,10.514370189970954
0.07965082455382344,3.6703790472002726
0.04865978457667097,13.387912376549705
0.07688929813707546,23.220510847806914
0.10591367933807305,10.67193611850896
0.013108620782759317,31.170642401180256
0.1888413271361742,27.736485995650604
0.003363286527587661,10.840980908669783
0.06314413892380344,46.19254082371618
0.011782875279436666,20.18380508161848
0.025848751958278626,17.691400282200355
0.13798997384253653,12.573644401327257
0.016217110584307193,18.737005828758626
0.14187613418062028,22.087596575646227
0.012799135785598992,13.305695057377736
0.06554516533003607,6.900617064376907
0.0357536980752684,26.300192851198126
0.012353139593756168,1.764416337325027
0.22844546904639174,19.00649730551318
0.0028029399225033558,29.372052336976843
0.08912048311674425,9.46954140916995
0.17344733378536148,20.818152487290934
0.018912226027055112,9.778694933868588
0.06815185919867872,19.1893739135336
0.015814820055879864,14.135804816989527
0.1425004646673642,9.273914379398015
0.05995778136775698,32.102043180100935
0.21481228641869166,7.881394440175433
0.4842764538444726,9.556689273812221
0.13465558475593298,9.009127679440407
0.1043675733199052,13.557446079017495
0.032859858099300254,19.19829882711461
0.11235995806237042,14.340320814256318
0.015379697333855802,1.5889866628483222
0.028912089558048137,10.595203799524269
0.016881849794344816,22.39216902661461
0.03874063071202727,26.537195547292214
0.03306992072793946,10.030826579444776
0.1358223747969305,28.541298997453815
0.12785125626783156,12.432693777029623
0.03178760526293445,4.451064094312739
0.046954540321394234,11.17885004625356
0.032871737912159915,8.396358971363714
0.05248077887074487,10.413222555967481
0.1127120620964206,18.68346449124786
0.18135367529532687,8.924252221735987
0.12395645233289088,27.170317938017813
0.04054303181112573,15.161582329925396
0.16940739546646455,22.471133919373855
0.10440653108719289,17.096563761746868
0.14303927082119117,22.899762583087377
0.0173256811237934,9.247565896099744
0.06689100653534297,19.16489887315106
0.028420816704965546,4.914639474513437
0.26972464408561336,5.200028633473711
0.028321868607918077,3.0231005754210973
0.35477088606592133,7.590875255387152
0.326493899163097,4.048859568352752
0.10648768140254106,16.65881669680999
0.07103750736257552,33.80018850700617
0.019020053335111697,3.1421927616197785
0.0662742081773331,3.616095105123992
0.03802598588777073,12.344504514438697
0.016127557952017924,2.000422772062556
0.04389633984965258,24.282292497187793
0.03046950843850027,14.5275710815474
0.06170696561719069,3.5372847571793016
0.124481278214148,8.336095441728538
0.019527845784296005,18.034697887300496
0.21219892410715602,14.221861718116033
0.046618161189030616,10.894649311658027
0.026972687655870686,8.298502832051678
0.08120561395980985,24.6905148093109
0.4371101806001434,18.991029381632387
0.08428386745890748,43.904432195664675
0.21391002689813376,18.16354244738205
0.050506831016718934,29.10572628491222
0.1416806834262161,22.54922435051549
0.08444356652125862,10.090222541051158
0.1236376321313628,4.710010677709545
0.0017582755206149159,17.12930871724677
0.1045189927717729,8.408709244541317
0.20393673661078537,3.835988904933311
0.22975054040193754,5.25058861121274
0.01082765821877274,21.36778897928177
0.006035277542764561,13.673462843861609
0.15767117665086516,2.619149218503622
0.10021296125489698,11.442465960381304
0.07484558202452263,21.38282316136405
0.1204635377134764,0.7621668184925322
0.05614130041669796,13.030618565713924
0.11552181509637194,10.35811855835744
0.22042907678110168,39.037146515244956
0.1312596927773484,16.302710598482516
0.028175860447731793,4.88784419557571
0.17032747938571902,28.863020862575212
0.06876680397658674,4.469035170047606
0.35758978904618743,17.94980988728589
0.1807637268898361,15.617674958273277
0.07414114991217957,13.924213233059307
0.2161715114357321,27.555015605942796
0.1720426221671687,21.279706548417586
0.12181098120834122,14.756044231949502
0.03653322598768227,14.6250987932707
0.10217957672625744,12.217026426576286
0.06199105473456257,16.470090142093404
0.32026672644224163,16.91452917820208
0.028585313057192252,3.8574869995876973
0.008947573369141537,4.987343944699895
0.0908491746446316,5.932587163003406
0.10742498797628741,29.44576120320422
0.0932427727977938,31.059984571278523
0.13445398109547568,24.49887627587184
0.6543755551815593,18.63135255482987
0.08974077619848231,19.81406825026468
0.09819025341846555,12.631855544235044
0.18729826639923886,12.465010751705423
0.2964568724318042,12.85470406579481
0.21943669848462832,15.476405179795659
0.01770749591821641,21.336179513652866
0.008399586163136519,4.983837660694376
0.15807115310883546,26.679101785085066
0.09789830497720686,6.313930734703058
0.053666297211748315,6.656923739034617
0.10008802779361758,18.285585861334447
0.06381625376377542,11.581750962929034
0.04765682432889662,18.77832192180117
0.27063036326728707,6.426212821119822
0.20524484515635777,19.322292236788126
0.014044603455886318,21.53247441140467
0.03207043325210179,29.09777770292382
0.04502346748313357,14.996112680121849
0.02043603087520296,6.872678273736743
0.027961546210121924,21.634365046887062
0.023437694523067876,31.7168549381117
0.19287527832375417,20.888301387143454
0.0831738323835225,18.040739351885495
0.08308269772589938,38.468233520461844
0.00939355149637322,17.58562841144581
0.021349550428453767,18.887402778318954
0.07912651791355074,17.726823165584356
0.038080767455312525,17.807834833287963
0.08114506775393693,11.32795619757882
0.16918859324550795,15.815189355324463
0.05853658039620768,17.56198691965798
0.010470793421973212,21.575106196557254
0.023239776796572187,8.640360438778178
0.5684674252862578,10.09443916318755
0.04840084922625465,13.905177088322414
0.5631147994313324,11.11553296216914
0.020266429989987955,30.375545594902654
0.016805421770413886,3.4670707212958565
0.016813807471407927,4.272204086352084
0.18226274344590365,36.4315706399094
0.09625102620827874,17.341122926392572
0.04726989568268891,23.65096709651148
0.04501788462869172,10.559588949678174
0.11571885184150688,18.917915429845007
0.058732606774128726,13.383043799736395
0.09748915694467541,20.12658227403248
0.030955181090234873,11.722974692572098
0.02665448543768889,5.9826460743383425
0.4434960689146692,26.646714151720488
0.03386581009976908,26.351391253005875
0.01713320066482993,10.970188434093451
0.23793420649246855,19.92788680849307
0.19044056867460313,11.365979389571033
0.07478242241700173,12.655100323438926
0.06515207916640975,22.747959238108635
0.031617504571386235,12.748209437224997
0.021587176359616933,18.35344172672719
0.10368997183195461,20.58550881007684
0.03682997445628189,8.182148621178468
0.1723754264901345,33.413318199506335
0.005045499972879952,21.267089391887882
0.11002858670588012,22.32484918573507
0.003129209231929053,15.479790471652262
0.10284272632100055,13.866589240594587
0.1772969510841449,19.21483994099621
0.011491831592024937,15.634575762568137
0.024674403531548705,13.66712640839346
0.1379709894977168,21.098116920144466
0.10396042178808784,18.55783055855523
0.03303807525560387,23.507314300257008
0.1922552118120393,3.8058554334704313
0.07365041135062711,14.495318282743488
0.022863815400569365,2.5475443073669775
0.04454576621026263,17.387068302942232
0.050543425186447166,26.725478657575355
0.16327281409508032,11.2012352576121
0.026940734211393647,17.885345511813668
0.07761149822977131,4.3655632965583475
0.03397819354972853,6.689917025117147
0.015252898638436818,16.632934671018997
0.3012657500271416,13.371020479540089
0.013262223994843225,8.425762899017252
0.07791249359240737,20.266668427329904
0.010244650926210852,33.03464362265691
0.039166917474176444,17.77235930144938
0.07223993836828413,14.492642503928616
0.11407723044771956,18.84060788099888
0.3417143371681277,16.838785931581803
0.010244081972018648,1.3869082423064334
0.016404831510271833,5.77986045270857
0.201425769851312,15.51838727482713
0.07870819233789916,7.93269211598555
0.07276317135585941,9.690065035364988
0.04181031134089608,4.97631501896037
0.057388123087093845,11.095440607123523
0.03415878338773837,9.345589883141745
0.04295349840083418,25.272308822308993
0.003916487274068459,11.780444562570008
0.024408074044799832,1.5180240006817793
0.057847491802135664,20.567763583977914
0.2935488775973454,4.390082271588269
0.09620660266489267,9.203190971108153
0.03190259695736586,21.85449741163383
0.017098124862400255,10.053458784224407
0.006888545217407227,28.106701261891338
0.1581690926259398,25.3592002777393
0.10350951687883025,26.49906393758078
0.12614979727482023,17.71012922272023
0.0007234928358457182,4.495603986782486
0.007094888174265179,18.276154739480365
0.04091466071758987,18.069603240028023
0.13926716830906116,15.039538813833387
0.02837248517403168,11.958854108835656
0.0661834139949633,13.93797437426112
0.03828709951380915,11.240140868981205
0.03691055043805136,10.150187559018601
0.21168968007941658,11.35702591588832
0.11401049844380395,18.721397950005215
0.301922292884683,11.346432941545029
0.028456105556415423,18.56139712516687
0.16021387123180375,31.158078394572954
0.04640819077440028,26.247362796653
0.04652289674743315,23.18933984878815
0.1664351310339498,12.026852238439982
0.00627720203044646,10.217250442273041
0.08693525686089743,6.572712525111902
0.1338646173219331,20.543679546712326
0.08189326577087286,10.38614514251443
0.013228448838958684,20.49838793689394
0.002807678300882799,10.351276612740747
0.3276975630868719,12.943475516749995
0.08081149301312962,10.487537906249543
0.02345470545697026,21.597297082995492
0.058721928061913786,15.086385998777734
0.5808119516378838,12.323199301228017
0.018480706760897192,18.78788294814853
0.34017002793257234,7.400877406204228
0.0033534728722770524,11.616094076600968
0.015644151937635797,10.908789169759151
0.05282001991179186,32.643727448793676
0.00533479082798749,32.64320237052089
0.17875954628641466,29.44777159545443
0.014232890748189675,17.546720110577148
0.11316383318046519,25.32432603196261
0.006697331634313741,12.51209599808413
0.03110418591325015,23.686570555501632
0.0339508773728312,37.564211928790506
0.06832741383959728,13.030227319142368
0.1765770528527355,17.217198791723266
8.310117550536233E-06,18.838458762900384
0.007942139618876354,12.350554779625167
0.01650624541173329,5.3067576658276705
0.01711227008388505,26.18267170109341
0.01276535134400092,8.615709103829598
0.023896055431578134,5.500707055619598
0.00743064517826042,11.571547417489603
0.012193331671710439,16.336999513038826
0.1179011962531149,8.56177552038842
0.18683132223554821,22.864947498206302
0.07867808983166924,11.858998615315445
0.0027042727430171,20.33328663643566
0.0778361558599272,10.095406760783701
0.0675525037989928,19.793812234332204
0.19367677565332997,5.857806379248181
0.03058931991154168,12.030835426510777
0.028330752204169585,19.861503449314792
0.023098816908486697,10.197828190840726
0.004395091467017664,3.6683820356404815
0.14354604102425128,16.437792439468655
0.13706341307954517,20.81783054918285
0.004502400980186394,19.19945084578428
0.16937915230846556,4.465181944101064
0.019620099164853855,21.910742157914605
0.004765984897062481,5.6287592714337755
0.01894750580413529,22.89757381370859
0.11367683788580507,19.945277067310176
0.009844325113363084,13.51849327519428
0.15657837324897628,4.40087160409139
0.000931202781544016,7.866307014179136
0.19626749372253016,1.4959415917040102
0.15534918472292247,12.425140700003723
0.15144911775803394,15.649787882364363
0.010858461140401232,4.153634796435047
0.24758459507768293,19.7913046032533
0.0012447462746649762,18.219203509663895
0.010535389614915402,8.244093987692949
0.06552865541846131,8.439932454899564
0.12731809499814517,15.985864234823296
0.0461726740368249,17.65514876290271
0.005236371977844101,12.925805004135288
0.28673031243772584,9.000244689461901
0.14764798506905663,6.0248762131926465
0.03343828427637163,9.44613599202688
0.09668220869730249,15.031923081394972
0.2027251939218786,18.757551643666908
0.19992480891744435,14.199902592229488
0.009948958263407803,4.4416582412979
0.08402647179582345,14.727782464184884
0.024346964155711248,10.383427362882763
0.2408675674045071,9.22173338070068
0.04103042982126226,31.030069999810166
0.03028928738058312,28.096073147090348
0.04381422817618841,9.741362621717872
0.2397502477577973,12.410234833808172
0.03212398044547626,10.069960208189507
0.05355651665308869,10.813059069886544
0.10022133952213608,14.457909581221942
0.19931949710894514,11.465858398539773
0.07871530353281742,14.372186260303902
0.032213145529226495,14.328498705531922
0.0178389671361856,8.652541948288956
0.23452447669137655,7.762770163613329
0.09435212199662146,3.7793691716737374
0.1924575997931015,12.416455375474042
0.18123238198609215,13.64855776742044
0.1377505893851776,30.356489978981735
0.046502544133318224,18.559330870266013
0.12814514849151237,18.15034539810007
0.000101193070690897,6.151572508105457
0.2866753331711607,22.90530023994399
0.04542115823403492,25.45483678912978
0.05323199074337026,3.6306154806055164
0.11717150064021098,15.703289609361395
0.003841430222564668,2.2130812004233382
0.059551609702907626,1.7255930869567608
0.09287449656483204,12.641375998625566
0.006738985921742824,13.92551921575466
0.25248423385903607,7.127829935109193
0.009834713113946236,12.21485505551813
0.039319137444067565,4.293967773902846
0.002646571763079919,34.134461824651346
0.2589944173477079,8.22067770857392
0.05342853179456597,13.935902634522588
0.09008418542464369,20.3196846340204
0.0187020837278169,5.1307204721863595
0.11281118201316076,12.144542621699111
0.5064555259896224,17.768297899368672
0.13494356382977912,16.7443697383429
0.01568720669990853,21.896419630969987
0.0236342556429463,17.46791710783463
0.20299709357277607,4.527749563028857
0.028572067736718054,17.91328986544555
0.1401053266379222,6.834568016652032
0.17621216823954455,18.45092382758227
0.36799706741066984,22.931869599515604
0.10073472458248034,22.993350250358546
0.3443126257683389,23.24380943791429
0.006663606958113633,18.165874834572456
0.06505960041533854,15.126584863152361
0.15532481164723322,5.819557360506159
0.05625598052881742,13.83031076084142
0.03770896528101275,20.861063724509183
0.14187754802821928,15.479498083761799
0.11323184256036711,14.176843167607107
0.0014771613148241158,3.105207701808368
0.04171275195039925,21.2061609191908
0.10402676499211339,17.408688246745093
0.10162417188632844,12.850542110236109
0.09456755417579643,8.34554993894482
0.1922070914371261,10.505122561281496
0.01529954591171645,11.403385920527622
0.15157994881485592,9.02286883019199
0.0624586366756148,8.391868942226882
0.002878944599501665,11.296346881951607
0.01620066893826788,17.183866869115686
0.07694942042530784,16.526186484527464
0.02899571725356509,22.203381580788914
0.05326286950298709,10.732412066766802
0.09538535216870514,10.009327719931138
0.18096320031793312,13.994521552673012
0.12285950926604983,13.001595709768122
0.036562025346938754,14.192472310120339
0.010804247968621894,15.104674814227648
0.19921608334482244,22.21571164766494
0.0628746149344579,14.816264203828721
0.10194791050173535,21.707960812596657
0.03814140657482312,12.192045130122454
0.02773431675007032,6.4805154924337645
0.1876924633119188,17.86742797904679
0.09545046295818338,6.774179520583263
0.13095118988542254,14.904302058754746
0.16660150886480096,14.784952400476556
0.033054089770757855,14.01069371917716
0.08463793710234313,23.35414685939563
0.023961047556440462,10.720120351428312
0.2556745604204025,36.692676309431604
0.1110567248198322,5.3934339829893565
0.04487912415493156,10.526780350810318
0.2446672941292718,10.63376579484684
0.037888429128997814,2.217979924231572
0.00605015016390098,10.845799363022113
0.030425033341430208,14.493782493603502
0.04218949581070319,10.793705575835133
0.027848437901525358,18.898171088501467
0.10995357960382535,12.065068013974061
0.027476107938127825,5.396094971481609
0.0375730647722321,18.768130753045877
0.14800062861684182,32.66055164751934
0.017183924427286,5.857469786381843
0.21201387826909013,9.918326011574672
0.033773711511116744,7.677907713035104
0.09857733325327445,8.83752722701349
0.14370236270326586,13.329761267597979
0.14316466041793774,15.63342451508755
0.06831955363952602,8.358119750937735
0.10620287680433194,2.7308653636147255
0.09555901984367665,1.9263270921072244
0.09891722725797081,9.77531415398216
0.0681173685329668,3.3049285580277257
0.039231155943525664,5.789935835744216
0.05344905193908289,4.969680834803902
0.21302428960427733,9.139203758191583
0.0942047624952238,15.235168257087338
0.004144069979474807,24.563424608986743
0.002886766920823902,14.293689508889775
0.13434271317623825,31.755127635140223
0.003482878928707578,16.500557316350676
0.2885004545275933,13.83370845747288
0.0038324846912018984,21.377399483397085
0.005875567260886783,31.675374676025868
0.11156666404053794,11.136414752919073
0.22048117954636837,24.52516000801706
0.04089806672425311,12.122978818805285
0.02768043776484319,5.762943735437368
0.006135113404752701,24.55187711382445
0.06980993931085777,27.342832942269702
0.016684281873949658,29.34754117930311
0.07498789079693324,10.137830359428758
0.2406153897849208,6.782909266139681
0.04579150926770126,25.78268289650073
0.07720670334435908,40.22236810735624
0.03452706885616408,12.09219858362345
0.024140515338444857,8.116971033749774
0.4050605303903012,13.463359977185176
0.0744704589083085,16.1890551328184
0.05362960315062537,17.754957937655917
0.248045383882868,13.109759863257711
0.04677670480157303,1.9395871959531594
0.04669206654466507,26.510830362076213
0.087110213381834,9.425331868276189
0.06801140882294021,20.516201869034983
0.18330998548879052,4.777885666232064
0.1403682168136129,13.656186854492686
0.369076712933861,18.120749402409622
0.05040581847742942,9.390865848691394
0.07620652495847935,13.053440984027914
0.020206070637414086,28.455265383026024
0.015752290707496286,13.424320005884285
0.1831123366526981,16.636713871431585
0.12609494193247883,33.66831467391121
0.159201028382995,3.9624261521473763
0.09723069674816998,4.296776133080999
0.03460792061605389,22.821357747692666
0.03208028520816697,19.750289466536056
0.013821016351698745,12.39497072159772
0.10920997717914815,9.9201245619911
0.051515798537138835,11.166989580626923
0.18724508521370353,11.11133148503926
0.17013971286462493,27.412346779781576
0.28479992309701174,11.850834597573169
0.3184004933131064,20.925129667305875
0.01624846134791369,20.903752184304903
0.1180253081090541,14.690933144775988
0.024984194174749064,4.433769291454765
0.021606914338121896,8.447420962591526
0.01572083586165718,6.541597710688548
0.0515176836684077,15.127827488161625
0.10054384076192946,14.95908734606326
0.057532753176474216,31.339644865506354
0.3591949802637373,10.082296838438662
0.003379809242119336,13.49725847107786
0.03989223365192629,3.357916360142034
0.03437399054348589,7.529742111616555
0.14205507141218732,7.75486424003806
0.016128489681022984,2.524950537201789
0.43948774577904715,15.259888215104768
0.09133724396178877,29.00574218790825
0.09137529020142665,20.061096238372393
0.016909491603314564,12.47399375582706
0.025344268065055076,12.53367638436666
0.05528174793698781,6.827280396355124
0.11518504696459786,2.5292616165875743
0.1124987147605907,14.795468306984038
0.16536013228846969,8.179159515389292
0.1741427672724285,20.15776662308727
0.051382821256424904,7.410583053083091
0.2495474036959422,18.824238339926453
0.07716164400244452,27.431496752524325
0.13853480655848216,15.668067549620394
0.0023893210868664028,14.591646846007773
0.10552563921976343,6.831900506743464
0.06180988239850649,25.07151358559613
0.17947180946430308,17.777052769087586
0.042664517449679806,11.670198313798695
0.041582025350408,16.89399498894589
0.17561921229128075,6.979883821657957
0.10995481617555924,17.826552947728477
0.0060871151590617956,17.934232792663234
0.036874120244533515,11.351814820888865
0.02393771074343931,18.519907830027343
0.005619310586780557,13.887374403844037
0.08253960993886267,8.80518466846212
0.11013843677346813,21.68778999468039
0.09675783871682597,14.772271931566086
0.1179841695717414,3.85170643559979
0.2058634119166527,25.68951464605023
0.009932519517292349,8.276186198526272
0.09660537477304842,8.089198012306237
0.14023165566095486,43.415556897501624
0.013598650710832771,24.61429833170653
0.07818700882933172,7.196748793831604
0.05696453805080637,6.752815180558927
0.16075087495175922,15.115924939471462
0.0014630872483394342,21.084605959200243
0.05945490672718279,9.570368534523205
0.03157806264800911,7.527310706065553
0.18405138501100282,16.207835323045224
0.03733489376793386,5.994285329751505
0.16530925537836083,16.128237005469778
0.16335228588457085,11.99833271017528
0.05169704345496484,14.329203515159934
0.22061735928809867,18.910384577556243
0.0975926497068258,10.200991098544662
0.05069340702982572,29.446948561904456
0.2020866601610578,10.131369384326334
0.040154501975962376,17.13886460745572
0.03147087489026035,15.680329710829124
0.043455517244524344,25.174383413166577
0.018641734844663915,13.745291710683865
0.159191702713656,19.020842968377313
0.12874658396458472,25.642381973110993
0.07896213232902483,12.287316389710417
0.1498794972281985,17.959207201933673
0.019280191328334695,19.92010761355531
0.11001464656465032,24.684373992745538
0.06978022341252199,17.907944298072756
0.009677520443801768,27.390434988674592
0.11103117731306611,29.655665839366556
0.038801749560320786,7.6910752466385155
0.11286253201171803,19.378103172172036
0.22564840144332265,18.439198749645566
0.16167367318200832,31.60938903545531
0.3195993735043885,15.996088460461063
0.06505800597676625,14.810779589248076
0.0028564425572312757,12.456267145677062
0.10703035244853254,4.987456315625528
0.01815664640889736,15.111309710893872
0.17097900656972342,6.515845427055026
0.08967598518734121,25.148011193373268
0.0116952673013202,10.494543761642923
0.10134342873629976,7.169851706636728
0.021882412240643134,35.367809045505965
0.061757366492088295,15.653023332234403
0.20032660794595358,47.838723195404135
0.0038985495907581935,19.854311348229242
0.00044816530555635836,4.120973147199187
0.0444002595567099,9.739747458862553
0.005909055257575346,30.135630230149353
0.010636456784595794,12.371530037676903
0.07720420261944128,13.907738000318478
0.0608520361496403,21.524899406367894
0.15479390748384958,19.10310519044994
0.10604009347400734,11.786144987236058
0.016835253490057767,15.197730492149406
0.025669720481232616,8.746721977561545
0.05886485689882193,3.9706181471040782
0.32083461369416,26.092604318261692
0.030856919788220694,10.12265914208272
0.3962890844835556,10.403009955335879
0.016863385772012407,4.4460833959323125
0.006240093806468394,14.830126074127463
0.08788977104643436,13.374760674456002
0.11897338501603372,22.233931302122606
0.023665184625315305,16.87779342983401
0.1346473187867332,14.52074620231079
0.367551665938322,2.4738688241270896
0.08502765694686332,4.102256167040289
0.07830656171029204,3.6603618122906103
0.03169122940278157,10.247328474477735
0.087471487865173,22.450082912949455
0.05710242353677586,17.664774221359796
0.04592481789006797,11.8161250608528
0.3447380674181204,8.028122392836305
0.3456728206772368,6.037964971263323
0.03439314313391151,19.82078769528993
0.3835742326264153,17.86841410116609
0.006739958463185758,7.278544701639604
0.06355661047814465,29.518117168446246
0.009085899533715747,4.199326708204952
0.039684538223468735,7.037331216836478
0.06056935077299386,17.47722695013837
0.012342680867050149,15.336793098017086
0.04071219794127501,10.371518015573166
0.2015081613168377,17.39169170860332
0.03896298945733179,4.836658981987808
0.00881848691972209,8.056151460309408
0.22484997890830982,26.6356859059832
0.10626099629348573,25.068410592634283
0.11715105555822447,14.611920059707279
0.010253633335423729,14.739767121104498
0.27380430344692286,13.624172237666052
0.17941208145293785,10.704645987480045
0.12348972301310823,18.449731580588686
0.18247976707220914,16.86518712453187
0.028250949761968513,12.237245888458089
0.00291508448424338,20.61947902086243
0.11233954349279429,16.929104701083862
0.0698662217000674,13.36374044903075
0.0471304603322551,3.2093181708178222
0.014865448586533603,21.72012575906203
0.12054942884890352,20.744604450044395
0.061991693731442865,13.300244989053606
0.23861077749404558,7.8435154477344184
0.23798911375445186,29.353469229182853
0.2106337909975764,17.05713794565709
0.09318416376754612,24.64400893841933
0.06690102517973173,8.423998012947065
0.22680277654387737,3.3787396010249067
0.0009241349977173741,13.003253457161524
0.046973586701597014,17.87321452005916
0.15697175817535935,24.35907863006671
0.17147234856656723,14.037010313883664
0.2032972826555124,20.792864308980494
0.009955359810874143,26.484611631006604
0.03779091666979184,7.337689578004339
0.04603404948170464,11.6878455484139
0.1628476150527831,16.603411092371626
0.07111966232480427,16.410793413216325
0.05511276221773187,8.090715564687027
0.0643064093137582,10.59748102071528
0.06470070433056208,6.313414960534431
0.11552336256318085,29.860543632753398
0.18662552639170826,22.920874593027623
0.0076359843733371235,22.893227631549387
0.3796205149812977,8.148015699057037
0.16059434643716486,24.948225232216046
0.5733377504371902,9.811679615428933
0.2857992118790662,19.394805408336406
0.2253744718670987,25.16183976408111
0.01996807240095677,1.9441003278910383
0.25470337142235167,18.701533662108634
0.01589917358433013,2.6190340263306893
0.18802908323152678,9.588561598693525
0.005137244969432686,28.732839199838224
0.267889962748427,6.651687531678703
0.02720699333644916,24.562227217120423
0.10065703776922419,24.55822424927137
0.006067210157880254,13.131234550925235
0.13343746807197476,27.050118516379403
0.14815277998150123,11.028019088931455
0.028363214416344817,12.014327923154832
0.18554945014011537,6.421160109080747
0.029095913511241633,13.66083599676664
0.05177989476999301,25.587425621449295
0.1694026344247277,25.76002538539309
0.15821147232884414,32.58716128599751
0.05622936118322741,13.105852600556032
0.06215436009733821,9.892513650979147
0.014316271094912736,12.16546834155701
0.06925205642357923,19.743159607165957
0.2395941708917917,8.176277015001082
0.18996237121211834,20.359519131008575
0.003955686367817179,9.069999734523854
0.07688773925065107,15.391521626375127
0.18985138487346376,19.654529668592556
0.16388233900886462,9.941369528702054
0.04410364673424283,12.028074613278477
0.03848286252275557,10.019243742095243
0.029270528028177978,17.219691968049744
0.21675748540872064,7.4027983717738195
0.0015386109604378362,30.87047437445379
0.13119902067501243,20.526949163424906
0.17597304272726433,18.03053370385485
0.02847489762314126,28.55702974715056
0.007176278957672366,3.778719239399459
0.014619427728803203,19.653757604754023
0.03267442344963456,23.456628138990304
0.008764622611579398,12.462052897683835
0.024101294498677817,8.609735467368717
0.17094265155560606,10.289592437772534
0.061354353454362354,23.465741251586632
0.28613213457674647,13.801231074196163
0.019726111497107013,24.331463937788627
0.19508731978123706,20.24270899956428
0.2744241827966789,13.53628681694118
0.03035149867559994,10.469199256675807
0.03468327472853616,18.93569314366056
0.06551626421571655,4.793949064076372
0.01812909126476825,22.595840647544446
0.11546783100050106,8.27770402489383
0.08929338929192454,12.043895999454447
0.39313574533230167,10.845671271535652
0.044925277514835216,20.07131531983213
0.06441839651984083,3.87809049012888
0.1579193516581654,28.20096869838701
0.06760583178663637,24.276609157220623
0.1598196093793831,12.380563645758029
0.035539628494120734,25.096936610433854
0.00027299541727643373,19.23219896286139
0.11290605632825645,5.634544838219875
0.0361709555163543,10.278493028247539
0.2975220285334217,9.707891353152048
0.009260082034415973,11.518081026052801
0.03817653940063792,17.829977277766925
0.22066292231556872,15.948562531000263
0.016866285468950082,4.777184404163076
0.18008898063169454,17.90199558955362
0.004159106887300368,18.350590526446908
0.09045448435847447,14.119613374881316
0.3385741095482899,4.843925544518745
0.09993856414416769,22.167559573522745
0.02406456554763281,12.985579456054527
0.004287467718540938,26.012776574579725
0.3227250179462544,17.231465124272916
0.0015193994926221421,14.807582078513652
0.10935817579252216,25.308917290693035
0.12617994745903616,16.196466609839856
0.09289305334391429,12.201740498003861
0.003994624855067741,15.268229438304013
0.03105847159736186,12.576624961642343
0.04390190507774605,13.551445130863566
0.14781017742927816,7.338015492546261
0.02869396946971392,5.348839997103715
0.0014681781668741678,21.23708163978326
0.024998779154316253,19.655650288100286
0.03529418496282233,1.9764163807309845
0.12507237774048008,4.773633699554963
0.13347299606516572,7.194930548266594
0.05665180368544043,23.510287435896423
0.027522900320946064,6.640434581203718
0.02992973523589626,5.859978740108836
0.05310023339984582,16.99063880858696
0.12414755432155289,21.335405694672264
0.02068250556669682,27.000119258377648
0.03374276405884302,10.665715185586363
0.08251103434861307,7.200582558992715
0.12565955842921994,12.997042115438399
0.06390914104076728,21.272889022812407
0.022081322926510438,1.0270337858273617
0.06458471043299596,24.47568986878079
0.002146754661112027,23.590791561896385
0.14073996407023515,8.523641864456515
0.10112255754256694,16.607998883766285
0.01679023696181048,5.876198771029339
0.06216861068617163,15.595133099100522
0.023598722755878043,21.747104201434993
0.011118416024487487,12.157911849462662
0.041844589380957586,25.82085230440799
0.21121769585522543,21.289810399540407
0.05434270803846175,17.756611757830232
0.1266749594843759,12.548171179390819
0.11267705214675061,22.333139947220527
0.002963333877687546,9.107461652490494
0.013387355148097413,20.098034966315
0.2818343001810035,21.515061627212116
0.03157489051318407,7.502104225976516
0.26425146573524216,16.81119627988574
0.11485045732956678,13.64340457591697
0.02249554185186753,15.666423784876741
0.07836108499122929,23.063082895003628
0.07356609160035532,12.726240072391429
0.24284535092874648,25.40250245644781
0.15817460082917023,10.943168463755416
0.027709014010838473,19.328601514826286
0.14865643038717735,12.723359180126138
0.06089787984092254,4.36673148511418
0.04733408561753549,24.104917265395088
0.013898148810653765,23.973162086368365
0.002122213739085055,2.5923554817595904
0.23497877406452972,14.261660241422948
0.10435168988931309,31.90374581855222
0.1601482335898936,8.117232102275388
0.118198672146832,4.8918982141580685
0.0941561053946316,22.821951504800573
0.07953587154918296,15.677436325277483
0.04247766343996773,19.134955745209012
0.318666781733441,7.023065855194214
0.10673451286470481,21.939952199588618
0.004526191893319265,19.25626296046221
0.03166869460721955,13.703143709782214
0.14895922969458297,7.983913630358771
0.3763920485852168,5.690396945542833
0.03595335505769981,17.8323551788968
0.027958958382555466,10.955838494202485
0.029576887266216545,17.117283213309943
0.1056425005122037,20.695138069582836
0.2398621760783044,14.58581258972082
0.0839153680265099,2.2009438349419836
0.06820703432299524,7.895821461677815
0.26856482307232454,30.945458310443733
0.0020801105002874465,14.29747316722278
0.0016355417235445202,26.460088566271974
0.06157389764234722,23.505374213591967
0.397143424989963,11.044409644737813
0.11827620387384741,20.358135574435202
0.09517415125890238,23.252579521869734
0.02136816813151654,21.178127461399654
0.06341110199332434,16.31595482594761
0.19261977148119058,12.874395888332558
0.2526844830454138,3.5998496382041325
0.012178144750464526,17.082419608072332
0.4213913060913228,18.471933963713603
0.006307922965902435,21.52266316961982
0.10042883296080163,9.978235138670913
0.020784515350669608,10.346839295177352
0.0460108404552102,19.482025678840387
0.03767582257898994,8.880991610955888
0.0039026246503226503,19.582540007788584
0.07956516322860807,14.941344861803186
0.5267467146626359,32.803537459863435
0.08164023151198307,17.590622972003324
0.022957972659128245,15.828473171311867
0.20703199593401678,25.963570723577273
0.19290850253162262,31.646030538473582
0.09040203526228652,2.3181658367492837
0.03625831577426197,25.01630973670267
0.014932229686110077,10.245675126842112
0.008459402651169512,15.677734397512156
0.05988127948558031,5.979915268909588
0.0687913639017097,19.524783836008908
0.0012747839513167492,24.4981309324736
0.04759809346990096,21.019565460372988
0.348287632875099,6.252181675300335
0.06344661517482564,3.222090180499501
0.0016530516531929607,19.504548983746695
0.2271306037200702,11.376353912762308
0.09663835679759814,6.066343019342392
0.05295941649967517,7.84289745510592
0.007849465272670386,15.169885353779684
0.28372225001101015,15.433964315506172
0.018099332127576417,8.198799206730786
0.0395001009023872,10.911893668397783
0.16792335392938185,18.625356028800915
0.03342043059080879,13.555988141497124
0.2006327260191938,21.15430963101083
0.06722471231307736,2.008848177015717
0.0012277162131795194,15.124740475929359
0.0036140930768624457,42.53033339360888
0.07523501190576098,43.32678311678929
0.3440272297582396,16.619580969561483
0.21343246055812415,17.593241387531762
0.09037058155593058,20.799234513692312
0.02840693510086112,18.325426969435217
0.13386220060476717,8.437356441458093
0.3149054356651959,11.322763336061078
0.05817936392679712,1.4022544548786906
0.0555748438766841,18.874930676146818
0.2068007242294243,15.454044914330208
0.026475594839325822,5.48414317835358
0.10077049221069956,20.980465459481664
0.11812144089731191,9.99565804878042
0.008464505981919501,21.384543539453993
0.1287905913081886,30.33433759463423
0.06362137296298442,9.505540370735945
0.25075904752281986,11.7922600659908
0.06143464173760549,10.797576824486383
0.2778966751857297,6.621795302437389
0.13054618840510557,38.10613033183217
0.03763977958954001,11.09051595077791
0.19121209263823857,24.521491580889986
0.10949637780709054,16.840215997875273
0.009284028654860776,23.19035306371576
0.12400511431883388,6.405332841525501
0.09621414914533943,13.435570640842975
0.11929282348228298,25.099054311946396
0.00018065481776829984,14.375836412040034
0.20358607476202906,17.897151273578764
0.0014717874626057892,13.58203075567464
0.019816055042156222,20.246557158552424
0.09564053816575324,3.492178659002697
0.1581880386301009,2.3175728101657227
0.24016009742001643,13.53537808817995
0.25948181382204893,25.17889638598723
0.025725440679593703,14.115584598196232
0.005601308108907688,6.06511597412524
0.005915371456126195,12.261604237549385
0.3232527377374481,1.8384286359830404
0.17506755395982054,24.408871689304007
0.20639332598545934,9.58029427647505
0.022806241349940137,21.96463577000291
0.15358179707459385,21.83666671902725
0.11428306322989101,2.9685615311254985
0.0707106459718716,5.541582878644977
0.2713228293254133,3.573526044039538
0.12482437715709693,13.678403947471187
0.012290417299027467,14.647537705522842
0.04474505828977726,17.439495960941585
0.050579390698999305,10.937202809226306
0.46064383558871214,16.366288755233374
0.08202028944458561,2.3102356188816056
0.11464040155931343,26.889392847795524
0.007194003317749775,19.238251174924653
0.024965341104348227,7.176826736824692
0.06554820347628265,13.733742083806227
0.20644302602943299,15.098976767288654
0.1162215163418523,9.322508238115363
0.13034269026456968,20.076775681692585
0.11825194527864369,22.574161998497303
0.029388522968133657,20.633571693320242
0.00020430902861789946,17.013757938085302
0.07020571544433096,20.531620064815524
0.2534863310423816,8.541775653759526
0.13420896149114014,8.210750997761863
0.07872062287242443,7.462432657631083
0.20068412718740092,6.791403887447151
0.04191131114237123,28.615394081207064
0.030431591563115035,1.9094369445277872
0.039300844737226726,7.600261818505695
0.07690684995725405,21.318476957949063
0.0836207417892183,9.362700643625711
0.03570490820266059,25.331610944702977
0.03424611705042935,19.585128583930665
0.00014152012158774596,5.705954053912903
0.2097837329590675,4.638902456513976
0.11905412224234624,8.281520362628282
0.12320723344168982,15.91656073078891
0.03801723248852795,7.494602011265267
0.09771418694413114,16.864932419912876
0.06605747607386547,10.338755228056915
0.0001589965527273307,15.440733920022707
0.07738342146808463,13.56020602255752
0.3187094388532614,2.803168601733369
0.050655291983616735,16.78579445459077
0.03740297099204781,8.371284666597269
0.02165684508315735,17.876688445590364
0.5612077506336846,12.642672370433745
0.08751198169500185,6.1931046468145
0.07148316692951084,20.681435788621002
0.16182184657702692,3.6983503021083717
0.0009539140113474787,7.278481760519969
0.30118570886213547,17.106033156830108
0.0670612372400683,22.290059355822105
0.10934832171028575,6.733922699913914
0.04172893509075948,11.892577813364674
0.11389726143715961,15.902028301705224
0.3453046607394299,7.543590525372653
0.16706559611145622,14.49425692216381
0.03637225770671648,18.310211755659925
0.0512697412613079,7.8935353885413155
0.06618915544834181,10.037037941468885
0.029210848268689915,13.565864140310074
0.060033916878523996,8.973904097377968
0.30331409152950073,17.066369909732764
0.009072227342471706,21.329951216072175
0.16365061950682502,19.449774769048858
0.0015521223787118288,2.473944596287123
0.04291299068609078,10.335794752036444
0.2250660411557419,22.720795607627508
0.09311821685287214,1.1065578455361655
0.007330889599757029,11.354753349522476
0.045082293903192294,6.879836061116755
0.027286449718531003,20.869971938825973
0.08032849977098522,15.885273984117692
0.1244822714052134,17.94141712897777
0.02855794826973579,14.10986934771758
0.00798288585588125,23.873515507735227
0.06465205701124432,13.43123817596686
0.029587097374246696,28.599072974330355
0.05251021985588977,16.929365212675062
0.04483402323478458,5.071241879799602
0.007249771743090605,14.508108597432829
0.10482795875168449,25.042174031876712
0.04804947036200247,12.638207973126882
0.03925498332068855,20.928197120698325
0.03751441461872673,19.125763136796856
0.1301278205590961,13.679962200513437
0.09221282379041895,1.0230378174111388
0.1690305469235227,2.9108604895989565
0.06826352159157523,18.59985727957735
0.026796603099342065,30.34856106581248
0.015112821645288932,26.56431248400539
0.0844052667549704,10.804649546072149
0.04227008803127319,18.66118822833823
0.10484174056148277,7.0649337276131305
0.07654783387010866,22.784174083263046
0.03480880051859003,22.077906351890192
0.030095758973061493,9.097905410904017
0.12445734096968408,5.946627689955224
0.060476498241200716,20.246201980393018
0.2843609810347516,17.356111232187843
0.021280667821429233,11.477909109040551
0.2288651814253626,19.904677771021074
0.0092568632229586,8.237293339816347
0.06447627093450592,8.510372289534638
0.042094865931858294,8.226971824534695
0.02123411376283002,4.378474161304684
0.09620638446028806,4.517815242621119
0.10336815641949215,4.6271391476480055
0.14599557298743093,13.9414036891172
0.013142285064986936,9.094307188109896
0.009890140663287639,30.394628707239992
0.05764813089820109,13.480058778506034
0.017112061903048925,10.654140177517123
0.11286428589926345,19.486596835269484
0.017025192433266056,26.47806007517408
0.2819319982726256,19.56778245779474
0.13237229554465557,7.0963792940369235
0.032792092904401215,22.783155141669443
0.0572931138497097,6.372487148746125
0.010213549329023408,14.181846172540881
0.048323089574751066,29.82296323686354
0.02438292428598743,9.090245890530628
0.049252363382152,25.236771339380503
0.019729883363652334,15.300210090157924
0.042413434694708485,9.172087800109669
0.3146093516493238,20.04927905131242
0.0883505221129326,9.368381227219
0.14748701705593703,19.270131407485938
0.024860642984322112,16.29185302394125
0.1731709218497599,16.400996928439135
0.07820745764820458,5.788622664053544
0.03841020350876079,2.0671708262000674
0.06620600711733005,29.50479514068979
0.007080035758690428,8.303242844672154
0.043024115041021105,18.086689985844743
0.019160149386038938,11.888741235716727
0.0433948910692834,20.512026510019925
0.016547225280191924,4.993787647497309
0.0497758344081376,18.826339141252056
0.1711435797366221,9.3878618322844
0.10131734758306266,25.628881681620527
0.3186492922021671,10.65801737259912
0.0981760638525202,4.488990500902635
0.00033556400626366667,11.394923965238648
0.1015691397694809,13.668540375430526
0.23146741960192685,10.493110863782508
0.0029969281449666596,12.126422272272084
0.00627463979390086,16.358995381977593
0.0026386349096583217,11.710583595754823
0.09221837351708473,18.870750784660096
0.17462622079813173,19.274535732027132
0.14427852100709515,18.037530302112767
0.06763188515810725,12.968575287145079
0.09242815113009328,17.079765867791092
0.3448531836241955,16.028257102379776
0.03903061007440556,16.209098188309827
0.09826618523948127,19.742698785255463
0.08441329140862308,18.287507012473768
0.07497439722806121,11.13911362745539
0.07349756179621636,19.50703678888806
0.05677807104586918,12.67937044730689
0.04002626148462696,28.449050140273386
0.06865931964034644,27.09540437694474
0.027081729788051234,6.691353967520033
0.528132233259953,14.291867455221062
0.5496176858317767,18.463026359724505
0.08128774120802973,19.473856411130935
0.3456912736810409,31.29517560008669
0.012995443789691308,15.497694425121098
0.0564261290480772,10.769667362194234
0.06766724225292364,11.766936390022398
0.09773213973119255,13.135627385183168
0.409087396361997,7.890086765388346
0.061230239533301756,27.556988561323735
0.0018429781342774731,5.494591316402326
0.21812132556908637,6.516377607619246
0.27027273765429527,8.899331728952868
0.05302558258506451,4.4085956272681015
0.216565068567661,12.99107599109687
0.020962510256936184,26.17761663102441
0.003536931335020199,14.262824579183297
0.018689645807171473,13.664854399006103
0.16428924712556636,12.412546357575055
0.0522975943555366,10.466313486644916
0.29301233472676813,3.1706572368348547
0.3187356796496488,15.0056222546126
0.0050558904569015795,27.20416580489584
0.005023535663667644,12.854066174103313
0.11232456599714169,9.941680003690966
0.10604343999591492,7.77139430005905
0.3917699020962573,21.34517885221281
0.023009902402009175,20.00049704933435
0.03807146507926973,4.531210026090136
0.055206472171789756,21.255456396852882
0.03484929717853902,7.239265225062666
0.017855343142173297,2.8087030100279287
0.16808579801147516,17.147477824365804
0.001490371741283525,15.818367243126586
0.027976424130770283,13.342623489343374
0.0005640513439857386,13.512081425300329
0.042049692809996486,27.141976485044335
0.09481699423542977,23.360439315606797
0.03473256216182108,26.05718282078366
0.07328197646143053,11.604122466014262
0.026825715087170465,5.957023743605163
0.004383601763606748,9.829921274338314
0.07865001483696688,8.09786335507407
0.04956012215961891,6.605108279035326
0.07318346123975061,9.34318469430395
0.22641041118220073,10.717021769385475
0.15093336257962164,15.91405580639303
0.1648791417906068,12.159748569292367
0.05608889964594255,15.120648856437672
0.012913763872234085,12.093720479983466
0.2178470081338446,34.79705771234459
0.013709561320411012,18.978585280621104
0.1321432376392977,7.371386266346344
0.020281022170820506,27.63784747775348
0.09698273244282518,22.45103451407117
0.018546718742186385,15.139560791339754
0.13913888747458714,29.526996295279478
0.06376974977013106,11.062196453159691
0.035265691363406404,12.359157539663515
0.012393072106078762,9.311408923778748
0.008615228878966263,30.338396664426014
0.09498326217521935,10.052215422659081
0.05649974329810448,10.426830583558782
0.14573107498426907,29.324004225374434
0.011470723266711502,4.260994051859383
0.01842187859870137,1.700117611147281
0.06690120841142289,13.943864003132388
0.027838405491706908,16.453727381529333
0.354792315828945,24.845888179887016
0.12344090139572472,22.36258281008626
0.141666541107611,8.929574974556807
0.2422316034691221,7.3814159994149575
0.035152287560208606,18.12240327983546
0.020791068667904256,19.304547283658383
0.2893126263305703,11.522677508197505
0.02853832693210734,4.157324843733233
0.190566740463737,17.418053252192014
0.026242598397857364,14.140434461087063
0.08249581157463126,10.43146918439738
0.07842338662703696,5.7327404609175225
0.055999365451157246,17.77496108992899
0.0793229252991523,11.41253172508941
0.06796323655146352,18.063074210006484
0.14309253146086576,9.382009950982777
0.05130024458333082,16.89921879800696
0.046381909941260346,4.287499279648472
0.07938672989621409,10.235763622414888
0.03064464760359442,34.903249341364585
0.011408674779545436,2.24097557069843
0.14502194783597133,16.16299359953733
0.022863308253477044,22.02246813679565
0.04501136576402587,17.62736859361478
0.0785357276358809,15.139960451015085
0.12799680019111292,15.416826867491787
0.019417613004634404,3.4453439546424627
0.09791906557802577,6.953569065728649
0.1323656340796333,15.405184483455391
0.044617922580073355,25.74145187143048
0.054367538350675204,9.475370452454268
0.1188112672537045,12.59946045636358
0.006322358569491371,2.771958986218679
0.1074767694321963,22.820752675904554
0.02648621960190667,29.795364562222783
0.0652532130191048,7.089922293200206
0.042215813066150076,7.165720107210049
0.026363280687860424,13.383175240127594
0.23040439059445816,9.276326864273287
0.24844088225518135,4.4747843502877584
0.2393840262431013,20.911829210483916
0.0704153403090686,15.368395479402645
0.330927095546258,13.171254970706809
0.19690994973700526,3.4043516716596005
0.017436769070968694,8.644116837531337
0.20505854736211404,22.31769338050721
0.12472781521046272,14.109323294385884
0.017283356141774675,22.841433753862493
0.009969941778649627,18.546666170696955
0.027980428483715514,24.10239376479804
0.07615771189909992,5.8791407672759854
0.14682714211483017,20.548320228713504
0.09499476117616723,28.457220612111566
0.3910329827458554,4.996306846829941
0.060593944304741854,16.58000632584082
0.07538413660358856,14.449839396208455
0.08735644720059099,25.425712720822478
0.005563568776324246,11.27907862286598
0.002289573519078658,13.407529610811366
0.05172171893832456,26.90414119482517
0.14745995708585724,25.05297704036413
0.04605759196613235,4.9123490971896775
0.004014387172787792,3.758875633193565
0.1286951283060489,19.849544328429438
0.0291167104159058,27.72623850635947
0.1584113621651113,6.46247721683699
0.0642241362970708,18.161231157395285
0.09305081622323996,9.363360428684002
0.043851506778082694,7.033759939937085
0.023311439495842023,19.901028872184263
0.029935409627228182,3.63569040664718
0.20230659227820524,20.32234025650386
0.07762674900516231,7.259467035145171
0.007463209025786455,21.844102969747972
0.22975288844338593,12.520960808151234
0.1321158301768719,5.462090591659738
0.512357765202637,22.473727188785833
0.013806556411623205,8.289216083190334
0.047423961642721224,2.801852926936976
0.02718258889126446,19.75434007669616
0.077304270240802,24.51751306380644
0.030659849157927965,29.136772343066387
0.20760703944301895,27.84692301758976
0.05349529381658158,18.567957462690103
0.08674485343590277,9.412200354587252
0.04564751405894185,7.012888253137714
0.006727105481331819,22.055791506814874
0.3571344290255638,18.862305987930903
0.07703207115275745,14.654488766500437
0.2241303537470003,15.028162649203479
0.043219997032565516,35.61580537580303
0.06089680757054339,20.95184850692559
0.013943684167884385,9.329030609641665
0.025429838832451424,33.6324208634045
0.095527748360837,20.53210864431949
0.34932062695509103,17.48844638745717
0.06332262497755892,18.845086989320773
0.014754115463460948,7.580284444066297
0.02207460028182595,23.374486770336237
0.054775217566316314,1.9076381809293403
0.24802374322825926,6.204086274161906
0.030337668576635224,15.32782220073107
0.04794660035997822,4.340908449969029
0.16999170171629885,23.651888397779736
0.07158699360513765,24.04775433944488
0.16641583318244102,21.653861952405975
0.23685235742357236,9.55663610300411
0.16293149320506473,22.227145454178444
0.026442725562787928,12.360871040260571
0.09299162516867909,15.807668632728403
0.11430228193592029,7.2118304025393725
0.024511524812169228,12.610604860872385
0.13967309230622504,12.177354934025693
0.03852564327564778,14.133542864701374
0.014619618523056488,14.030301887943807
0.05746617716590663,11.963499804647316
0.0007747452290232104,31.98367708992808
0.049045448871424924,16.194922163234207
0.01822487708091103,9.09024328022001
0.04351643768723079,14.040982583389317
0.10463419844529653,8.389383073973287
0.012406167141648439,0.7910718801795946
0.12771037967127086,19.6818591093715
0.05878346282338498,23.880736243780028
0.030660271574902254,9.493131412181754
0.06550824296982682,11.273625197637118
0.4700838944096404,28.43508123383269
0.31951328234617904,24.420268072202997
0.06625468263155199,19.434112648453358
0.4241688278756328,7.977279480074049
0.02009357269582779,15.339407516044062
0.016139184353960445,12.3341586996936
0.0450036241259113,27.08571384739117
0.06096043267882578,27.36732138630894
0.002268754832130071,15.761408218094221
0.06739096627507024,6.220069491025068
0.009903129851409176,21.24127144765326
0.029045975233543686,13.204451612366698
0.028368983315886,11.97187711725919
0.25542920597035845,14.922459032785467
0.01265134625907649,26.969867492478386
0.01495258454156101,9.605444838429907
0.010577776080367585,9.755097134036545
0.0021165365986917095,6.112610098719268
0.08788329261096806,19.54543523464146
0.09216723004328742,2.4178032104511873
0.015935398485339647,11.835137164877361
0.16030840126484236,26.091771718912078
0.007807231201354625,8.487857114395776
0.04025881231916628,12.652988137211217
0.2097770845374498,13.667756381033957
0.04566433421769034,8.365093917352615
0.00028370601512506255,23.740495192883955
0.0007177638799475972,16.831665884063433
0.06192108602670032,19.438554162172505
0.08536179979853387,8.165925418501972
0.12387281714313758,7.850653177271854
0.10463088191488623,12.479157489326758
0.11218353965114147,26.97206485059627
0.0154405145376586,34.77409211407539
0.00902135699379869,20.695525737793407
0.11383322808819685,11.907527233979275
0.05961815733405729,16.63036771450556
0.15564416158372296,23.358482152057903
0.19694332749190835,12.99125709133001
0.15129169096201167,13.512279418114597
0.0007940874246514795,13.21648915468797
0.04403728608917845,19.059094670329028
0.12473452215124325,5.9746210002620135
0.1292308713368584,11.842542829319964
0.07790413363841253,8.32879377880061
0.1459254840660833,18.165078235985746
0.28364410519031935,14.985335892700068
0.03880515033654319,16.225805180741602
0.003114207389785406,18.05551796902949
0.05949529717383939,27.790346952078114
0.05612976626014188,16.733687649555442
0.032520184172426525,23.96517527567689
0.02339206290707807,9.541285611516411
0.1556096228300703,24.29219780288686
0.15029967550685797,12.946017463553607
0.0166284731799351,9.509732927492141
0.039954752433004614,2.1165550883305673
0.18331435007360142,9.709125870211285
0.004203365794865022,6.923304809767268
0.014996934435430376,19.37545893514358
0.03866169262539643,12.015885958664215
0.037065594452656114,27.97682334867694
0.2026497308341959,13.49467816068974
0.04269303533226321,7.698527931652098
0.04801608935713375,24.811452436920426
0.10954630603441728,15.181293698328108
0.11442297025996595,18.720765593737475
0.0003589279905327203,12.865578048791098
0.11695696629931263,2.8664412829987005
0.06397966213137352,19.294864803760994
0.07295988829548605,14.53745917506853
0.003857289982306611,11.388745413290268
0.0932757338950978,17.754345582092558
0.4828214276066092,29.026510795284135
0.10375950347952312,12.51310847201128
0.09210924875446835,7.8574480223503915
0.3097132819688113,19.704093007337313
0.001195040903780864,10.393907780251428
0.048512520161466455,11.011528124279332
0.7152294127556615,14.8492821561918
0.11910718731041925,20.44024813622609
0.1960355427632976,15.321445138839593
0.12496870027928253,20.07820698442741
0.15142858309104668,9.200224048958603
0.01544759517298644,19.242438124095596
0.10870960783677219,30.461391115639064
0.13701124418105337,21.81031928668749
0.044850412432310804,10.631161793073595
0.029941165379341328,4.311993373114315
0.14751960157889243,23.925184511264497
0.013111710287034839,14.179569688620688
0.022804476054488987,2.7098618259677263
0.005114820588573821,15.270379094383348
0.051376911584156915,17.67029699163889
0.30636869076852236,23.258365798339952
0.5110699566048424,13.032544309549515
0.09698286533159717,21.91993401893186
0.015151790286608957,13.952556827608525
0.32070919676948506,4.8595050533743676
0.01111633729294681,16.55029355292106
0.2245770246124721,23.681762527067796
0.17022930438702133,5.75687652557611
0.128841892940045,25.242635611015277
0.10043574396945587,13.613286874771758
0.1642765354038147,6.805766922407804
0.05864149400952101,10.23203302672741
0.012751642612329306,16.1796371209674
0.07417017374450552,17.012774677768586
0.2535554035333689,11.785052364457966
0.012419131397450656,4.756285187359259
0.23247537578231459,10.261601694835676
0.007064743969522169,12.635461701839237
0.08947449492836768,20.561820592153587
0.21930986273946473,4.407177284848009
0.16702859199074283,27.994246009669514
0.08866337437530092,10.61491393654675
0.0021829211979138563,26.23744776814008
0.07542420874779054,5.14405460771232
0.1983667674478511,4.881484100384114
0.010851618989704548,3.8632636304272894
0.035416482258028736,4.0239889256177905
0.029316393082808645,32.58748915939211
0.23360552044925953,7.721975126283321
0.04409120411673939,8.563808957410945
0.1549368435581755,14.434546135062368
0.010216014497700598,14.142500239160055
0.0036025893978148815,19.28985318250481
0.1165760824632116,6.599544831511186
0.03228578109485625,13.04708477042379
0.14186523054365807,20.194988518119818
0.11356232473474392,29.87321614202566
0.08235558174112612,26.470766668389164
0.2073624373005032,7.8928935362276125
0.021225997325359458,7.523620066736419
0.041613831289623704,3.864612557078455
0.045568581790803364,18.350358684621412
0.12904879564280236,21.009111887187284
0.012384498278720457,24.69730371416005
0.1216704439204932,28.287047106430634
0.1478947039349805,8.610318197432495
0.0064667703674103905,21.191253860764537
0.04743879371358162,27.194851718224815
0.24092398164850692,22.348971757861438
0.019028265411975553,5.187103857104626
0.05727432223000051,7.055805256828253
0.017706375847524214,25.423415022292218
0.0857611731370298,20.43271809959211
0.10441515666593659,5.262175755051661
0.08027835347240853,13.229622023348519
0.05546520855500603,2.529710848985682
0.13721404267164417,17.915778908060503
0.028758269719901364,7.299256810330535
0.11109153161794438,18.42983866006551
0.09491241325406463,29.58669328439468
0.02765790071111951,13.10399463431261
0.02124156887055051,17.52537271846947
0.14011667092586322,8.407733064000805
0.3539128019258442,12.556990559630185
0.0878811229282519,33.16894071798595
0.17802833187454326,13.130482590972722
0.1101701821178267,1.7683255082149554
0.006684226665811366,24.369156989911556
0.1133655990133775,5.916720984434203
0.010791199074787983,5.865235632061596
0.04656334142066498,8.99192970418662
0.05078434017480049,18.041683191073492
0.1692772302742469,15.150560351739703
0.08567641595493569,16.97039165533755
0.19529309057475075,18.215092281764008
0.1700723542386413,6.047887265942766
0.19902053477937898,5.447837207088448
0.07759060319870059,12.053298084152196
0.004698412520951933,13.210106944623904
0.11742710681971857,15.420137762619628
0.0940691062736505,11.455242713458615
0.30990577861985,16.73717841015678
0.062135479532457794,13.754530203807544
0.035188379201485986,9.628219663411764
0.12605580319689125,19.239250874141238
0.07069926274391491,6.440221919768655
0.03827583189718098,7.220948937314045
0.34778605057033474,7.498664338145428
0.07447524287260876,15.778439014855003
0.07190128803642892,20.57800329688091
0.1081289922368569,13.431763819028028
0.03776661616768706,54.80941576715517
0.15580564584558942,6.08631583977051
0.027569123794364714,23.336879829394224
0.0007680104001792643,5.727160321161366
0.16169919140168076,2.2941132354619316
0.027990634284151383,7.982440204958727
0.022309664862291356,24.378892197065085
0.04751649927766266,6.702324556136355
0.0023862924194872903,2.6695514290720905
0.06763917884222792,9.531853194403318
0.03409470498434075,8.285448640277636
0.009894266779042482,0.9055081047402924
0.056455621968211744,11.12605507881738
0.01601773139600482,26.28390094692556
0.3233541360924619,2.481165767734491
0.053882879224829594,8.821623167831838
0.10524733531190122,13.974290878883828
0.15554774514771452,12.037274032481815
0.10524036650917878,7.521423762162422
0.09603036188229908,16.994023413337636
0.05081350888531233,12.55181782401302
0.1311805818945686,8.31926075394871
0.0777827247497953,14.206902453807805
0.026468810456776737,16.334323266191028
0.07574450292247548,6.457815561255744
0.03941199709583998,2.838539948702923
0.008662321341716961,9.647094074104535
0.18237722245419263,4.860266208047745
0.458312391055415,7.267604125521988
0.028883284787070806,15.781399677424155
0.10535258689071725,13.078946667186106
0.044148484254606046,34.8397006742216
0.34200612994368385,36.55476266464281
0.15006985784282278,2.867752143104153
0.13360208175913613,45.16729239932098
0.08300657646839227,13.820464885668498
0.09086570279475836,2.9495131195348105
0.009788100036189462,25.779058373433088
0.04335547681841945,10.458860228237636
0.23116608804082261,11.82551343496309
0.034283095528508056,12.249689489560417
0.018896299928201188,17.82271770869378
0.09167958972875567,23.61418479931679
0.0345791008321612,9.09793361001127
0.05881219575121577,15.230829054900076
0.056231238061968725,18.90401584589163
0.18055089328686336,8.311006168695753
0.03455767690218181,12.77498607347198
0.1322099811472981,18.95305553128464
0.008183877933106487,12.352421604737621
0.0040458321266214625,13.13163693883196
0.015861456252309836,19.441923452507776
0.21174558680547761,14.999386448310023
0.1478508504274032,40.46036420331274
0.1929560625146678,5.328711347206789
0.003969238022250465,17.261106281654254
0.04856047448197387,18.180879830477235
0.01090317781961403,11.938312474906901
0.14259865654628356,10.688814878036723
0.05253160094139275,12.867321434265333
0.07620493716831334,8.93120219956334
0.06945180114075811,15.255094558200435
0.12138777287395897,27.785923419871498
0.005986239916865088,3.139082795982183
0.028949344000920973,23.48435309900811
0.0022246362073019554,34.44235220820668
0.036515242167865836,6.923873453080666
0.013788161965976542,5.1403385424319605
0.04953141410362605,12.243174563677698
0.33498643528366756,7.761037336447595
0.019064661581751352,12.372608213027386
0.10056150665263885,3.6109281071714205
0.03629295298128454,22.78170412394677
0.013194877671821814,9.576465607327222
0.01992583517812818,30.48928807671004
0.04798765250961878,12.652578668715936
0.03171152674701716,9.130040210427918
0.009782686946095964,12.902947617762115
0.012387727592340525,17.9251608110579
0.29114383296621327,9.350046626678603
0.11810546819901901,26.649309853328944
0.05210121676975632,22.31553434970308
0.03104442641586047,15.642423330589075
0.006017103521799072,32.06248161246124
0.0820252042364018,17.19053360751426
0.03775085616587148,16.37061048216388
0.01903600093123714,10.822932267114316
0.004329530351924404,20.978802112585004
0.1383240058418096,9.188144575792382
0.04700098408136455,19.99204961426415
0.03144713410154054,30.453973529525644
0.01646347185828745,39.64819845678965
0.11826496146534282,28.73961777755942
0.029983857594970686,10.234598220038308
0.06410054153855071,9.6426566856217
0.2154282668916494,10.187348608606632
0.32191724301310387,8.518643612385132
0.10287493955581795,16.143004283212147
0.02617508860646467,22.14007436647794
0.1968565398492501,19.054118956725627
0.05682334024015745,20.270563599705916
0.0175688119257984,7.7880088668233585
0.09488027379165942,19.149211809389804
0.03602858588158142,27.457838748369213
0.2704325380617547,26.42976325284074
0.009173854772825507,13.953537375368322
0.02457027128377831,28.08692127047221
0.04519643273602014,13.921081477933521
0.002412599683566441,29.42353678450423
0.2304530173087187,1.3685643227868138
0.007073362637243008,6.7945983633423985
0.10850358571155994,7.991045826510326
0.24982251918959264,19.21655749149347
0.053235403839721585,6.307751577067915
0.021903775275859516,50.56305925399926
0.17666998971083103,0.9653304879425229
0.09746136246485548,30.145480425945365
0.13936182860504687,22.10041733851858
0.1178936557561201,42.551231105996614
0.02546038400123507,8.98767102013405
0.3636052391684643,11.60344102541527
0.005015278399582712,21.549016447975443
0.14753066260334435,4.800073433583646
0.40751463545973365,1.705584547682239
0.05107577092178417,12.5002699458109
0.1168699644130129,18.958328509317838
0.06606466790128707,9.866844060950342
0.025800326494163528,10.905138235181177
0.05669899500628617,29.58224629807522
0.0947144717330275,9.677853642124271
0.02311324707568474,7.971852255902645
0.0494926009947676,4.75881246053469
0.04973084269113315,15.637192768270417
0.108023318074288,8.550644998583351
0.06758574400851103,10.962207906084416
0.0038413610494671957,11.20598633770619
0.04661148848276753,6.843835253951252
0.017230418720032503,6.190819108376343
0.010044630889524342,12.272978825609085
0.02233590665139218,8.0007259499411
0.05854168944472349,15.699847097103195
0.01088083280274077,13.723892655995146
0.0662365642020859,17.732122431495327
0.34399583998310845,22.157625563724864
0.02867395138878237,14.183296654956642
0.01108839114044713,9.633745569910095
0.15150611248543555,15.494160122174055
0.004709770200065577,11.14034970689656
0.06585852209695986,12.371838114134311
0.03450433944033193,10.911060428689787
0.02502999822752372,10.454151794439168
0.24904537871680077,2.6500015457033097
0.004172558232767187,10.474125185654858
0.11708667609389067,6.4968879459390605
0.0008787452608203239,18.38217154347555
0.148552385133371,20.731717959091412
0.3105995750264583,12.684939851577338
0.09871062943909692,21.7822533316293
0.08915217062542524,11.157941537188128
0.11136181928111455,35.850938638855276
0.006614322458744937,10.885291791631374
0.06601705350271914,18.2386029655784
0.17505230204346844,23.682517230682716
0.0416401037051628,25.833269253727163
0.27830552989212265,11.23491486802395
0.07086079245118526,2.234811979870205
0.018732124231178204,23.962438961611397
0.01611520324695448,6.2069659788754175
0.09202857312777724,3.006378491511156
0.03411866064686819,25.013132027326545
0.024787711460362516,29.913299695094075
0.26274547871128107,35.31307373296478
0.03023639046034532,29.89056163953656
0.06362067952250072,13.769766860215531
0.2989525381203748,37.0290501116566
0.1294113365048588,7.374997046298417
0.20013599403330318,8.299375435529452
0.07935037970355552,22.44770420172467
0.0010945531876132009,3.6379844147277485
0.19856224268608003,5.087818168283788
0.10933099152805426,10.904740503178125
0.21928724011240774,4.256385735419192
0.12377077906603517,9.781271942590076
0.17917535986532585,20.86684214833154
0.13825322974912524,15.828129047232235
0.030682325696147927,31.886109692969335
0.18947002628794962,15.388778481340186
0.043187811528810016,23.729983531589536
0.05110836817641484,20.7469376771199
0.02220820616378205,19.224206332157838
0.0215023441617177,29.637568099820157
0.12485364090321127,17.5135398050026
0.14804495124417372,18.943288559752247
0.03605796067529354,17.136542501658937
0.03639896576373758,29.29380074816673
0.04960858356366771,16.579360025294875
0.3436213484936843,12.033072425624885
0.08656553787977828,11.132115473882015
0.11356238228609072,21.228555374993846
0.36623191811361266,25.458230830810226
0.02646290465418133,22.614617694999332
0.318898673793683,11.782835545918328
0.07493778562582065,14.78822286980809
0.12112281518000145,22.696566186542167
0.10242492359316202,15.78912011909397
0.012756166978988404,11.778455966813993
0.007772378969093552,14.535789969615113
0.020577982942768358,19.32505115805671
0.05110399237173624,18.407701800507084
0.029114164295151568,10.27821697291697
0.10293832839170136,2.8081762524715312
0.07471087040119073,11.908544878722804
0.024617809007963842,13.789479930822372
0.01079361941492607,7.12124613566735
0.006957631008958742,8.485595781236997
0.02919114215649188,17.186939614840966
0.2022796214121172,3.9530696476585883
0.03303565684643672,3.5646329681085045
0.015753759453559724,23.853766206899543
0.24395184116121982,22.85487890897379
0.11473289644663964,24.363863275233165
0.07639053545210572,7.86092239170306
0.057322331957607275,22.131984608395648
0.14652913998907025,35.32628400322004
0.015812065965405964,33.143858831851155
0.02661643515261858,12.389308539973703
0.014332872918885187,12.416300601861433
0.052388077376463116,17.84505783799598
0.012435467846785286,23.91762421437882
0.04521852869584109,27.839796961450773
0.03036360212956879,14.621240129698313
0.0024318995834846646,8.97796030303152
0.044095020597183066,17.059576915070167
0.018558044677774888,0.7291205984386397
0.24905893411312263,8.643529179463284
0.045076245055497566,25.318186239482298
0.011133791658153314,19.410223510807374
0.06956321297900558,8.906762928121383
0.028639951724812818,8.695634812080108
0.14891650505057896,11.490307162462052
0.019614069893577835,4.317756876816372
0.07127802418403917,12.731213444020176
0.0129641921359962,18.30468340786874
0.007737941529171621,10.30353444324623
0.06765242581104758,14.200913250747927
0.027151810627742634,12.12266234514018
0.0014008364173605514,19.210994079898022
0.13112558834166066,11.218861416464485
0.15048685116880733,17.379804233189635
0.18013592774639164,5.2685486405017485
0.05049567771686725,0.8099695338413241
0.07763771184977486,27.51407618297755
0.17962160470665367,8.357321569637634
0.12155058334315072,7.945233597285627
0.13673236206750516,27.263274761616547
0.015825985364131157,6.312291383733269
0.09973834822358185,1.283688733112792
0.17568912491810806,9.601256518491432
0.23483340719144508,17.177304724341717
0.05433419065491307,5.727906974789201
0.09582433382865929,13.011770331635427
0.26799908543318907,26.69554177706856
0.04193656908057619,26.020526182197607
0.11122734837931603,28.084341712313325
0.05433019046915888,6.0346470054815375
0.03150781393651414,15.997269254482417
0.10988330625639264,9.591782883260336
0.02400972947793889,23.33076342628164
0.060123182205416015,14.345963052635641
0.0008746298670985198,10.59214808977181
0.25930362888539094,17.645945624350205
0.06807084623949322,17.176161383965567
0.1816422000761122,12.18326264726601
0.2918708684783269,12.222438204048212
0.17643624272091074,4.47087509453172
0.08235538221083516,6.387090285101686
0.12277157345602063,18.76998996040043
0.024729734676725457,32.589308814566685
0.14248683481912394,26.699017289900404
0.053433173196708594,11.25436235818602
0.6981561885605743,8.932897233742004
0.05488601139416005,15.600611189046614
0.013144657220436784,32.22836160812865
0.09904365309114382,6.360381265764808
0.020319160955637017,11.409545455902006
0.06108288270320372,24.63680412008693
0.07908773304734495,14.23627536718779
0.08299965667799825,22.001001761660994
0.0537907341031314,27.28447216063068
0.6070501047109929,11.276934479665432
0.06537143314562854,12.103520532252976
0.2116662212230267,3.995031532531229
0.08806945505261865,9.564446779680704
0.0943934325337068,4.011334551531246
0.04744156280412426,6.117290038108678
0.0017711867759544475,3.000821418289439
0.18417147479647156,19.075621920998174
0.03442413641073472,10.145504589529178
0.022719509366083912,24.724225696706462
0.10053111086835997,5.3108805339037275
0.04102531661385456,24.407415893309985
0.1793508315180361,3.8015893599052597
0.04168933184234902,14.895559613367226
0.0986374345694685,16.45721212849359
0.22414497727083926,16.121892056164118
0.06946705227437633,19.10731107236404
0.0039444218311928125,34.00001120442162
0.08234703333221205,12.99684823608644
0.09196013646703705,25.47743987977093
0.049035306628979924,32.8164480624905
0.11811082067004008,6.286086688983793
0.10369826432338414,12.432381679076325
0.017709317796970936,30.675378580715456
0.0741238695161428,17.554617644351115
0.03874297549180028,22.923943781335613
0.03363821008122159,16.457033069141026
0.07715553694902155,11.438449863532325
0.1346510062892321,9.19136685835561
0.08115406300612449,8.769584906364098
0.19753628258706613,18.050615103098036
0.05198868359536846,8.205180480717692
0.0007255754063635322,4.896578146916932
0.07928726265186015,12.090031717380919
0.011278920776248924,7.947610462992204
0.17400217569991128,17.239636171225495
0.027565159250116267,8.13057575820391
0.013657429354225314,31.735507645527385
0.032750335117725626,11.295675949379243
0.022723394884337722,14.476834191395362
0.054626504791144725,13.464544205918992
0.2670247794480929,22.004981573791476
0.005852736769497824,1.329739100096029
0.49086533855177095,2.515988493027129
0.06503504716647512,6.17983380281317
0.08600094106463985,18.234611330811422
0.10308749714943133,8.665098220012176
0.07518056768378756,12.446509174978477
0.024104579502136403,18.66522490001891
0.17192088981596498,18.237224555476754
0.04042399778415984,14.77845727995471
0.00584241664705587,17.585107066603413
0.28802941512310554,20.94052713519588
0.08315671446246142,11.361255334606874
0.05925863044149082,12.143834501673487
0.02824786577184568,6.49738100645508
0.07220019243357001,11.118789546987284
0.10593189839812567,25.7141432204649
0.008962685057099407,8.321265042034279
0.14848340649768943,18.31685099892163
0.05320970715797557,21.550871075973248
0.009012641870072002,14.326563037749555
0.1366074797768988,10.922357023002295
0.2876049966583878,22.97493768751017
0.10253728279110419,4.304797281917459
0.03416578059852782,9.823941875682747
0.006281886159626993,8.50017004528291
0.1622918220275551,4.878824145406494
0.010762589874275363,16.972030242774444
0.05542080774762326,16.564219500892772
0.15412999776515335,22.515793563615905
0.18469360424876413,17.8795383955303
9.11731170845087E-05,12.194170724027533
0.17420557289074168,11.239882965289956
0.018957267067548855,13.569002651034232
0.02008625729945379,3.351965875549623
0.118086182093748,7.448627401274407
0.0651406192939703,12.834360003153114
0.057502195069105255,23.716013809070756
0.32454600871835737,14.550652888646828
0.030664826939641898,15.881493558820614
0.010221909338042678,10.620203869387543
0.028909151710990955,15.57362722673144
0.02590724317508375,16.541599503017352
0.023512424135446963,17.21718679593931
0.08528511446797893,13.192313179767948
0.1102413381693168,4.045648992437815
0.10812557546444168,27.942566004104798
0.15002067123737106,8.621858824526981
0.08340442931910275,10.123246647549978
0.010822832657368053,10.271321240423958
0.1903784324707658,20.089300096515974
0.1931555006998451,16.018980998904198
0.004915681418083295,12.182580832976246
0.04500314912115755,18.148474362645594
0.03756085026031997,5.233659493330484
0.09314320335522552,9.23514708136873
0.009429443886233457,5.540630799744052
0.021737154480092613,15.532606400906296
0.12887261125592886,5.823086510442269
0.0504238921777187,3.5957975111668854
0.07651029142664356,19.34069648850538
0.036886519637846504,21.31576234479148
0.006376414171427314,17.98621899078534
0.019826898981591512,4.56245848251753
0.06572429307198036,17.957458915663285
0.07561421954369507,13.248572744998006
0.08043622182617582,17.507440782260744
0.0031897701078378304,32.42722149143479
0.002527377664364394,23.484541728395282
0.17335022413101342,10.523221754925679
0.03250976866138444,18.755810138017992
0.3482930500100565,11.760274806009479
0.07984109898745828,9.613769012713497
0.16012747971603858,11.078296511102716
0.14979077007069463,20.886037132219844
0.08748689527385523,6.999212822545212
0.1264228816794457,12.995755226515135
0.06647832995111003,28.534734983885524
0.11904899676585501,13.505145015183492
0.04129325034909925,2.278517239901812
0.049211656140300875,19.327558287291936
0.11830867682442658,29.114589114304717
0.15022276979198068,2.8111966953620433
0.06081077930195988,5.300313568750805
0.16520691449647984,5.699184857762191
0.09054502147159837,12.713449535041175
0.027858221984502052,13.206194919246235
0.002904698557017582,6.331125241452445
0.005352208973704364,25.41062732038732
0.1718466520800348,18.27852793201886
0.12873309800602328,13.634600194160775
0.02763102784479088,7.945314530461161
0.01657590058664482,4.394261659039977
0.30330331301252045,28.522239072588953
0.103132832459778,8.164644411454505
0.038400124494728516,12.691537464956967
0.0007810994521832981,12.984813358552634
0.026397046873739782,17.0544862083676
0.008678434403350366,3.0013363979597742
0.019290669527549653,12.703754715381411
0.17138891299805437,35.22593387900963
0.15987153348464744,20.397812536661107
0.15495927896529338,14.728506609968424
0.30265346211672295,24.135248895652825
0.5199470997113167,9.561264897431196
0.007629072894019373,6.140434766972403
0.16212570864297504,28.70799183399879
0.20674001747670445,1.2560328348252185
0.193572761456835,14.035717263679773
0.13581274526040943,27.753460563269954
0.3396365233081724,12.255771890120664
0.22250422479407916,9.96857050574741
0.01602288232220417,9.26972348092637
0.1572567240115177,5.281434207227516
0.019607116858196605,19.243731260250602
0.18698200843641644,34.191961601425575
0.019790718021113207,10.059891729026633
0.03897396223226224,16.16817216338424
0.003885765313611955,14.19004662134735
0.05594011327400494,19.3898273988558
0.025523326868892582,12.83506659266614
0.07770100519178413,6.294146179989932
0.10002413338168026,23.80772022851333
0.07890789062480508,14.442884720388431
0.08820513209116143,5.881885766587764
0.09041631580168996,11.242304610316497
0.06922078117224828,6.966300495551219
0.0725658253727488,11.929591754651181
0.01075419286610213,13.898067930716559
0.26723801072603237,25.17927962603745
0.14070274999073717,13.138688817963939
0.030947588526032632,6.801946663286632
0.09526728191690381,17.91586902273764
0.07429684891690158,21.702360950869785
0.0006087546396429389,28.162356293546207
0.012402023894082959,11.441256084501912
0.42778129438852375,14.71686158022498
0.0030530262749834947,9.293340477221868
0.3741285565419048,36.260372510262634
0.018095682256216605,23.853712014384516
0.027464221114883003,19.803545953946895
0.32199191582651565,28.8365717695082
0.01697838591087475,1.6001822675753707
0.1276693620422975,21.20604577223246
0.251979843428785,7.568555027071971
0.2422304329703593,6.332908135776152
0.3042062522015385,8.450790257590791
0.26539640954104016,4.34175420345318
0.06294932498974504,17.65248917803805
0.04686364045232949,10.139890554743552
0.012853634414454973,17.44183989231167
0.030923890774829488,15.73771062612397
0.01636050686170165,20.68277922787134
0.04367024562691313,5.7798069424764975
0.02129831742922761,18.625388988805696
0.11326936725345149,27.22895257740587
0.026457487410198155,12.824392229003424
0.00013787523846531258,27.943562718684273
0.03251000060390652,21.90099251755605
0.043667439902833394,23.91278555655243
0.10919634183869675,19.81315751600599
0.07467766512752405,15.124006710219097
0.0021828344821415158,23.363366706505936
0.002802025159439836,12.949752685393673
0.0533050997241844,24.326916476065733
0.04085290811133291,22.643010646723816
0.03296141293265009,21.60269979289759
0.10403886090864489,17.60044724706504
0.010314740726130367,9.039539438116183
0.007612166068497572,0.7184950971988125
0.05669694465075281,2.8629862141323867
0.007166256390632952,16.09884846728509
0.1279175702785551,5.561493665845372
0.036447911122195364,10.284813830030577
0.07302187758511991,7.099290477978893
0.14797277868467518,9.360975350782294
0.058767624496567805,3.239168761591618
0.07619113906696384,16.80985692100483
0.09802406000881092,6.777079411099143
0.008885183249503825,11.329089192883252
0.21846590449774794,9.539077974319753
0.017197866408196205,22.182782896222964
0.05535703764155642,12.607580412197999
0.04125936194282076,8.47860142393972
0.13538679617522575,14.054019653183259
0.08460982439498821,8.555743328055241
0.04941571306710557,6.81724842127246
0.1360624941826245,24.20551786913356
0.1978629204312483,26.0626898252645
0.009778971865330277,8.878655886714508
0.0024149470684733387,11.016039768001447
0.03947848993368552,9.872366728388
0.02335763377152489,17.812178775435846
0.19816440034799143,16.263293687532038
0.09828201934283243,19.293570066026255
0.04229738025844654,9.388545957171745
0.18110168483474354,19.644630028186576
0.18983025623151661,34.43122731434439
0.06492926419275591,6.795891405972061
0.04915168712250306,12.558890342718808
0.28689828942947315,13.14311019964839
0.019321403383855795,21.048594881019746
0.012990538198437207,7.764454719113857
0.5697027569666488,19.58800158086676
0.06510339103078877,23.93410244216723
0.06489313675672292,19.0012545935512
0.010450965263657963,7.574404217709804
0.23453863262113828,24.30453967313713
0.11556243843574521,14.131013771331927
0.033135794371901284,4.864058755082328
0.028485520477488535,14.56091833558041
0.16314514367536503,11.194458500835482
0.07497131535410517,12.971729070302521
0.2411135027856517,11.260261381320397
0.09335806057356422,23.098138154166858
0.16294320205201984,19.484281694549107
0.03792857061716859,9.649481021252617
0.02921741265924993,14.76047934652875
0.2867668584929106,7.735712150780402
0.03905535084834355,11.177559321434043
0.1017286071454464,8.833067131784016
0.09232056703490343,14.996327134941364
0.1328515843772493,6.0094751147607655
0.05330958446165823,20.160398458487826
0.04914454211211705,19.499481690093457
0.11270737655434004,12.296022108639448
0.03018299879886399,24.583450036334487
0.0100408037391162,19.733700377405768
0.2711960461040235,23.48441193338507
0.09629123742797674,15.72947418638086
0.52278565829738,9.316619471719374
0.07336833208069038,25.915714509723024
0.3025015072065571,14.974791501351401
0.09706618746236018,23.35371454383421
0.28635387229905973,8.082446754950341
0.0526558969385178,7.311517915456786
0.012064484508414353,13.40062639424684
0.0020381264466777793,8.638164888772542
0.009172322279482614,13.514299722770131
0.22211626999501277,10.571248069641822
0.09790963892680793,14.301412304536864
0.0014263556009836975,17.31068448114011
0.1395484418532078,12.45283559454706
0.005719491122931686,22.584618843046226
0.03427341022324981,14.232187281084437
0.017767919030120538,19.45445095810908
0.06788066440776674,9.699018276289323
0.050699379388447596,1.9599827124961509
0.09555707626282128,8.540322417898308
0.0832121202813596,3.8585596632127532
0.19260160545252347,16.061901750747367
0.03591616470794179,14.122518798090072
0.02896469118911682,31.347156160393542
0.2688487370620578,30.94956845138352
0.34718784887650145,27.69288380067577
0.11192038408000826,22.655483420583625
0.03051311919659838,12.629925978687458
0.030068070050788265,15.916320369779545
0.21943062324965013,18.93640228677058
0.009416701290774654,12.790932322762606
0.11598726776549029,27.583241463151495
0.01508635063919428,6.438374865226347
0.019564577423238916,11.648634318141072
0.1348488907939327,23.38538171956132
0.042975397863529,15.427297642374594
0.10848443944655628,14.130906710680863
0.11584611901434982,9.8951869103421
0.13741675448477508,11.905047171350347
0.03334916756398343,7.48610176448298
0.03840034425729755,22.46868410521668
0.05269675194585943,11.394020682075313
0.048315855857936185,12.68786742939848
0.011545892363301391,13.432985287560527
0.010551302344197211,6.138413612725855
0.17078619992548738,9.603841594715393
0.06301656265429756,9.460003147404663
0.024008556083117583,9.445451230674779
0.12120889701463966,24.252181652481095
0.2594007193266634,9.692668870428356
0.1787166577876178,16.60112838896949
0.0750731497543029,24.10668980990348
0.19160289095714234,9.702447077219093
0.09522963383005845,1.792832560227277
0.06813336492712097,15.909144195744364
0.026764791060713833,20.065749935084952
0.11162423454197778,14.099779973573071
0.015010561729013716,33.727734637446574
0.12131479365314135,23.06404150924989
0.07024856305395133,26.257824233894507
0.12638580086434104,46.91948389892747
0.017783891049361955,15.060554152850926
0.018336021828645244,12.504422537793843
0.03238179212951309,14.465594359050042
0.14881223095835594,7.123162591016475
0.12995472772536232,18.788035071927077
0.1877701323811607,10.559536878073631
0.15447183201797543,11.325725065624074
0.1661852391702041,5.077806909646876
0.22172529235024285,20.987090691526387
0.2914362881232364,15.049867089399516
0.002210280622875871,8.245513813365255
0.007274355205140637,19.707119610886515
0.048198738068549574,8.23810348683132
0.12194406674336733,10.123385706715046
0.0649441314857313,15.44808543597276
0.2414953423146926,20.456215007172723
0.26163816734640477,8.48573715750087
0.10083939086712235,2.6364156895260913
0.005536248736802918,12.844861322635346
0.11698265441111744,14.874797179586128
0.0642108216163706,15.77106899293523
0.1073989547110159,22.16269841354859
0.025637672438051595,15.395119482474218
0.1281900397264053,22.85315082340706
0.14400047052674836,19.83596461559238
0.06475772483179298,19.78618744713691
0.17270355399159598,16.50312297823687
0.03810511286678775,19.18010273750123
0.020837904306063137,27.934214536834236
0.019685535833900758,28.77251778400529
0.09021491184046226,30.24127783261644
0.07995752993542737,14.480484106472245
0.10244113874625782,20.190597839842553
0.22297013311163028,7.749469608578515
0.01653062288789897,6.5125399140700715
0.2813323365467113,9.97381817183417
0.016667706086423095,9.954915183001724
0.06638798286542169,17.159940794211447
0.21016967666002984,20.387362907403695
0.042712156949278324,27.553344045829594
0.22273216394000883,12.40497474836804
0.11734704739035351,11.212296419918584
0.18904631649684234,18.16636167858703
0.12134278345467919,10.846617661622709
0.016589432549380945,14.50251217918069
0.22747835520465287,25.290678184403536
0.03711392311208783,22.047799199587292
0.040579403059155084,6.998069926017251
0.03882708729349815,8.780128654947958
0.010765592441885019,6.948894070000105
0.1007647921478565,5.894225546893515
0.3454828263929812,9.335509155509161
0.047576210975876165,9.302259330867422
0.016754760637240906,19.786674421159308
0.026758376669704376,11.281407535994658
0.15564153074478781,21.087523562535708
0.015288554252265385,23.90626738413673
0.014668372901269322,15.59195296123235
0.03725536805097818,10.897231463330023
0.0834453964291697,14.089104918254135
0.17863612113558247,10.350003001485936
0.02597406415839032,7.328022440518325
0.0712055591150147,18.15989279990796
0.06941628331105676,13.301851136195397
0.06127031362098023,11.417925015499597
0.19164864015226613,11.139447294547102
0.176952232884787,19.31868653168746
0.05205152837015703,16.071849346161894
0.16611748478862864,7.830157707112314
0.16350911897848164,10.513365867413672
0.04455542698974568,17.26817103073017
0.07060571899819479,20.201201730917838
0.039121705081697655,7.460846843416634
0.010978281520465316,7.080582390169397
0.021948511793766556,22.82076758395485
0.14107207438883052,31.376611641169056
0.025487862369118375,21.56027150030423
0.019073287278047246,20.0558200501434
0.0021723379187506,17.54123711067553
0.057988392021002255,19.27317645677405
0.027180321529272078,13.059754850038013
0.2741264413937188,3.0108556870532057
0.04943734419464363,29.072425331078197
0.058878270340528616,13.702511412980416
0.13435821236976153,8.96442188978206
0.037766459036106426,5.436289756384125
0.06478565490522215,18.94898633269782
0.10835677820466572,19.576384332556277
0.106865287732262,21.72836801380029
0.006034437787207025,6.022215475781565
0.03012754814494656,13.968161626724983
0.04853619599123249,20.42797955013706
0.037071097488592386,25.58752619167931
0.023274912769920775,4.5073891884457336
0.004905274386374003,21.600329021695558
0.08984569581218693,22.700408393377764
0.29660519625463166,28.53379725163997
0.057732444600901545,4.238380878000303
0.014588767733926034,18.177711565864666
0.07392642241381964,12.934193234615254
0.02269857850455992,13.703785091742775
0.21689347315111718,16.512913199733717
0.11563355088333083,15.485328492449238
0.14064626219931142,21.809110642224784
0.10103460477625958,11.016127940154608
0.039240701166818326,9.335700600275299
0.19077972258878617,19.21150748580005
0.18862150098789243,3.188946270624072
0.1605514323495072,15.963717937122942
0.20341929821790927,21.838647849357873
0.3601859768053828,20.470227752352628
0.0694694968821068,17.00116178347284
0.1247789182152701,16.205168330368743
0.013199767738683477,17.786124572198823
0.06345791288754299,15.26117578641699
0.08807381000451642,16.233773666426448
0.049880306963359544,14.839655276918084
0.18069610775296496,8.513506172929576
0.1691890005726009,16.381055950402885
0.24444831532628086,13.961340013015297
0.09704885807730079,18.49228927312173
0.02348951448891512,9.353707934147204
0.10224225160618516,18.493758931713916
0.04855200662700554,20.066206231211996
0.08814143526501539,9.363997832347993
0.07746720980628652,6.819084644508374
0.12649047804643487,8.821568397362922
0.015015654326020922,13.660517505126037
0.05648562329326978,15.415269624473533
0.12403712907428144,24.269037850287162
0.06725272669007154,5.790080336473297
0.07856102165249013,24.33085505715344
0.11501347080877622,21.302715389729364
0.11566811437046454,13.044512283090176
0.1651888649510056,10.211633929952301
0.05430777277967991,34.78510388725134
0.12066388937364536,19.728100220294287
0.12829475267358248,9.249808678634711
0.013622069879488663,9.825280087089233
0.10877766385340237,4.057760527076118
0.02999015417526607,17.277603477928505
0.022817815455709933,2.6343374260427677
0.13303047346585117,21.348776318220043
0.01817356159017436,16.48424421495869
0.026575428124147038,15.28868322445758
0.16725332251530745,22.576046545148223
0.09979716540271966,10.046156162967256
0.005047133136713455,13.167479838096419
0.01938050534215563,8.321698950232683
0.042122299335005664,16.829992256718867
0.04810651095363028,5.537430477666802
0.05666490197950225,9.024033037069126
0.23679747630217207,16.42785341322263
0.00719294808959603,26.772265475920925
0.04463560957981372,6.385122802912429
0.25220237492362685,4.875577824161306
0.36133150608793585,9.660761292354998
0.02269383410600767,13.994520936567326
0.002571954842096602,20.422414579091036
0.18417410866311457,7.451842740798361
0.1843643296757591,16.04805165379376
0.06034687126236804,23.307499587288074
0.15760158056718865,13.779733905494329
0.035544892950042595,20.908933742770504
0.017278764493426024,14.203017299272261
0.005582137901569695,9.520994848596727
0.06900334437534639,22.932974567868424
0.013942251965886499,7.56229390295022
0.03349779033305822,7.065454152220943
0.050329324827089295,37.9059885934948
0.21563227741148694,12.360805486604592
0.11419372236719028,9.019843684181748
0.0327182104831536,9.36172703092333
0.016711175140699197,10.50754955398996
0.060360624727422874,19.982553661844527
0.10908735053078544,13.2867435267888
0.08569926449160903,22.598183267517058
0.08868082382389275,17.697993828003924
0.17337118989792089,26.916844489455848
0.27404523588722896,13.419421326007544
0.23113409532766127,10.504313014801026
0.02033102449240687,21.83344497716685
0.22967978125575428,18.243645036277947
0.2415452224507817,20.17627851095729
0.12588836736244957,9.087785802959065
0.17942452377269547,10.178465716820602
0.04276786987088599,11.295877934720004
0.17812975436902434,16.992315178949426
0.15923478213130693,6.600397885395171
0.17104631458448694,11.571320613260747
0.020529645470446667,16.665169387900082
0.06129871506050222,10.768469541935776
0.07308410807718246,17.927257148167328
0.06058157016525456,31.22794439777392
0.10326800481607279,6.171319937862403
0.30225882455147257,24.99241498946062
0.016755919654087847,19.406091261992408
0.05372696056576842,10.885462233490436
0.27076641844337246,8.372316774686007
0.06872380096979214,21.01814244725521
0.2043596904890137,7.01296004103549
0.09031982197836896,18.095149481161624
0.04812522395479846,13.483015948401654
0.23322931342829634,7.150773123038841
0.11184602485548112,18.48430128581831
0.07766355845751605,9.288554355430902
0.0026841533955348496,17.116988611548383
0.11999786669866808,11.153284781801693
0.12294037290917004,18.083494974776002
0.07122579744475388,12.488073685721602
0.0169786596746917,23.783486710888997
0.02215296917552223,11.772537962103774
0.01705253868794898,19.900852187029855
0.19159395383587707,19.248135981682886
0.05630108008995194,20.68946783943957
0.05750973776810042,19.353109705608322
0.029344733457833172,2.9912705672591224
0.3820596251180177,9.699131630239338
0.02221564533704168,2.9167037297390968
0.016109462702843302,24.65923249170932
0.00941009822918204,8.69859064330485
0.03189778418425249,15.538578923358829
0.03294337652732793,7.005004632559617
0.07597017496618719,12.489343493516731
0.08351185088110924,19.089438017133837
0.07177732507830115,15.978382640019506
0.36013243394222627,16.822963356281665
0.10416267721541317,25.370873994485212
0.24505319220963884,24.546535056749857
0.07195849772585916,10.265472005452425
0.23258114105180994,11.771045290933046
0.2859157086961659,15.394989728189218
0.060440539290880224,20.49537239406299
0.004217250211922874,4.540069229505323
0.03507065647420404,16.388002717483158
0.08902619037155546,6.923738859245237
0.029783397694359337,16.000569825003627
0.1318860403077906,6.413834255412522
0.031143928109941044,26.549774421050387
0.00037149050569951214,12.40412873962381
0.1390093137073336,26.87771066560795
0.20312894227390643,6.695328505366167
0.24608946145076516,2.344951318207947
0.14057417295020969,9.386972174078425
0.05938009108069764,15.16781032096845
0.01471116715538301,15.207062348394034
0.08648926947353175,18.127960232316017
0.0009577832347531512,23.42016939760838
0.07075131288218017,13.281249506930793
0.007460635687721151,8.085840267671093
0.08702179821250411,19.26073482678454
0.004119201926073401,20.050291048760677
0.16853565348640132,5.756186737112878
0.07185114190610875,17.462884982908438
0.030811362004783405,16.465234643547582
0.003995468494395027,1.562261249461986
0.1493670743950588,0.9906454734136885
0.12437363663900669,7.011259540392622
0.07575269930839568,11.314983238306565
0.0429012594266851,28.244026424795983
0.11425480251978115,22.638855273661594
0.03346696097094082,7.811442946602862
0.027860246694103807,14.261301593577992
0.07036306919246726,10.65306117348475
0.19743123238197313,17.823686076116257
0.029231115345737635,7.215441059575048
0.3106177476964831,11.966047607187583
0.030159024325939754,19.122999800257567
0.08509561211849359,15.89610508044892
0.11438694803382532,4.9823520228973495
0.009150263801188885,9.244025810902647
0.023038919160626392,11.018702266098686
0.14994509206428575,11.30603986187749
0.05825631793584307,16.707197634662435
0.024632150041611567,12.722521362569333
0.020148337965792962,22.55984967219031
0.2978051856524644,2.0997569314877738
0.05357143103594808,8.574366970276683
0.03356932413305458,15.057942166500437
0.012951957459449659,11.027583202004127
0.014127670498623957,11.361142586492756
0.03312131503219007,16.545575052523887
0.04393357317542268,6.871368691360233
0.28560235901568376,8.953332391467006
0.022292228767241795,6.135645096037377
0.06355662177600152,25.956816640235303
0.043645805858659514,36.09356860002926
0.05777682494385772,11.930988973103547
0.1262523091327239,1.8426280961863934
0.06493061911737641,13.858991043189416
0.08968412904312117,8.769609213027831
0.028023131326676776,11.215709169947317
0.020342392517704866,15.292696775090493
0.09832970294871757,23.112641177544752
0.14916655597255613,21.767062559490302
0.019377833453290805,20.580658685530235
0.04877466100322181,15.004042522028184
0.035314052652552164,8.23731665746575
0.01430270729520089,23.274315271647083
0.4077955835186913,35.601350769677126
0.014800097613942853,16.012355788508078
0.1406010665282338,13.308802339597834
0.14679798886550088,7.218700827584293
0.08002932808653895,31.20635660707675
0.06577025877220422,22.17206269990028
0.13709672334755396,9.926898337386543
0.17281602952402864,13.75298573459598
0.1962989881824342,20.12082961702999
0.09671891575817426,23.569498626060568
0.07760972283688261,9.638549612109214
0.010498189926920531,5.7750070387917285
0.1689517643911813,22.427537701568582
0.015294993175643867,6.441096048479999
0.05718018732909513,13.250729766514546
0.015555617042650738,4.729099301768964
0.005619560348463892,22.335539474207255
0.155734710730826,7.925503615608482
0.04247651021682941,10.312507668774604
0.04711186093584274,33.03947482556304
0.0979402208386091,13.638505897297494
0.06622811654187899,20.44800680407442
0.06348587534580474,15.900249273073527
0.12159407669139455,18.74672408480508
0.15019963692907368,20.240062714311996
0.09081328946967915,14.398535121114534
0.16973797755429132,27.34495030358331
0.016160171200226614,22.858794883446404
0.016947642542049834,0.21926840459029007
0.03386469293877781,23.721867266047724
0.03016890722744847,7.846776300223784
0.2198663780369543,6.4133578130678615
0.06564973122192441,11.442477049228414
0.08245763737193101,7.42152184560726
0.11497554884533656,5.880698062953973
0.1770652309464822,5.653232733536145
0.16125217304329453,5.048497793452271
0.023371611724769537,8.267652584814229
0.12282575953702235,19.553775473666878
0.0385394332939768,10.40606579167509
0.009584155217339685,10.953351329947315
0.018518973175105202,15.935420063720349
0.046891632479514556,19.944510844097497
0.017477462148349332,17.435925942787716
0.2959139205279371,28.685712453552824
0.022754697306709204,18.5082930729795
0.019013277344129165,0.8752459439551259
0.33615256290443085,22.36981296959686
0.37153128046304573,28.09020670639916
0.15184070758277812,7.920298121660224
0.02796979059178284,32.979273045622335
0.04322387048262044,21.649054018333537
0.1916501565707449,2.6527547499364563
0.06616750866601251,31.459432296754898
0.009208285192585208,13.886877171185063
0.31562615016287054,12.391057887794537
0.03222653223724592,15.300009502429797
0.1542773055939506,3.9407670157115406
0.01176629986991884,13.187245289082936
0.04987567593229869,1.337144337601596
0.16533858239131405,11.12202010095041
0.14219245731999308,11.024983271999725
0.022136564705419914,18.52542081909259
0.3312970676830673,12.482861439801324
0.027757981192621628,9.806550904372692
0.02162167940900872,4.203130444020668
0.13706331497644442,12.1085226175633
0.06724473188785396,16.79974518206296
0.05828927836319053,12.536412753115963
0.0740765269467829,5.517611687273844
0.01048163474536068,17.819936176312495
0.18660806944342312,2.452186457165537
0.07515219424772113,12.691767378555221
0.2084947720998116,10.69401846116836
0.029419178973853377,6.161493557577614
0.015595697240087247,10.758841175498997
0.01897344196481754,7.185966365237203
0.1206015804712024,12.449512531157707
0.13080124923624226,28.539690133499196
0.04079511370935052,23.38034677709298
0.13115863228620128,3.4935071436840657
0.0393036047073565,4.530624007648674
0.05714845233183041,6.450630923600686
0.16307511683896792,12.781712986228756
0.05008231315161993,15.830685040764696
0.006988311815348425,3.870761964104523
0.149715028306332,27.70424820258516
0.03734052136462651,21.479684645954528
0.020079931870895962,15.202827798477562
0.04981176099613549,13.850750183813757
0.07933720228970742,15.4143604086689
0.013118607486717337,18.15819271781689
0.08291502570159537,14.017450963622665
0.007004437706314093,12.772658111418993
0.017633750096024414,15.317633133839404
0.051559075795125864,13.42032370960752
0.26293176835758914,8.58715001925903
0.16482849720466675,43.45783412128636
0.028461864095220335,8.219377662613713
0.10930426955201256,10.91531775890475
0.07530613165613431,12.35925479689871
0.01893935108921596,22.915284849045324
0.523446151570397,10.011661372189556
0.06350872434643406,18.64349350676453
0.0302420153947196,17.854436761716443
0.2717129887574856,17.60885014188966
0.11785937674244451,16.473112296482554
0.02183952597397365,24.136374001909818
0.01612789530156533,13.507551672319039
0.2344128573179205,11.024714861346235
0.05648579573266943,15.139824810063713
0.025028499130144155,16.049438810694824
0.05092318027232068,19.894295810071338
0.10656036073305586,15.057211651122712
0.04528596230227322,13.372728959754223
0.17413491348179377,19.14234030426534
0.4252113492279932,6.466824678588337
0.15633634450568934,4.716554119925002
0.08939242950157222,19.990417869148487
0.10035271043693683,9.249823163676313
0.1333323947202416,9.851997209396695
0.1660775637091092,12.449359238830159
0.14169033655662133,13.48031459325494
0.24049869086115905,14.140433523347554
0.015610022723990369,18.87466532324366
0.014522756668611692,15.65479505878755
0.022091602288128342,13.795293323920813
0.04789477672238718,1.1974344962967982
0.025607464573681682,9.071167515531656
0.0007860945199809066,17.376632324922372
0.6258295976323325,21.75493691498945
0.05630904598660891,7.645720793486511
0.07078332640821827,30.72723858935125
0.027364832367652525,28.748325460726914
0.26487553237973316,20.907979809321766
0.04197240616599629,10.914176719356055
0.0461663903383851,19.078908967649525
0.19428336398550528,20.066097364801106
0.010571476979066574,7.006823303199521
0.04301255580696761,3.2232957274859078
0.13215259204855556,14.835009969535488
0.17946049309296086,16.805775857246054
0.12989831695199427,7.908756260913371
0.0963764737485917,4.5302577925734795
0.22252520274480503,36.99326923009841
0.04524073554159713,17.081363433834657
0.1378802845251812,11.751194518756535
0.06945815715255321,3.1924212870696964
0.1512284766730545,35.84460319100727
0.08696352552010467,6.45917021388552
0.1614338565975686,15.43479145441324
0.15228532304513465,8.10257937904467
0.003712368644073649,16.35504528061631
0.08581758929028638,15.95945771862658
0.023381278681654294,10.62134050933395
0.04593556907434504,5.9392989602034625
0.03475923703263106,1.2575609924770248
0.13625076637879374,23.58043937874985
0.04102949099058151,23.982323772553592
0.008090777151551265,12.736951266399132
0.09719645354402928,26.51606482634906
0.027440858534987456,21.552043653503304
0.15613771113271468,11.372057381510515
0.1420261856333127,17.619698986422478
0.1083393555126122,13.08795409821233
0.11378309598615033,28.72485745413042
0.01724165281018486,21.094811739703573
0.0400679617048354,34.50323394826629
0.10846159525465282,22.66847524259308
0.03857484600587213,4.8576956961026925
0.037344171709719376,11.57720638385864
0.043306989889174474,16.53638228135939
0.02823511985445748,20.966369057408176
0.05485334377112849,22.29805019455427
0.01249138023638352,34.594776982447286
0.05590208830960819,17.534729287767792
0.37749670323796636,9.386784846155084
0.036377358656977776,3.855760700816084
0.18264517284660542,23.807181077758116
0.08631189751974944,15.93515089233585
0.02389272614982474,2.2078757576276127
0.1684084207424803,13.64570737294233
0.28906201873837745,21.431739488405274
0.046587569652274397,19.59782413157782
0.009303560289595225,15.91608151016868
0.12198360310878797,22.497510227752816
0.03531248371939455,6.059637159526294
0.05225441004279219,23.457309593759565
0.13401905495527444,16.622862842809834
0.10642374388214648,13.061728659303608
0.28146405692336884,10.090794421897902
0.051349491147789195,17.335820008566998
0.019645543317210468,14.184082403694847
0.23959207820291795,2.4569634828674105
0.1253010879456724,11.2963838438966
0.02839968298462736,18.83316036075784
0.023566095176875024,21.04901480470898
0.015075087011041433,17.343957729397015
0.036668700159680157,14.752198251627982
0.0273539901913864,6.734120117070631
0.21782924015758454,14.182496565167462
0.10193452480518772,22.499447389243375
0.17804223649670803,25.05110152256926
0.012144528936119059,8.350636286996902
0.027570835973847352,1.542960656343103
0.0028785241436253273,10.767358095610161
0.08355306299893073,14.200516606617992
0.08333351674002643,17.05675640638169
0.02120089397067204,13.239202917806987
0.12031942453620559,20.061968174864347
0.09999888342645136,16.9174718957783
0.10231003325247912,3.6301340572294123
0.012040430432534777,7.457544409485404
0.01979509258444523,11.873721423295894
0.003377591543426206,12.738264301321738
0.08639039057129594,3.774989133821682
0.018116397804078588,25.740462805091166
0.1635274874922743,2.3792242355968045
0.18240260852655865,25.03359924074988
0.09745919188435437,13.711498876250051
0.008090710125657097,25.301516518142556
0.023305816358970333,31.30323956343123
0.3461458187473454,15.942831714736725
0.08930231885324247,16.562723870865174
0.13177830184815775,6.6108385547169295
0.22838640995485093,15.144197472076694
0.0008309691434078559,9.977690092107117
0.06723742687120193,16.619212114933124
0.10039072449035302,6.0549029526077405
0.06603125936373999,9.773423413694752
0.16699134036070973,9.413026288009636
0.1515480031739571,29.146706710768974
0.1434020368394613,7.713897023639972
0.08850326266349384,4.667800488509743
0.005298504496749956,20.129053471169595
0.017471399474288773,10.148344224697949
0.05735370485297153,20.541244417736255
0.022959243753462033,9.115238334952238
0.07378546055053903,16.687315609355714
0.18551955517375518,13.275811107236411
0.07683878269244815,15.683206763820847
0.04293238872742222,16.729793009575467
0.027653024111486957,2.9996090798816377
0.009832824302520748,20.21679988418655
0.21646339054996133,15.961942911941026
0.1296917129374151,14.107965962174696
0.04798813295030868,5.211032623888018
0.15979579272607225,8.748930997830984
0.18375668231442432,21.56370350244281
0.022310311375690617,8.577254518112055
0.06340639625489075,21.06331249790128
0.10116719636380367,10.52037613063192
0.03406015598125123,14.390680159483276
0.17697446621161816,13.58253747326101
0.12141299139477724,11.390018996100219
0.04468440501477744,21.690022499322104
0.05787177029560553,7.9126356640241005
0.29095131754650083,17.298628611889097
0.04776272904689449,13.421292640910826
0.31490465400520407,4.783152294253406
0.017251663610522883,21.875838292321085
0.0428622489580448,7.837906549001218
0.26825973149209403,25.327936572729108
0.019276992435038665,22.75223040919835
0.1611343540322423,9.856137585959363
0.04761163893817866,32.77429307575025
0.13261818585351648,2.5345328773104523
0.05498247924333555,18.83031096175208
0.1848571478036547,9.548196777770118
0.08889304314277524,23.423902369547694
0.05588947891078533,9.538652197087016
0.07914174402856133,12.587635112486298
0.055104795220813685,45.08051551996633
0.012903299912181865,16.62047412217154
0.07172205194081016,13.944352221425687
0.08367992254670753,12.881322479932738
0.020523932432638503,18.561101452247673
0.11059505911350698,16.175058387197907
0.018393633578966728,2.5512979438580405
0.1551331358382413,41.89234238694135
0.10138669457694505,4.495215032178887
0.15575959411933127,20.260372537268037
0.003515926198474517,6.515799542540581
0.10164173102361929,12.150436753877678
0.13761630825854354,31.984016189883913
0.10090430298521369,23.614769903324394
0.025314577518201986,3.899751254739538
0.25635300632848157,15.4951848688791
0.17084158966179075,20.79508015315652
0.07896281787452608,28.766419875657554
0.11772532585428053,2.6704626835404497
0.0194235502273159,11.410925517541568
0.42169113178192674,34.27882812787242
0.07256014087943186,8.5043192077933
0.31250819131003027,10.681742013175738
0.06856708503835307,33.128223414668945
0.07390218627483591,36.800303396909506
0.6010774521827216,16.237199394403596
0.00550916141264679,13.11535316865974
0.008477308734086364,8.195984240888773
0.020461243511135763,7.320775688595125
0.003588018741425003,22.995897281299563
0.009755977273243843,13.102272962565099
0.1529037650994951,13.156694718544758
0.013717101035581436,7.070049431204698
0.02747799290216335,18.88654995092097
0.07145855276996826,23.562498929816922
0.033840469510550975,16.13877105840489
0.03862795557074605,40.018724656152344
0.4066656482059443,12.636714143138697
0.28168753790123446,19.441993519301285
0.054884775836058,2.8059914520174294
0.07861179660767448,24.62240423077185
0.04572047679107527,15.484469723398401
0.027024975397807793,9.014523814739807
0.2050001750303636,14.00378590534586
0.048959812152133964,21.017256238380902
0.2800307977184957,21.39277976404786
0.019896615491234115,23.87295926777505
0.2773668081554206,19.23393548649557
0.10968535549909575,16.50807961351768
0.0554834709860188,10.600085289118718
0.014344315490461668,10.803374949647079
0.0018589583532957477,19.838246770973157
0.09158994366589468,11.194145390773903
0.010347630067371938,7.177123232909113
0.06596164716063413,15.554707031022119
0.026501321337946138,5.6160166425179785
0.021656039596450682,10.851983024692442
0.10196766928095258,12.716018282742336
0.053158721070417414,12.75739611149375
0.048792822093219,20.970896515482256
0.022793096967234305,15.277043781422604
0.11866917208931227,24.65220630395221
0.044136461166544905,23.82908653940239
0.27373566056166965,14.328310713274716
0.05837041861968828,15.742554432912005
0.01601438986631365,16.11002031381892
0.0654848995698103,34.257699044827206
0.0790311132992656,11.18652515109763
0.02878053728818486,23.55978352566768
0.040061176539552434,18.236717478894338
0.005222735617394392,10.464634881949738
0.08564943487590426,23.551985587325447
0.11879546246939299,2.8616304050210712
0.04177066146883135,10.712534264591131
0.14182347865391876,22.874744513531112
0.021353872738586688,9.18309508955607
0.2525304632265488,1.8527396198829587
0.097516172307337,15.233481414571735
0.0037296485567139825,1.4062621820058179
0.029760255909877742,12.452671620737021
0.0782464306402062,20.34326003689807
0.04576371491179998,15.499928359442801
0.011420145871738896,11.725602450545969
0.1800302719203728,28.632463669969006
0.15692557985244093,8.612736906010008
0.11961998113133632,11.086915939851698
0.12533947791416722,21.49634013079005
0.03345284641466151,29.05380539814855
0.1628805331225749,7.70761288392166
0.014743807542799914,12.82074568944266
0.05176305473651155,16.103403542768497
0.2740388548261308,12.680309400110819
0.12113903577005658,15.83233703255911
0.15357110739944346,19.729916367735402
0.08213291254901378,17.443528225205135
0.05775296850117684,24.835384283641698
0.22078173684963076,14.53899672886739
0.24604051924791293,11.320540328413983
0.014617343999589139,6.351700112894532
0.05885809225844696,12.777381107450637
0.0535251954204341,20.01489124206831
0.06582538448424202,21.78122895629203
0.5104614472402318,6.725502338301907
0.21674905437691905,25.31876500869869
0.08992907358037883,8.440919409190796
0.028815167606808245,2.7336182614583704
0.07256206003080479,5.649974144505296
0.005335827980161412,18.71962444925885
0.11175971751981706,7.699794463238056
0.16813277599669618,11.317343591674657
0.22601484448125575,17.00057950976449
0.05042078182975729,11.55233591501144
0.005787249053355481,13.750625010431152
0.0660422887109462,23.19827597968574
0.44497762011280884,22.119979478329597
0.1068607626064022,29.063225941228307
0.44940703366467005,21.410128019173847
0.1817183764001129,20.072286590624483
0.06634276664044592,11.724419651164975
0.09027214083641866,13.524295209554461
0.21848183117390363,21.70147688668343
0.19237790148031308,33.37193991851895
0.027362481281898,17.91428165891107
0.5063190476267891,21.256666578718416
0.15230412432208595,15.701115090796286
0.13909211045779557,24.013960686551805
0.2881111380133916,10.583715648427404
0.0031530369426491234,13.367846949930914
0.004786128138562162,17.040181878672563
0.002016905769778532,8.937248132331645
0.06891488940289037,3.328376961088964
0.0460041811506926,6.445183268330148
0.0062870780625416955,14.011992581073494
0.09685960816591432,16.026440928968686
0.02821738509669558,30.744733189244194
0.04962736815093649,12.666988754471852
0.061319706740050606,13.605113032293419
0.19418205264605604,19.08679108947267
0.08460382460668825,22.029581557259082
0.16991813096126407,14.3814154805886
0.03595459593600481,18.90721731845382
0.06668302925231728,38.90721885653661
0.24330690072849848,18.853236682541414
0.10482829696547924,16.517131648913015
0.1456535024161667,11.310926382821794
0.025742791507923357,5.836297492138637
0.1735003278951126,6.4859319952556636
0.023268648434168426,8.955991779928222
0.009352657447493584,5.633165685053402
0.10936713381124719,24.291173983678817
0.028866312754530554,9.989494335620419
0.1236231292651837,10.739438441277255
0.27353037198224683,9.332529423211293
0.13950164098446294,3.59087517722668
0.029391581548338763,10.627790345300681
0.11085850805875452,12.265429211996304
0.09561368811421289,14.415451084355432
0.26740187041446006,20.915824423250676
0.028967515233830454,5.232217134882752
0.2687635009853011,15.393507992720915
0.02633912406770378,18.114834522462402
0.0462689649530148,5.3571436318684
0.05987429337267258,7.433350019956708
0.040621722722107734,10.949243262064972
0.03429850531767897,21.436465639655957
0.12086868096787384,34.60024164345503
0.05064272016329596,18.882001391430922
0.1722623142259181,16.391896477160984
0.12784331319937792,2.599394665661245
0.2679418750087734,17.676726981442783
0.13763817257881783,14.078363880872438
0.08171569180046845,11.288315881336416
0.36191562913666075,15.35709461740003
0.08534175105660324,22.017550052370932
0.40433137357058513,5.74994889035002
0.01797853990206022,17.9924002179505
0.36333105805465493,24.018827784551974
0.11210936267832494,19.920030961921267
0.2843892225937452,6.119473287516232
0.038407568420666394,22.71545838010723
0.005040781231400615,13.667436533026498
0.05513583553170065,13.327586874097179
0.07817658080944057,26.518183015324933
0.05352993718838661,12.270554440685066
0.03898769600334617,35.271088532582596
0.0427393287857285,38.46189520935685
0.2295884857804822,13.293013314031032
0.032740882242251246,18.9572107521575
0.1029880482626595,33.214774292924794
0.051099302151101256,5.927970546445196
0.1013673473775043,11.285596157904845
0.08334664705694195,9.173789499246887
0.021358185722533563,4.517830913311964
0.014923881271670325,11.856536890544069
0.05695688862192583,39.01604606518039
0.06937752936221386,3.091705040150731
0.009381797985042795,13.051633916579469
0.055147868825429214,21.94132058032062
0.0039445308688073055,0.7682715682887831
0.11066191221948429,3.4634226125592793
0.09166802160336829,6.860720591381078
0.10945054335661553,1.394088695197932
0.13571179414498147,17.024285275658062
0.08896586788205241,24.16955991306611
0.3734746663609485,17.17655296584272
0.06816845878734057,22.236120672960283
0.05988049942254747,35.919013442630444
0.21470221299659897,17.93996169363068
0.09423042609421373,7.989608269918865
0.1870185985877697,23.959533554798988
0.01738986109057805,22.617002228807358
0.04868486766611113,23.30095597087458
0.01946640958885837,21.93638758970582
0.08058559083337968,27.03697243486014
0.1014619954413547,13.315775958342954
0.04678531760964688,12.696912606238072
0.04444423652273599,4.440413679762659
0.08455212091075737,32.036903076365945
0.023854747895370565,5.59391443522019
0.055596505854168754,20.77729848166163
0.032850909325475186,8.891570860674324
0.006350496551704055,6.881328382543839
0.21174948011673678,10.430701876120924
0.2537809099737842,7.206138856131803
0.10547536537876567,19.462497696591097
0.009882099848255166,4.667118192488689
0.12588581730983606,18.498548901516656
0.006618069896262568,3.0092015484671277
0.08793716380660044,31.531359626125848
0.09950842869818644,14.141476006166656
0.027869056300801276,16.309738594621
0.22109990323315287,2.1986345331969
0.13542057627796567,27.184734242924932
0.41698338751086794,14.44481041811331
0.0012479658747679423,17.58098042853581
0.03981038327810893,23.470405882107492
0.08786728982659042,32.01857282676942
0.09416932528699817,9.13697846900369
0.021248569596423295,2.329387797454255
0.08488108538472261,12.784754408439598
0.15731154212812726,14.778894273053961
0.03023093680110378,15.640964245350215
0.08408657978111478,23.135208970052908
0.003178762162633575,9.250422001683532
0.12751594548649337,11.108644640451429
0.030603096422169074,19.628546985719424
0.08892118901565027,14.366750894093611
0.06173692279594434,15.922278619218126
0.030199472809954386,7.2059398771721295
0.20813125969812063,35.69690939775339
0.0992313363278754,1.932030322555605
0.07500594722989717,9.65592063319971
0.30362975334981,27.041675669578883
0.006748774705329197,27.697843302759107
0.056316681142334346,33.47846886384943
0.11580495562145643,11.678069287678424
0.04463664316995164,33.069153527927064
0.07563135189514014,12.956133463082788
0.0036180751818619683,15.299444558989062
0.10004680149359046,14.755580288756777
0.16788387859151044,12.895491521781
0.14554632518320432,7.792985176852257
0.010649438752125207,25.212835117306355
0.026305239707767214,2.9682936465100616
0.12481635698190985,7.294390312944794
0.0013500014896408175,32.2816502542702
0.2383415470926593,12.877935276923916
0.06774907597605306,10.130033110876616
0.10285302666238749,11.155644642279029
0.04635041136145901,6.491712638124546
0.1636548779356417,11.8715270075809
0.043328204651288615,11.679687608911353
0.02066122802511927,26.21940923832345
0.09949027560060131,9.604342483367402
0.0022214616642486362,8.265276391092728
0.455930133352922,24.307676112747476
0.0018439980048015059,14.140172943954791
0.1476338068118821,19.29139919330224
0.10840616484085785,31.443325438665756
0.06957063438323985,5.740182669992037
0.19721527294723273,29.331237550907073
0.05090738021726793,27.384375462330254
0.12065938019009081,16.36467243281921
0.11266925709185216,18.315465772990986
0.09446312086140551,17.843771247731855
0.10947268838185664,15.04880544192268
0.07271170657395487,6.960388767068905
0.18828477198292148,11.025615982141947
0.03679787948124158,8.98908582629394
0.11474523266031156,5.476275808444175
0.0008050139632587161,21.1158970658914
0.1308876207110643,4.295810865132583
0.006091171014418251,4.501699749511267
0.08267932441947323,26.897157332766348
0.007837325085347402,12.066431371231797
0.10711929283388599,8.515288727396104
0.2494542491674565,4.946632372236884
0.03133812627879706,8.974302231172986
0.02590488131022539,2.6354235904355283
0.07987059873119051,8.14510441487532
0.1702261611957283,18.68436057777802
0.5839084090340521,18.99254759371506
0.120978361925836,18.577493780857928
0.026259532393169138,16.219834044033014
0.02232994665178012,26.699355484128958
0.021112320919314698,28.860788332755757
0.039301752922369815,5.118070799849786
0.13437284974293107,11.924711159684215
0.03335264137479044,21.93134873308474
0.04662833006341316,4.2777359705936036
0.383898602207978,10.251113468683547
0.10784530172281848,4.164864310734407
0.03586866678142542,17.385517789973918
0.1488070897577245,33.24155134642753
0.04729053760968327,8.402653679601613
0.15645569179605445,19.551397581156017
0.005671190694670258,21.54296789050553
0.05544842332562894,7.102695979334538
0.10778327571824775,25.041319722242672
0.051219046757182696,8.333313171562407
0.03745117002404186,5.431512516092081
0.0764153358194335,5.116107523340036
0.02781938475811785,27.392088561103193
0.10269476226449115,14.189131050288363
0.33361842778367645,12.580166093201125
0.13521547583582105,33.91915961749597
0.0983886296601213,18.42037157404805
0.03003365065660546,21.856033366532266
0.007885266659059198,19.305134347779564
0.023842864761718374,16.826676788429936
0.03514499945663374,12.797563640742785
0.0676411467439948,4.016911892761705
0.11056373776909822,19.086134771945513
0.013646290213728207,7.4473124501452475
0.026430328985725282,8.629591238956955
0.1624027294355983,9.448216962974739
0.028468846896089417,19.878926240938405
0.14679420235131602,15.559774101947724
0.06656736938271024,21.095569377093163
0.26688903834883604,9.197290470665948
0.030741902883619332,31.224281461950973
0.008018179098826295,2.8029967367127737
0.07613076801669649,20.13851983976883
0.15916291049722986,10.809504922279498
0.17766423347825366,11.53107147709655
0.10246500239475154,12.098020620131319
0.00608995332743234,11.850718423512234
0.10564865989249483,22.77649417417453
0.014821269556705374,4.3748365799643825
0.10595274568379409,8.282599289696536
0.0549183163861926,14.71606648368061
0.03132836684847007,16.03432489408464
0.03342793731371785,18.497206241975743
0.1427505623377101,10.963053073051453
0.05867959878651163,1.7543125223498026
0.18915360093512845,17.226132132624564
0.006356798838623945,12.899465281926311
0.3340742016737295,15.156313508469264
0.002383784993298832,16.161106306723404
0.02263783414343834,19.411740561545834
0.07204940601320686,15.69340239446303
0.12104738769016876,21.921692686205514
0.0736694680040273,5.926091077843532
0.0008411957641101253,4.643345986529332
0.015584112273813844,13.660046046586277
0.06116631643453729,12.36268926583543
0.29324813972766606,18.393148752097417
0.16665391021388132,5.401185840964095
0.08418730296216381,12.655652493299563
0.0008835937704816388,29.822644885204028
0.07605232057335343,11.771729279367932
0.16978240583102888,22.020593484028424
0.05629216088186695,36.57713305768651
0.0042408537613027875,4.262610267478641
0.03957205727601831,14.035153836232336
0.04399382676706409,23.4163424992861
0.06906508582812876,11.305584752823322
0.013700869205308663,15.760554106355638
0.04111970770065909,16.097515724568495
0.026983732892972512,15.538939119567889
0.1367110122740769,14.520392207031353
0.0034065239908613876,18.34228560708463
0.05676661194456756,7.603731062589234
0.1005082072750838,19.006242314645373
0.24955406998913077,30.417322158750384
0.06880645764942983,18.307243361753027
0.018977166631884756,7.281557072865185
0.08913364469731277,21.469478279453277
0.23909973974775767,4.450715345987766
0.2893981238823926,5.479380452161661
0.21783961904429816,2.6210526568822923
0.03303708873124833,22.209928707163918
0.10639566331644801,8.91506132692161
0.3335904180160014,19.847896991603612
0.1919579711948245,6.7028589561572165
0.01849156049775047,14.576510648189705
0.01426523329223528,17.967231817409782
0.3297937516840648,20.031342037902178
0.08885246780255329,6.7698432322951065
0.20540596786815968,18.515355789449877
0.026254598753098435,10.99713117895686
0.386944042111395,11.539847751403704
0.031184127503365744,5.314313682231011
0.07728238771551332,36.1135147712802
0.3983324321791315,27.055200933437405
0.13177795868364228,13.867707342649382
0.05749307590826902,17.043063623132177
0.3778824079442984,14.88528168766289
0.002784066723734213,11.578096428690587
0.03025132823495369,15.293032271819305
0.09164360260729154,7.958828581914801
0.0761116348288624,8.985135728947874
0.06813642010001786,25.09881526675202
0.18242132087448226,47.88838022181369
0.057311737733357404,8.521842901217447
0.08193806600741027,15.404778821973892
0.201870338647268,23.021439268964198
0.1780415594173519,12.419624789075181
0.013104117681905336,18.03196396376056
0.028000704529063114,13.611619535150878
0.02210135422944859,8.54236410478716
0.029043369432088184,14.689993493484282
0.01026612198154453,6.681726752423425
0.20648191883356048,6.403400685731975
0.08039411064453361,14.514105573766896
0.11812415382632935,13.507539900485863
0.04527128053530305,19.556310098577786
0.10028239840880815,11.890378794772994
0.03123791157179312,21.336830436523776
0.08587133663718305,7.376321723057573
0.06434897380597704,11.154003044551802
0.1264660251973737,9.545634820465152
0.057983533685046496,15.434135296084415
0.49433035338029185,21.787323354405284
0.07569196428801206,10.758206071521608
0.12621984549264198,15.084816893042781
0.019784033734822515,5.300715858687119
0.09290609928348204,19.918694225845904
0.09704989473482328,20.245558283608332
0.10750122749061575,29.869453519322565
0.03265339489382768,15.989851487206227
0.05242157338045672,9.710207670353974
0.026258766862952143,18.984714333892995
0.040417721273797724,19.27738104063201
0.30623269228703975,34.68975797524597
0.016986496255981365,11.193636834499676
0.01542312720857808,6.750718873555172
0.028987597866375836,22.05966906880817
0.02950496600749375,6.001745793016752
0.040708948818519275,16.936596345210603
0.30802554273259375,30.865844324579868
0.15907600561990876,27.452979578182294
0.11037853845596146,4.798274445611533
0.003765415666862282,14.570406581717814
0.10362408104492715,8.629975766020715
0.012945779743404273,10.977937551762958
0.10968754556120075,9.248149841798341
0.05289213526077674,13.949328372783501
0.035089587603579275,18.640933412293542
0.03481850615855819,33.150897751386076
0.053725091535966385,34.11651188271198
0.48450290514108474,23.658377453318597
0.0016239937465343246,11.955294431112122
0.15278009438918616,14.248005304725517
0.08353969097572644,12.188241004537135
0.31904079973071475,21.55533585852406
0.06717688725950666,20.707343876874326
0.061782837786722666,8.323250194125748
0.017187555438340496,23.089468263041155
0.0009864083519914857,16.386221833126374
0.007495951118130506,14.889988749238697
0.00932806324772173,7.073320698326519
0.17059383020966834,2.7514437039991986
0.054994404229660176,16.532849227564206
0.10614090613603366,21.757814875534443
0.16543986946612677,21.348372213785083
0.15486512595339263,11.79802958713241
0.04213657487991895,12.427546556111084
0.07908226737595214,15.403517284824131
0.09454403291067592,11.22326032720532
0.006572011883804407,7.541141077255278
0.21154504222499781,44.112174048269544
0.14551904410109273,25.91269311175964
0.010913553541172405,9.63021377849721
0.1879202392622119,32.168565304340035
0.013365743139502229,6.81627011563309
0.12197216482229578,5.910207901202258
0.24363226495324852,5.860800115765882
0.01970262521740551,23.74650508036444
0.04855312368692921,21.925575749830546
0.0614780870218965,15.927779381233202
0.08194972902174413,14.005689671317066
0.0842041307588488,17.503349753713735
0.003016464644701955,18.28457519495157
0.10519513559074767,4.2465603026649195
0.03530734194600882,15.70618236607504
0.03983963902805954,13.960534868775479
0.08835764307173122,19.87888960901931
0.35405149893495036,23.071067289503862
0.07546726961447803,21.26036291311303
0.041169744136027475,20.522948753082737
0.18779116529526618,12.294832901081683
0.04417715446834336,29.095489098557184
0.16636700771357482,12.586201446157302
0.02375059549933667,7.292568704146612
0.029143285409872988,17.867912026031256
0.07051545342130794,3.8128252945378733
0.0999459453092868,8.58414503488254
0.11505480976541094,17.288515303203525
0.016287701196802118,12.470936503401223
0.0010918139321347553,27.288640505566075
0.16046924879151447,10.777577562805538
0.012165387610707512,28.086606515376175
0.059193817965137896,27.808741979283898
0.015632876188192313,3.9437284567291107
0.25177409618549973,9.1403426467394
0.0347060191276114,15.726165226343912
0.0038713138735602115,1.3801701174079137
0.056190125202192576,15.057790084465418
0.09291758328572541,10.126376438170702
0.020176055077627097,9.663664165174772
0.31108625135539114,24.10202449018931
0.03818731382045826,23.964403322653872
0.05068821657596345,8.225626269404529
0.03623305342580352,6.6730118010189265
0.1127285359303869,14.19100057844325
0.03631533149166444,9.81646214760783
0.31327385976851474,8.862806979969104
0.04254702992955117,35.578488089675616
0.007182746856642552,17.57336356889662
0.16238324866094445,3.5860843339527313
0.03454111208543509,4.73302370003271
0.005975236282779406,16.47000385247406
0.07397509200552577,24.61917492098488
0.10516393378316025,3.2553327880174887
0.01893115438554105,14.068323284921057
0.09899227736116245,20.792481933636275
0.025394273062943284,8.940248491523365
0.032273428576218066,10.31016488463414
0.3192244302887275,17.01610431569826
0.04274596664311048,13.238665506752634
0.08570089033889872,33.22120117287588
0.2184001371846307,24.800026622594544
0.012074564324620951,3.991530898491049
0.038911461586963014,16.416269004009752
0.1071681508075244,4.947422944819465
0.06269622178763257,24.89452383379036
0.10688298667207619,11.96949585634302
0.04508939638139964,19.274988447919036
0.05101414264390769,33.9127779243897
0.08918279338377033,7.314468632271635
0.09295839291269203,10.091543581719247
0.29755520575565697,34.076447543717705
0.10368326522302596,11.990821107732854
0.2811833047157961,9.709096687387738
0.2192336571472424,15.905933708682
0.20733908941883783,17.828181248148102
0.03621419372564105,15.910591532491713
0.05660445431124117,12.869862171296527
0.12076437285372776,10.459085259200712
0.020769149011243826,6.104164580999339
0.01478316650400302,2.260938228492078
0.12792493726578869,11.14620534975813
0.039338471513246986,14.623967677376012
0.0443672602738161,20.189379517245857
0.06332560086093508,18.328935382044115
0.031950638980788426,15.07832436069212
0.0392205028316539,19.41889530455068
0.06686479411337132,9.30818108443151
0.0353536460278292,18.249932423177174
0.1002523540734046,8.912968010204937
0.0392296592067396,5.925572595702977
0.13824728933752795,19.130976431835066
0.131493055078181,7.78784616542435
0.07732866814308181,6.274358563221348
0.13230827346126262,9.186235044374458
0.060380971098538794,14.338424318726355
0.07793960216758933,14.768615073535157
0.07951786881585576,18.76282762395715
0.18546270968204226,15.381348502105904
0.12256623349082929,22.473433742212215
0.008751061488169398,20.09256226558328
0.2610916574183193,2.190318656475547
0.2848177520859281,5.541902683588567
0.4133010161177708,23.164249679291245
0.04997480647068642,11.541549049340118
0.0134038681230777,3.048161156098598
0.060422036437216775,23.20552303737291
0.2664497790178757,20.471953244547
0.12637398113213294,17.268241601657056
0.02104931131475496,16.772847657587242
0.1314128767501188,22.74971906176639
0.05380344100115053,47.29475862496066
0.022504025648345305,1.945449016249823
0.043809714011899814,20.348824950745914
0.5750941078250662,21.53767803560041
0.06291500383224502,4.0325982464417285
0.10875706087153958,10.202169448314308
0.045942427872773806,11.049615439393861
0.0250168416635006,31.69834587517507
0.10083719747183295,34.117183277248586
0.023884122805611696,10.482989118640207
0.03422968126631076,10.252860213860204
0.1534478178466543,15.396080676094016
0.27930176178142574,19.64840987088074
0.047398112533187486,9.811223696124305
0.024721481112806032,10.990888266079176
0.033441586046365046,2.3675238286187033
0.038354649612415415,22.56269477469006
0.22897891932120729,22.95122466656664
0.36165858409333396,7.368641987172956
0.25375338332548836,8.110181004288503
0.04783796313063249,9.010146785193903
0.1517134573466592,28.41968450287115
0.07688836928195997,14.310073518686877
0.046099359736558654,18.99953943451135
0.12687258233631837,7.209947146865055
0.013428549683226265,3.4627746756885203
0.13115584761237642,18.668641554654062
0.08172044572461346,18.021806260227514
0.28959798648907054,7.421122279650582
0.03690016158509479,13.494875829159376
0.007644060441862166,15.224007964905311
0.08794590563957172,22.552706389776095
0.05616785958170567,15.943605524582525
0.26589310006556843,2.740987280297945
0.03430150537735699,8.669513463759774
0.10237097655328853,32.60985455491814
0.3076507370417403,2.998887281253463
0.05382525752065703,19.019196782236524
0.006838598185936462,12.007064982398571
0.05269811283255876,12.967944930696952
0.10711056089985505,7.1400529550166585
0.33177479157893686,8.315220321558822
0.054735313015044085,34.86155264968436
0.12279463831805515,15.950552380685764
0.134474988289071,14.195519123883875
0.03985414076055349,1.1379166923056574
0.11371928094183659,28.885971871564067
0.020362144254818304,17.405690439174133
0.1476971953497923,4.332554498210592
0.035737346397695546,16.97038886581889
0.1547933550915559,5.188584349684874
0.014269157241074026,13.51376782549415
0.23386175578502844,4.698827534847542
0.012234825608402389,11.744744195846632
0.093436913311848,10.040295268173848
0.040924147250848364,10.905394949490457
0.06253285855950708,17.54589087699078
0.05441096402364565,10.32208922926237
0.24708077108221005,25.660610717500436
0.08491500332388568,18.2845553725953
0.007815368694309655,16.243284749234036
0.132415889456297,39.19762202971541
0.06717235372036612,8.249657606199388
0.08404466417675849,29.633168551951474
0.050362076526994315,8.79587659325677
0.060610011740095615,19.756087499110997
0.11288993128221136,6.406012413161733
0.018453385298357716,10.60744838056117
0.3868363634500156,17.14241077416618
0.083465617573097,28.368994577300473
0.06820185665310419,2.0539456571685295
0.04392922164333868,17.665035098137274
0.008256958408082937,35.7893546952638
0.0582851396947035,17.10669804872843
0.3294914317251596,16.89215695803814
0.19418539820287606,9.641608053468332
0.16525051739279206,9.75471041531286
0.008203749845051789,28.44405418406103
0.12561145898348514,30.69935355082773
0.34064341164423695,8.358432280650387
0.04379007387672118,3.2395726260940734
0.11574779840566407,20.33596981211612
0.03325327691561597,17.91353607039478
0.08581954247733847,13.20491840685506
0.10033167657877584,10.051719613230508
0.048644441216538326,11.895697143699287
0.081629756133907,14.362788834048159
0.025617247868694903,14.633018781090861
0.06824012660547396,12.84436240199565
0.017561738659310322,9.760017684080546
0.004688879145987812,13.847874521747157
0.2326295544723962,10.88444239092373
0.02532607451792046,15.026360298694158
0.10833787293927344,9.471162682758928
0.23831574733173966,10.715003481363661
0.006115122366736614,20.985949913667636
0.06066177729610445,6.469828538491872
0.009621082998023667,18.83873565632773
0.19446949231860344,11.009678197174983
0.1402771800070468,4.337184874213225
0.1487050694372556,16.562178667051054
0.0503346799831661,23.670763591363457
0.04391216853093738,17.114146054642465
0.22031950344046436,14.865669667866353
0.04711973216728893,15.57885381159275
0.005146709040900532,8.10388682571351
0.03390098885893167,18.459854850612775
0.13528340892912638,13.911361308469784
0.08269734675343443,23.109376739260142
0.001968163722835925,7.471570696756496
0.05149508703755146,11.466390848028745
0.09351290129620793,6.11517082569703
0.3063382662720642,14.062783207391844
0.23381711269644256,22.73291488315293
0.04723908880259842,14.749102657453
0.004826026051091503,17.130629940636457
0.26825131375471756,8.690316100593535
0.08473244357969634,12.85858121610346
0.032806270168066476,2.0936084847050553
0.24634142545119175,12.429486756049242
0.23322994807699615,10.92177118502229
0.057082302720118605,20.93643324188536
0.2070454236139767,15.823227657798398
0.17465360884455094,15.026868662794053
0.013433918132363942,20.96987811467497
0.24801918034552273,8.793045366649133
0.20781358624992663,8.455343916874083
0.11692244701941945,20.622702675658275
0.4045753237627423,17.827070388720927
0.1633157157026517,24.352800187998973
0.17630635100374548,19.029787384010486
0.012763736041051743,8.28368152440062
0.153649405093347,8.24729256207943
0.10303960954786362,7.869117069328896
0.03472425741711049,10.176138999515985
0.020350997008222294,25.338300890363605
0.04485904895625481,23.828010519559154
0.13472629813452386,10.75880538067705
0.1590971137034103,9.263760304075737
0.1578394430091521,27.304379577944356
0.058330028740329,7.624828389464476
0.09271218779565515,22.68493156245674
0.12263686111464267,15.69627288961323
0.30154614323498663,8.6859666361608
0.22676837995402366,27.151405906889423
0.1515961362432563,10.310504913949439
0.08934522196989292,6.136435754018532
0.018497351805649487,16.41729362563257
0.06933918959487073,7.920612838667587
0.09370908175151271,21.37803592892133
0.12126330001512997,5.329938102288889
0.05639195920696238,22.47521081500659
0.10069356060535029,13.309405613730995
0.03787737731681773,21.426552858186966
0.0309197276010309,20.979002842262105
0.15598782421739088,18.28202866779672
0.05117738225612811,23.265387949216404
0.01624385890602298,7.424488257904807
0.12866610956314162,1.829132903533116
0.07527541830052087,14.213285308095859
0.03482474797965551,5.5452362550916785
0.0804337206254786,26.9592020695057
0.2081198049069144,6.49841958537797
0.05505627200204799,7.022377937565149
0.2204294608627606,20.763880441633937
0.03496712366518295,3.906763156210835
0.029796878655588444,15.906202665667895
0.09208947632430409,14.177342468178354
0.11230123901339084,6.702023675887168
0.053082209609783604,23.148701578692847
0.1607388679185533,2.9322764322226407
0.04813512548025756,6.142107274204931
0.01292505335959504,6.590379688918195
0.05960627741069402,9.458377400225332
0.024172796468519664,6.2969754708683086
0.07013786572235858,5.626567603651499
0.15222997113608017,13.466439621117276
0.04822134060736971,14.189925230499652
0.026234838568370833,8.424282887938068
0.06325799241619734,16.15575561356955
0.03270475786257521,11.076397207657928
0.040898102928508706,11.092493495341204
0.01482220158823111,25.08220477966966
0.026030979938695964,4.140375094540036
0.05853995211566598,14.00453459527723
0.15160034027621805,17.961045527860314
0.24463076963286312,20.96316102008272
0.011893920033230643,12.646941337119445
0.0048701414149263655,14.046854483652695
0.25363782836450355,20.568285420002855
0.2990958271541331,17.647817403871837
0.016006008549993567,9.554826547157065
0.03907465266615873,3.664987674779229
0.027114193063653147,23.21872871707185
0.08542280576773464,1.9014589967576936
0.05866991421999046,12.689909645909356
0.31482615653044377,25.543911929138698
0.20643187527082318,9.034533730040133
0.14131269742676977,15.66031149726443
0.29376869020666163,12.60477838732827
0.0006053056380324051,16.536562786763618
0.23702963755704332,18.05987922028628
0.18565482568794778,16.234818497061955
0.037918639906934004,33.21004077955424
0.00506538579975313,5.861334390142319
0.04605845443791168,8.23087584687926
0.0057862063946458875,21.50132407739906
0.0064138491322864866,16.83778886592152
0.3112267814705092,15.630146150726661
0.11457381530055954,5.973164786826338
0.07479267413089019,7.968728734247485
0.21348346709396537,22.372888468602387
0.10665208939531112,23.452862760370525
0.012659789862027537,3.2516296931944635
0.13102398307887597,17.599561539336
0.03512487205398429,11.745996066957506
0.14187965613734832,17.702124510904437
0.025414327708176643,21.910030000308762
0.0771645267675467,28.375773388736327
0.11478404682918608,3.4264398853576026
0.05147132288243483,10.734287714768096
0.009860707096777332,12.805313106520249
0.09344851492880935,12.722370846319098
0.09047324817254321,15.778334001525721
0.10572151002145347,23.73549530890874
0.10871262492719325,5.956219006741774
0.05315068075947238,25.545824766616104
0.13986069876125384,27.869137952504104
0.04401280874537861,17.565992588374666
0.3937639266497399,13.95777123206364
0.07115965632510779,26.944119779830885
0.0556571446795715,22.20815380168099
0.046585939961232725,8.775288402803827
0.02718188678431943,14.650638112635122
0.07677710848940933,16.147054566731953
0.0007219322496894165,3.0195204563568874
0.02223085228479249,17.80924051695676
0.060547803616259444,18.328492624221706
0.2594170720882403,3.597557569345674
0.04701434391051862,31.67175333852225
0.14526283008024166,10.594912736868887
0.052872502630066265,14.625104229193948
0.03165907711195359,23.009733331683375
0.08506945967474167,32.01941854217193
0.10730753497136902,14.787573740975544
0.033139897954811204,12.816670766503233
0.07211522884517763,17.234778563354283
0.10195575179318439,27.487118298069092
0.1647791603755877,13.8506462014763
0.010761193024791282,18.003038197399636
0.009123197807980432,16.585251170897855
0.19401206734289644,23.152647361558785
0.016920909446639598,21.383139192474456
0.39445813129714224,29.7363360850257
0.06950386609014458,17.267111430611045
0.09796829176366373,6.119294590701062
0.07522051519481465,2.56999162589697
0.02660633153982417,13.868632974391394
0.04476653789458851,12.963459817176647
0.23540257827858113,9.932854916336526
0.0016932230482780142,11.7119649187773
0.043964359718074775,18.250314374586125
0.08392350904478008,15.808572997873178
0.1713010914950246,16.711053789716125
0.1043954166794947,4.220209708834003
0.31692125746405964,12.468992785627266
0.06521526143410483,27.295509524291475
0.05544014795646035,4.207080772021043
0.053605636450583916,9.33705506470289
0.0005653136418004578,8.534044217227361
0.13426436907332118,7.946766056592253
0.14707190040064688,8.517187745112883
0.0541639283612767,19.45969463943619
0.03436268553184618,18.1646488803535
0.060714764439126157,15.096930687356855
0.022124922595821772,12.020459111133249
0.17070601976763555,8.233457761364892
0.012956472027781274,12.693830725129164
0.03362912271791174,16.29583244424639
0.07532101481433529,19.175157251790854
0.06163097679950624,22.472485478480724
0.1671608836326186,34.36549640753204
0.07687478081436439,18.716461848465
0.29355493083505735,19.599072461835043
0.034652233706651714,20.569382590658385
0.0009924626975816864,7.731028201093149
0.04281733696302581,19.544325798176917
0.05100572401647696,21.597198382389315
0.009279639827354913,19.528319869230284
0.36972685488478874,5.6968073876539425
0.008098051578599552,12.985639305909178
0.06588332046624146,2.9484244464747498
0.08056839589005449,31.22299583171576
0.01928511377104769,15.63679078722007
0.15524592939414106,17.986820521983706
0.23742940892907427,10.405103985652184
0.19763432695560823,16.54649065042205
0.1752789434569877,12.175264250426666
0.1330097774607566,12.484602460026558
0.010907380301205194,17.865121416736702
0.09189356508943547,5.901495538535545
0.05635796495266732,14.649471119599472
0.02315533575676909,16.27693123859839
0.24918953172880265,15.401300167165363
0.2865081439043706,10.917755526328115
0.056303570647287415,5.841697538261313
0.10196574126268843,8.477064633397879
0.04249258158927205,23.3496464353719
0.04740353954468901,2.935049075607902
0.15206460158185564,19.116792513140005
0.12697898416558928,19.81861477717244
0.07297467104399402,20.982599956026384
0.04677379289705641,23.573937119838664
0.390864914230292,25.365210590516984
0.08689922206019673,9.99856664879453
0.29031690241401975,11.766355276528426
0.1517943372624586,19.162191111306655
0.014983029310656093,10.831410389621904
0.019507396335257,10.529505978081632
0.10486587743628206,20.755010885174993
0.00095587320413415,22.425538195298863
0.07425422622952738,8.505882240821553
0.006955893884196485,18.91737908038625
0.03947656345189898,12.700332344798658
0.011014895458288265,16.827631297105057
0.09246721260444701,11.184728581878135
0.09237696707987197,2.9459969235920873
0.10627046398940365,28.212535075578387
0.03204147926032874,13.455513726826466
0.06841606627915553,14.477924570831183
0.062445539423492846,18.015682153627797
0.05512922288835398,8.658335161422096
0.0435138232086274,5.408214007781037
0.12782955157388187,12.399527746366793
0.04420839659780995,26.4161406793742
0.13902739829154598,33.78746196953997
0.10396717743458339,7.05893837556199
0.09155462312355667,6.242405087489898
0.029336282903159372,9.040843230091545
0.1908300222668231,9.291473049520633
0.09094868586794291,10.077845812184682
0.08610803708825188,8.649819059721947
0.030318157346641783,10.967479366139472
0.19119853149970822,9.642919674976653
0.19732616561839222,6.3825105438545275
0.012039891428685223,15.081133182790031
0.42678638347047126,8.572553024181486
0.13659171099232026,20.705900273149265
0.21569155204485924,22.91026067190109
0.09860929903959459,6.276811988688131
0.035785723120625335,5.813297942272781
0.1467553768493417,12.095353953459346
0.09490677207475073,7.381214336403233
0.06774192957630021,16.746924916599852
0.16781046234075347,9.301745709017858
0.04347493519503587,20.743338409638778
0.06088612290739093,17.230724458839596
0.10055845835915989,28.439461209437194
0.015627415225026198,2.5131542359391466
0.20004604821076555,13.197447111228303
0.022104211848613886,2.1818389814536294
0.19381760300871065,13.750010855428904
0.02110850658345953,8.79919394078237
0.1551881076790096,34.18948710007406
0.13329345142904003,15.282825677156971
0.23465717043427503,6.382873479084118
0.10703991099262566,19.581068533789356
0.14623263385010432,7.315415639825711
0.2350321871547294,26.790086030491036
0.082896596315436,2.58837115786101
0.09817661571071312,19.239907893639725
0.0710252557196327,21.97699580673511
0.05405367227649549,16.098643940504253
0.41578287116976753,11.597533673427137
0.03550995489399611,5.271764535549997
0.017188009579740537,16.123250914196074
0.006673479636560842,11.734174356752597
0.03964891781379265,19.39010738409836
0.1305047048989536,19.72186743821188
0.11406900137012599,29.516663513071485
0.14074397749527634,15.913807583643072
0.01730194031267729,17.044423360774555
0.06700504403966079,8.111232680273783
0.018644225091748012,20.601607598232054
0.10798499696136332,26.28419619751113
0.013147233343829612,5.388638677699187
0.07304763256263413,3.534557894623798
0.01936186988166355,23.052882209604753
0.1635485323992043,5.890013768246996
0.01587766685349834,8.88885317670113
0.11513046407208094,13.138977937236017
0.15084075276138265,21.1716063828968
0.07216799752518455,5.227089008666576
0.044206342174447855,11.641225374054113
0.10520127974405113,15.384051085797743
0.09115875025077003,16.663242723706457
0.041106032507400414,13.075426466326952
0.004727162510221206,16.838161001600394
0.1284327870788502,24.64686787631399
0.056915138225804185,9.152203110102578
0.01010519794965603,19.983901588825013
0.09849689518034666,20.474645837620756
0.042808929169609655,2.098093948502069
0.07064444555646787,12.392043463106498
0.09998510548882678,27.265513708138347
0.05371339539362907,17.778278697665854
0.009219896667445937,12.998305827457685
0.04051936668656708,27.245814239970223
0.08647448960346082,5.117720359742407
0.011215741221235476,2.5080419390500723
0.06336327766280192,18.937232574140637
0.33417475673741137,9.602541027922998
0.14236387557389207,9.831687115029895
0.21077637260532356,16.376746576545575
0.023091452827429748,14.399835343693717
0.04212431851738074,10.155601664318054
0.09420916161934656,11.906645813939772
0.017904639224866514,17.299531327840064
0.10599639539202599,32.83465921364591
0.07142011601240483,40.89423277489321
0.10558867421377727,23.573390690790617
0.2249901127386238,20.521237709577537
0.0545351066987223,19.36276999505767
0.033288514584228324,12.588001749156753
0.08957330139458008,8.570218107037979
0.04589009964865909,26.920342240058154
0.005618867563612184,16.12853879648965
0.32360137001228395,11.70891266458695
0.2028502622808901,28.063089241281478
0.021675890016808808,10.323400953137151
0.02845492021822338,10.478420842614751
0.25638784798240977,28.371322627222362
0.011286298640584391,13.055898257526795
0.021867317435635414,9.184042354512513
0.04852312710681872,5.680515198610281
0.02603139983125402,19.155937747773713
0.0019356660847051899,20.541846441653714
0.0017993075368849532,20.188965753286524
0.08982993548920604,13.925372185825186
0.09120919498877811,12.0501872399737
0.038599924358663884,18.602221451660565
0.12436862521815328,21.54849728460762
0.07067098928439464,5.007581319085927
0.13554759563453445,4.871209278396401
0.03676259204382859,18.075122113971005
0.20614450133700757,11.976269007713793
0.031098626095854343,33.71384061275205
0.00044470198270119,12.842816424552357
0.0575770159368858,23.283882687005292
0.19834637134033528,17.429316873037624
0.31645392973803155,11.195732260602206
0.06055061687857233,6.969400442479733
0.1037380272939572,8.161557043310385
0.08475350546211757,35.99187666941372
0.10246253615491696,2.915087308962854
0.04732015702791159,13.51985733939598
0.010031404726646542,21.505377733454516
0.460649633602884,5.155350019825686
0.020054563108487855,17.38626697371998
0.12139518345441047,3.769401881408107
0.09320474032517723,22.01922505101227
0.009010617715262015,18.114845213477874
0.32915595747078896,12.981061570832258
0.031497004592779376,13.151193740411589
0.05699426456533274,11.158794923871042
0.08898144249008055,11.51502818957528
0.017258825349586004,37.5226050765764
0.014054390039063946,11.700550354040818
0.006352264004249264,23.66636011816237
0.01602352816757957,5.120240289276444
0.08889482217307432,13.06781177418733
0.3057586984846239,24.550352018542327
0.04884228231412635,6.18433941630366
0.010469931221678053,3.2461837627543053
0.2220241667096161,8.85726887678019
0.03022048920809084,7.22388415667731
0.0010970059196324655,27.176674711841418
0.37403199796744957,20.537277528841063
0.06023763056145981,12.917769305017977
0.11665491637870673,20.518946214913846
0.04043206128972088,8.496641584842548
0.02768215694902665,3.2167806901846143
0.018091335648364293,21.505463408260866
0.05254204958146147,10.276088671712307
0.17585653811863722,8.280448838257406
0.02455308233368214,11.31455509264038
0.11117205379412098,8.424740663079909
0.04549504361068557,18.63671597511582
0.18687345494049623,13.851547733256586
0.09329829963553493,5.7726742447177815
0.27474260427186437,24.39010614462629
0.07009360399536035,22.5774222716065
7.835601309125195E-05,26.76838931483937
0.035257461909395715,16.70179485179313
0.18565150061112945,6.116373173012449
0.09024778587547644,28.955837619658737
0.0014658158067959448,8.212769336133308
0.0441709365755969,15.717554079247607
0.20148478012742999,29.789669546583937
0.07327246498289242,17.58695798858292
0.014343657234235252,2.7373852734982216
0.011201318122743942,14.830888364567548
0.1902463125873055,10.748298321476108
0.0036482448823562663,2.3213504211918754
0.061175810247959816,11.710614285720315
0.0949850142330888,33.26119513279791
0.004287499458314414,25.341023510072848
0.014857775250675331,9.740981061576447
0.018438969204112254,4.446521022261531
0.06886979406601768,17.268882927834362
0.1082560561255832,13.431574075174396
0.05070492461356935,9.21579758627278
0.17534976446120254,19.35620425446974
0.04715994912339738,23.45626261537468
0.0526481887599175,23.481765762142015
0.010332391299471055,8.87849367715941
0.09315037824512729,8.388973947868879
0.04681199248432222,8.809394455792294
0.019641313061356414,22.652452548013464
0.030875726579893126,7.569110291766719
0.11369678162702712,16.12402141682853
0.067393666069961,17.61919827476394
0.11536784489101137,32.296674912654595
0.28733561975991506,6.236406003934139
0.10680288100866164,19.3493047493768
0.023927442907847762,21.02367244188497
0.08487680644839202,23.29255727543188
0.07418208682975092,10.754281359189699
0.22229223871181603,21.46527088349519
0.00024759270434060454,22.51328875758205
0.1346391455850835,6.6839479884804724
0.00838630521423056,14.803320798886558
0.05224509944844158,11.184029029735475
0.0048071518484675835,18.93089536678442
0.05483294786358783,23.412607120917162
0.03556954214207053,29.487138823620057
0.020402289191565615,14.118681212713655
0.006364042773725487,18.670800715534337
0.01712642938184672,10.779828815546114
0.039620002231799845,14.15933589872377
0.0075241157200025555,17.047129274767748
0.18755874565022168,15.459025189775032
0.03731077279383044,15.593155024364897
0.014674549055257557,23.313762714160237
0.335895894984219,9.946013928969073
0.0326902253410708,21.676730142509065
0.04521938732796116,11.949300433152215
0.13595135433024552,14.958478027921343
0.10672914488441165,10.01559646382272
0.035299806613579676,14.048132231420832
0.012513793555172015,10.65633591520335
0.0032582755437715605,15.534883872358854
0.26806227827887597,10.053965866679642
0.00769518117908774,15.288194605372764
0.1297773895192904,26.22487978018042
0.05872849487309395,7.184246785838551
0.22894348671786702,24.162024000079658
0.03988380836528904,13.104452218138437
0.03584532375782601,3.9257946942382387
0.411127423140897,20.483949722720975
0.04373021726507886,20.071410718679502
0.009391976169126792,25.037831111736793
0.017811142667824242,23.86537465271566
0.052853070751666564,11.529333076527497
0.020680423929889002,15.22596621505521
0.010335330038287793,16.625768961699183
0.03111217809646405,28.31070752932908
0.14752577417550583,19.042386328060015
0.016546961183962594,23.544639400592914
0.0799029655661343,14.920977088991727
0.055261114080622065,8.012899158798225
0.12817553713796315,17.433408431004043
0.123138403196549,21.698696128485956
0.2373215804981328,9.877113524186939
0.08786516769146147,20.554579908698038
0.03566713348038775,14.74152537708526
0.04219538084271335,14.647808671850832
0.0660736851123147,9.149559247103168
0.05195032190317761,18.708759359450227
0.09812563512593897,27.226653348744254
0.003825730340622613,14.904429054645735
0.02618422649754848,6.8260113667282285
0.05733088150657295,6.850278814257074
0.36795258200334047,17.654536300091767
0.19688144064707558,15.074621024334485
0.04132232481401843,4.390262047603217
0.08484420500110446,15.536620131512871
0.1797995630256537,11.769185392007198
0.04691285965452607,12.885545485305087
0.002700697650084294,12.70300525187929
0.15917713509054465,32.2481690837783
0.030088532859394945,21.302267337879286
0.06709043260332237,21.25371585480936
0.00709350363683825,7.08804408704539
0.17596538884777146,7.055352891026465
0.011344035432443889,8.001725492443725
0.03175818389115648,2.444771267424631
0.32106020041624106,13.976330164192282
0.11135371492707691,11.981665815844401
0.22484113985956355,19.72930601855684
0.06503449612444001,35.24795626013044
0.1162123767473986,14.454892859226245
0.0661259543022652,14.337291919609576
0.10586415441787267,14.054033249774385
0.06407365315851621,18.917819272424552
0.12094207670429569,18.1634031030125
0.15310742767508145,16.7039504647603
0.038168491550095496,3.4833852428272665
0.03242677737262056,13.053051278543984
0.06108275035580846,15.60216669331285
0.14769243632815687,17.509619924586328
0.2584389610666449,16.9131801585043
0.05012284868939787,10.504001147507658
0.007844884503924732,9.425370097239886
0.035050421419668965,18.020354744935698
0.4039257895690298,19.179665662361536
0.0561609786597046,17.689544430699225
0.00032811363303153485,3.7209065877555902
0.08671696278338459,15.014363457474902
0.08420072171895754,20.18978819547646
0.023037893124410402,25.457054438145896
0.06203113801893778,9.188429669866782
0.04557372884380584,5.042071502520197
0.02095543762413854,3.705483889730675
0.23430553432899615,24.894279755601104
0.006997692468075911,11.452688958249503
0.29528717663777115,26.576525304735924
0.14282047645622242,11.941725127278342
0.026130558454497077,13.443619121396058
0.06707422627346205,21.70867353907929
0.5369184336337867,7.4661998338333575
0.03269491128730806,12.78085127859716
0.2135367345507575,4.887118946064252
0.4685401152084978,12.623507444483096
0.16945742969369348,16.056784047898795
0.06993370892200801,30.305968812862176
0.019457274348155806,23.381605837896405
0.0038891500153113157,0.5520818406287608
0.0406685723744431,13.15901569390034
0.06361582909289609,18.142537636062357
0.22241482125252787,10.232609255489729
0.02594099630164237,19.740976691509378
0.05480066737266043,25.927630845579333
0.126386151971019,7.333245700391648
0.27344496811508634,16.716080611928493
0.02065060629411164,17.3544461440551
0.0805056005337974,12.545960886258584
0.07683414516588982,10.622645338722236
0.012337063526615566,17.35557993226963
0.2971222211942859,37.71812987967164
0.3181333372855306,18.996762197105618
0.12665997882254487,10.382548246144122
0.20498918327325555,29.247115616807914
0.07183879022682049,31.73075713066836
0.03405974802080891,15.809395467590852
0.21611890658812172,8.653330271272942
0.020317395631082036,10.962758074735106
0.00799531018867583,12.916468014179541
0.005802418347229832,5.832312810398442
0.016887486653104133,22.28564036050534
0.11112318963625967,19.640350059403744
0.18002872248825952,18.44081763712271
0.028945172160092625,19.778138403317794
0.07350606485783828,7.6667589291237
0.022992534813852217,5.22980064956261
0.09990182108060708,11.638010751993184
0.004666513087727253,18.41261134117958
0.04578488589834251,15.434794420722254
0.023815880536176337,10.704057136152986
0.11802543998544479,23.86049705012808
0.18505021558701173,5.376908503579476
0.20477402155120217,4.017727352632744
0.006572010565946584,7.475792642624338
0.08653331048992641,21.291351901710144
0.00016302124220146652,30.20520292082684
0.20627214757939782,13.324237546141324
0.07301836733279288,20.184972017097053
0.04764927010262454,19.685795327896987
0.0633576897309922,26.167502397743384
0.02680717484111028,24.587823650597976
0.11396280190285779,13.277215568304417
0.19763872945304684,6.071219056332535
0.02171330646979186,8.499861271497
0.07080130710596677,3.1834067066738863
0.06849689588386809,20.136416637509356
0.19547536213451622,8.896200874368859
0.17957677264519134,5.3944791149120155
0.11537252280709254,10.97926388303487
0.030807977830818345,9.92519923233909
0.05989789556724645,14.832620056207851
0.13664346622522316,11.988354721824187
0.023350919498170697,12.185498330332631
0.030837494045385938,14.409615188937284
0.07507680830485697,18.571802318983465
0.2754399961914942,12.631864227357829
0.09808483353720021,22.367393699906536
0.10902836619936807,16.985181361473742
0.14956291710632286,13.246057191160132
0.014476481911060546,14.647195601783041
0.004711687617259486,0.9371308701484552
0.20896797925843202,9.914761122978925
0.018293933635732174,28.83004327745789
0.0032062440523077385,9.65440887978566
0.06176062038070995,14.812262158995777
0.009233800727088237,15.932913883372915
0.08254015627153422,15.978474563023081
0.06636521237021498,5.556459383946684
0.09968075425649658,22.820221160036862
0.1120465965115045,37.9777216202353
0.03803452569070487,36.562243746900634
0.008375133346135044,4.499938055362641
0.018421258113562544,14.810826697403693
0.024942827194763595,5.442750816785881
0.0025931540989176938,15.74302185374594
0.1496345368461789,14.296561957863133
0.1838445973562557,17.25776836754767
0.16695846907225587,11.128391357848464
0.046109657389024505,16.599364090276445
0.09983759181034202,17.942662356247627
0.02749256444860748,24.37937589064408
0.04204404919073568,21.465751824105347
0.02969234192175918,37.21985974091309
0.15024289565599247,8.245126032824517
0.13180580058008218,1.1563478684728896
0.10493728247877243,10.936652200017958
0.01691433770884032,9.912582341555458
0.07621150490763284,8.97547256480628
0.10855216930144707,26.095341022469746
0.02578619972814522,10.901838209266236
0.017030103363708804,20.70752153541931
0.23262993260277653,10.595109265661943
0.07256838756984507,24.04331112613323
0.11069975231930584,21.616786322702843
0.019383332128086295,11.181652997669348
0.1956679285606242,18.02590318335352
0.004999209187303677,26.22501488612338
0.017176780021031846,20.847716423205057
0.07563994707550137,4.9319876135204375
0.0788010541176618,23.65381596662299
0.4058415123887471,26.389313439793128
0.0026213739291733873,27.72668209877315
0.22543320782722276,26.260704425481933
0.11572732951469789,20.473991780798197
0.01576128796091325,16.967114296316062
0.2935304710960054,18.860843914623835
0.15744304169663792,3.9990405424815063
0.27766942087737334,3.3866838697592168
0.08593290683256782,22.548015323062906
0.033299816880344224,44.43464397057755
0.02046860730604294,7.808281797781628
0.0216891610955372,22.535962168828316
0.28200434788345774,36.336400009156904
0.10012132306815147,14.476029679735879
0.3140045275633838,6.323094180568989
0.04442917996175311,3.5644318130067
0.02212773153314629,22.41288147722435
0.03403603235369701,7.736865178371972
0.005872996380844597,27.656498249888877
0.14568257780740623,3.6333790425315002
0.3321278780565535,9.603279856015215
0.011433350006541332,4.079427177043556
0.0006058157764528005,19.01036986621368
0.05988130766445465,8.503612503519628
0.2171107157523693,11.173040604436054
0.004322324163695157,4.062376548185031
0.1545365633991196,14.701896043105856
0.3034615971041603,10.969811039141248
0.08624114075610123,26.659931372649034
0.05198391563453697,22.537895945111142
0.00470227646121657,16.639296289495597
0.013441548284504279,28.585882148705952
0.08347531957792853,5.626707679004862
0.01023007627793504,22.508249990898978
0.1267105099498167,22.9808745284613
0.0720420213071975,17.383173902648114
0.3843578972289379,22.03208214060981
0.049376203601241286,9.589873621727538
0.009133245063139839,21.840930838489292
0.3147227531970884,15.33377185060577
0.040965511427316414,7.378156059051592
0.14314943772126298,2.824611633401082
0.25356912575477963,26.29315224434955
0.015555638559362706,18.400785208164862
0.0399851346920741,20.603849085054918
0.0011026041674995213,10.54508956676717
0.049569434603199625,10.962193082381686
0.06042350607071967,24.67446413533125
0.16619673003106072,35.347334288881626
0.1847715774133576,8.365079832525284
0.06424211981334338,6.209380375254075
0.05899907104674185,28.877036889936562
0.015567576258717963,19.323196231278082
0.15450383930078715,10.894129305615326
0.009041484124963972,27.89510391556546
0.08526201839401892,5.37961378221417
0.43423490661689357,14.95050065157896
0.05147755455891456,20.92985686937101
0.08626364007511711,4.134969447028875
0.05977934809141061,6.758077691002874
0.11893673735858101,4.77265264123583
0.1320711114783535,1.5508735373441982
0.018258270989917946,11.350424397726679
0.051464960164139484,21.47623082750519
0.006144940553326705,7.254672916361352
0.0050358942269213,7.799395845377565
0.15504037684195282,23.90053198425609
0.013972167077213271,22.258019140030562
0.036659768233676004,8.84146456651295
0.03447824465285976,26.00449087588001
0.02168124007289407,20.67621388653403
0.0959772545152191,7.601995866138757
0.3012705582292483,17.811922634317146
0.06994706211094126,2.0581559971790058
0.1666076544694306,6.735224041975323
0.1565880150619705,4.78480295486805
0.05695014820491906,7.892525669216109
0.061334200110195525,31.55571094662815
0.03335461000892792,20.19908732319602
0.0014497862874804923,14.395457355954239
0.2908705753607137,17.7211278133702
0.07399285926430821,18.332980663839784
0.038857980096736355,23.86158819011047
0.0076751525992904135,14.899093838903852
0.019235797743021976,22.54942988955648
0.003126587859128449,10.571041403861303
0.10401334960283748,13.877826339939352
0.0017904984740653163,9.09805999301434
0.10252222333861027,13.594943651992844
0.0187733480507859,18.063795678167235
0.038721539889706946,7.009096522169582
0.01226359239251451,17.90642964988749
0.12587751266642044,17.018698504987427
0.18988127333409466,13.947067306598349
0.09421601462349827,22.431723822028484
0.05121354098707798,18.462625769997718
0.1894455733220184,6.4959037335048
0.16762533445387362,8.611297700112253
0.022221631791921936,29.178737631306067
0.07012885965491478,14.345640869587621
0.04905183675828084,12.713705189433382
0.07896211622642113,3.3939957228264057
0.013500193698746443,19.061439124336516
0.2028731258994867,9.025721037099446
0.05454991197018444,41.55712349358362
0.16749836208452962,14.877626350665686
0.07063709446276789,29.141527575105542
0.11424869548920924,10.521754021324359
0.1650268976272855,13.044978292547773
0.191165504007472,12.580682655194654
0.04224644539510791,4.06287195316084
0.08628238146627609,16.29218550844876
0.0703518345245584,21.772794168917
0.004377733921046456,17.37591036022684
0.011915971576058837,16.276168918454175
0.041708529557126894,15.993019440363605
0.14777668065289618,20.575730265172492
0.0704412476577545,16.22393691286476
0.11684522943869524,9.328308212957204
0.27348361207430116,14.27181685593188
0.051306458684734935,2.0507901561956383
0.04432436103479631,26.080029464727314
0.17160498519058365,15.201802308865428
0.04964252582703921,16.143494943409955
0.03632124228829525,14.8562190388181
0.10646790415137275,9.739851093485125
0.07337885560821178,3.363979605506695
0.10996853177255161,15.913094378052339
0.18226125196326848,12.94253291783895
0.04019951958332513,8.353549091868782
0.47716830595550164,4.051942061195463
0.05973716775304183,11.321086213028119
0.05648438689900104,36.60064153568852
0.13624929347531634,15.852958827884645
0.08888822687617903,14.236410945424014
0.017033328964657812,17.776629334917143
0.006435725227561306,13.430650993026372
0.23364074868607076,27.48656087133942
0.16733108538517172,39.582819619589856
0.05510809072188749,8.850912216893024
0.05672146284666724,12.224831214506102
0.03522592568890559,20.6023342871654
0.08129522180047388,17.567403825143174
0.0642405194115554,14.725829451398772
0.07127078877124404,24.301865119413304
0.045916023384847904,9.211509658176956
0.03339901304752857,24.53027924520334
0.0646562435275655,14.399550831219354
0.1022113910491953,10.939675155980074
0.01518610464700032,6.091601453780368
0.0843369789084818,11.273123271033146
0.060387037636132845,15.914232807259353
0.16755254423571841,9.331920149030235
0.026068402489386244,13.268075163970261
0.00024271957101973385,25.621917349596856
0.02878435047932726,15.671864931234287
0.1727693245621822,8.26930060951482
0.0017957648404944848,14.942922784983672
0.3986447303823297,18.620238574016003
0.06537364924781741,4.932787845471997
0.1854973429067286,6.7842446957397895
0.02426828704244599,16.711262773062725
0.325231004880834,26.711027007659006
0.026224397067039718,26.191164910779314
0.20372125660401252,8.846898372994826
0.1969586050926182,5.3901340612136055
0.10608871806300613,22.374573779205715
0.10543252315051177,17.041605157095937
0.12918819705726037,3.0238776238494904
0.03811332713405591,9.291464487144271
0.1404614732355185,9.436157014476516
0.12261374072397757,13.302416636439403
0.029456102548465424,14.809361128193949
0.07430886550866944,18.978095961433787
0.1856917507268463,8.170261075211384
0.015387900232553875,7.935661205701648
0.20314300988468403,16.42556342641613
0.04830424538567968,5.019292348349298
0.009495379748159394,16.249601193751385
0.11368246712345353,5.143820483824297
0.035234733202287316,26.91921929022544
0.10450508283372528,18.10944993917939
0.07000536935413493,4.631974027517831
0.05731214428374187,14.296427139881574
0.01722893108444623,14.044084064532527
0.19194954578404122,8.640392025042411
0.07932920291534629,10.570053156847704
0.11345848079020016,13.195343886902313
0.06206318497538632,3.732274359461814
0.0069611682522463525,9.839640358237702
0.092950101570068,10.714060504750561
0.04074270338946917,32.177401350800096
0.05354991713363688,24.171987939073194
0.079165679642756,12.637637084878707
0.14504357885391528,11.118858835532576
0.1167229290205114,43.775400050127175
0.25998251589851407,16.57726170218718
0.39153223897324096,5.710717577774611
0.020690090098128167,13.040020719012713
0.05189131437884953,7.467649781692349
0.042555433262577935,11.69325248481746
0.12765101683714875,17.76631691187746
0.33621302853634916,9.045922750470545
0.20430353029155413,10.918561155146772
0.05946860434892187,21.628753971871642
0.04984096323676113,8.829228108214092
0.030641285419960695,20.00494493997321
0.11076934574691677,15.346552746295103
0.22049397333887555,12.663796177226663
0.13807352538970008,14.943976562799117
0.04024374255823204,9.857269573119659
0.09124088619569193,12.645683436441637
0.20550913978740937,19.870743252945
0.15516099594788102,4.071572718490246
0.09215274052155564,20.223735141196876
0.21221833931724632,23.836023374968278
0.18127819204744355,8.68787588460916
0.0017933862429799774,15.293016407028254
0.1480770757935943,9.556366346273272
0.02818114052047349,8.431901517770827
0.17972316573263925,28.941511495899654
0.14777088145069683,13.705935833532319
0.20651249132004068,25.766852897333873
0.0001312430334792225,20.564303402050918
0.03798814049980592,14.695025783034103
0.009055076306708543,23.8763617156649
0.001167070709698237,22.03285362081223
0.052397142654967865,8.859105479791939
0.009648292872611819,15.593059922144711
0.06966370647421627,8.92940977980512
0.2252350424901124,3.2145875335602128
0.008665170123435928,31.892132718203904
0.17140210543482226,50.09883822110689
0.10358321988746866,20.809684156820865
0.02390449420852292,9.58440033709971
0.001688434413495088,1.7329032642779363
0.07527988232641292,27.47332426717137
0.03232886301111648,12.937433971287252
0.03304265366614345,17.659915684623073
0.40632260565530487,12.767837547773183
0.022965351377138177,13.885395993890715
0.11018027399609309,13.025156883517639
0.01670704770060638,20.80266097691101
0.025989051513761297,5.793668037829839
0.07559391542019966,13.550814366672864
0.1032295766963216,14.185088844731206
0.029336062264974316,22.562870234924798
0.006642386365911079,23.007708929378097
0.014740086545430131,1.4943408845247375
0.06814861687121265,11.986419943752477
0.012989952689167694,19.152907919206747
0.09192292691216153,6.3542648334610075
0.028739353260789358,13.693849147495873
0.02655923559052553,17.425108111073495
0.0842233530837575,11.560841151089182
0.07256510139620787,23.98185780420356
0.14024787577272946,13.653891737842288
0.01736452788520637,18.88982971107603
0.2536871125324751,18.956302893914156
0.029253335048906592,5.922819611260195
0.13627545774704686,10.38116719067625
0.04178710037626843,24.655894176588088
0.19482552065903747,24.07257734736412
0.052963505327170424,18.5808960168593
0.0049144582984581575,15.93405734400751
0.0031200935310380373,21.047817864802536
0.0189339696511297,19.523628006269522
0.06191098420390517,14.460272967495746
0.018825489449454835,12.760558332885669
0.030198289771760756,4.73954906487221
0.020810727956813935,18.52098719307766
0.0054219259220644744,9.203964405720425
0.01197784999965279,32.86782754238775
0.044045549433917586,6.38358075811603
0.008384600366184713,5.069695754245309
0.27106419550852934,12.319720474585987
0.02460110397942117,19.78995968308497
0.06411479228984263,17.679335073913585
0.11042799134941106,18.553818911708703
0.2700178176737609,9.788634956713384
0.4764271885188691,25.25394927240885
0.1167609832062908,15.627806638221742
0.1466720144220517,11.940795008993726
0.19522914884544207,27.814770149937555
0.015369440421068248,24.270867048995164
0.13187270035541587,12.021375255867188
0.014484694881502946,15.528869729167967
0.16371603656705247,13.277179212671284
0.06393371024239514,30.31045078521298
0.15668809152191443,10.049593721530808
0.11732171872642994,17.442551262124475
0.06952998736664995,6.36428591624001
0.08320778920665362,26.68289075403299
0.2313075129286517,28.705040031480646
0.010475286911628245,12.128386427791897
0.025613782580307998,11.50894363595064
0.0418449241202552,20.181499045617556
0.051900950700201065,11.65612466954854
0.048693997524537735,16.797544537672998
0.06956137017789388,7.184122103674584
0.024820993765729327,39.90532859795401
0.1642029219651704,10.822499671146117
0.19119258876128242,23.072412383073285
0.04331182695420921,19.2595560317985
0.16570168698672205,8.420923466910052
0.049005052847633124,16.33582942196873
0.06850199485768371,21.94505098907857
0.4071928036829604,12.042156063616234
0.08023801603906122,23.00066213040497
0.05130562799206473,19.29971988972911
0.13754718013876754,6.788291616362469
0.003288569835490307,37.80879271707023
0.0726526967122254,6.113672104894059
0.23466463201384613,7.809129003757814
0.0008895369360288896,5.384099261112671
0.0618090823932107,17.746145979133708
0.05849546256069971,10.580197840055733
0.050962773852120336,2.673708237999317
0.0674171122146845,21.80612315057668
0.036474420873446434,21.11035761429313
0.01255800975513921,29.87174600455891
0.002350781865402496,17.336936027822656
0.0006487904735195116,1.8402890638828644
0.026706475554988174,6.956259004921703
0.1388568036458082,25.52645872937419
