IAT,ST
0.15726673263298935,0.0023270746478629162
0.04861653274705083,0.003358582797655834
0.06651208856797794,0.004497646913244272
0.03549166821433225,0.004455416274546961
0.056365285767230044,0.005039212953451614
0.005157529112303494,0.001885288615314744
0.2652734082282536,0.002894612214346836
0.08808828454495643,0.0026959871627062876
0.03878324485295914,0.00830846149880628
0.04260384408582818,0.008683184736005841
0.03825250681907666,0.007014948420782879
0.029021767245381636,0.006525522113291104
0.08950905921493146,0.0018602215743280333
0.01753480809103225,0.008053364827074583
0.028746596967215488,0.0029167905175902166
0.472530388631778,0.000753992513093825
0.48866273332609533,0.0075903736306359585
0.03877872474812394,0.0061418510203343196
0.06213599233528999,0.0077665256117109265
0.110672095182617,0.0024429324101581554
0.17969521950335077,0.001094614494809038
0.13045818681849797,0.0069222822410585794
0.0858818854537331,0.001709926033574549
0.1565047707503222,0.0036060405531635493
0.09572406729951988,0.00330457321200831
0.10764541643779557,0.005929875691535898
0.15540418958026025,0.005221357128172083
0.04612413769418211,0.0015529209538343994
0.01972827506475383,0.005133442340287403
0.03302003201590864,0.004243526083710623
0.07997763862470464,0.005671724426526832
0.12160006990483296,0.006058181417289648
0.1356968327746122,0.0024199838277980798
0.001222129435370256,0.0035920998163878892
0.08865633552147667,0.006373046017777053
0.17053207916416158,0.00728801273121303
0.02078658972548819,0.0027683299468976258
0.14869397096200432,0.005447944848655385
0.03936072078785369,0.0060902881486178985
0.04936576223416278,0.0076034578328875195
0.08841573311505702,0.00458619277091433
0.06171965983171557,0.0006125625950044891
0.10349416657994226,0.0015161030576441522
0.35947774605427796,0.0026919674638313344
0.04503469826992479,0.004090494162361517
0.2746284672028185,0.004311957546096468
0.1105862655915395,0.0025156923526290457
0.005890897886878577,0.00022659779934928366
0.15431826822876982,0.001652083453489993
0.11593866984684009,0.0064718132151987675
0.2114081734549753,0.003955439099387446
0.10977419423893586,0.007313286579239226
0.03219104409151807,0.006018974279426692
0.07527998276494152,0.0016732273052589457
0.0763486238473563,0.0025533943214918193
0.266973441473489,0.0038393646279920282
0.10836233728179767,0.005955598368120128
0.24282651327836202,0.008645536877488728
0.10920111129016252,0.008339532634258821
0.14542337342037737,0.0015558804625373458
0.002827142627630508,0.006868513380361219
0.024502857269426137,0.001902504301223335
0.44542911958865883,0.004086923467953804
0.029637362138583256,0.00117319471658951
0.07090457175034626,0.006831893035376937
0.017204506223474247,0.005752604832533289
0.001966567705633082,0.0026792380789646296
0.15666182119806304,0.0010969914879693024
0.021219971436543084,0.0035035120808969413
0.38952297734605956,0.0020241188670461862
0.057037260155325065,0.004451531375195195
0.12153815998896178,0.0061129830325269115
0.053988125876959,0.00142394342848353
0.0645662919237644,0.0068624265834502755
0.023225764391211712,0.007256325180148817
0.17613297328048105,0.0005136654620450771
0.014590527823502342,0.004202719380199425
0.07723473647387102,0.0027842564370530896
0.09978467021211124,0.00862444964948114
0.0056159382370335464,0.0035856378919530505
0.12300286577099762,0.004487734286172328
0.08571577307798073,0.004799658608455387
0.07382571130413496,0.002974837609912809
0.20622435994150834,0.0035673920325009247
0.09577832679512,0.0053679285288243915
0.09638284213202652,0.005031531912698922
0.04058233748891382,0.0056021278758832775
0.03813081935034823,0.0014700976249796328
0.20804394878025256,0.008265912962490374
0.07649550355274215,0.0022383577027681664
0.021503425955415878,0.003230193596197512
0.09562048466947637,0.00450653886274858
0.23635297481669681,0.005688706682528316
0.02114771738528276,0.001023580290805492
0.15001415610868918,0.004468280079408279
0.10201848160135008,0.0034483991651908996
0.01153936532189448,0.0033033529435231752
0.0035986044337956713,0.004588789142134916
0.16782454432751948,0.0027895971621666863
0.13581009801346866,0.008133342928339586
0.15801719635728517,0.0054284852611610306
0.052525292683952785,0.0039033540056779485
0.07875457166132982,0.003838828027940593
0.04061427870765755,0.0036981778531171637
0.01933642821654935,0.0060316791021557325
0.0316715936601728,0.0035697669220849464
0.10043212094590359,0.005050614955146861
0.013753767867092037,0.00045440954061857445
0.22766302377717196,0.0027007410559666614
0.06396451863751906,0.0035491295813190843
0.3437867059615165,0.006831670971245191
0.06484803354895874,0.009838849025722055
0.03534794966754795,0.004412104308866382
0.04237163883889927,0.00666685430875512
0.119888539445558,0.007596291860262269
0.11583852968162311,0.004626849588640037
0.08833748369593586,0.006087967481568574
0.02534097730286966,0.00471773492016015
0.02917512638248887,0.0004963788713339129
0.13061629281316733,0.0021588783023353698
0.36065228131863236,0.00317062711768055
0.07311024677849431,0.005437218567349247
0.14813085305179285,0.0003503040166026406
0.11748893061398569,0.0047055625996818996
0.08772678985265081,0.0024209398411340014
0.04970710779625698,0.005527569558668901
0.006908203843948968,0.003532158158586335
0.0027704502383798513,0.004143997011065486
0.13356217687326577,0.006640231374833963
0.1799985386437335,0.0035376904810086904
0.33815783997163074,0.004589632172809187
0.04467939696574952,0.002309623130944104
0.036710755665836814,0.002477573792682547
0.2594721744784163,0.0043986640328013546
0.0924839660601009,0.010390565762593987
0.07200576451445428,0.0038697852058812566
0.0743149408251842,0.004366632131408517
0.11164355340597076,0.009069280345316733
0.21717010688385052,0.002585404530655794
0.026204039014658065,0.0022268806100607325
0.05244925443651027,0.007601820084147107
0.34672173703910936,0.006939094913223225
0.17661581421670292,0.0050434063371998655
0.07648362529118025,0.003950157920584153
0.0070861373887272094,0.006547556707291291
0.07895711898498625,0.003742449049571346
0.20643537848674143,0.0009722385390053894
0.1064722453634559,0.004978451115337384
0.015414411452912447,0.0031637423880348575
0.1398363670581837,0.004974608068021632
0.021841209113475202,0.005968534110068556
0.009074168484950462,0.006361967922644611
0.12022705148768509,0.0011581851167817142
0.008742848896655886,0.0023525063543166076
0.02437903061640867,0.004445163761242564
0.08343268553434413,0.004844551786889449
0.004954049131725924,0.003605234330810357
0.08477758023582638,0.0027564448741079824
0.036353110009773815,0.005444677792819994
0.06937651591769978,0.005810674853524845
0.015871541334234962,0.007886858196497173
0.2310025317246165,0.006302117651093335
0.1344678078305499,0.003470995730650149
0.22306055536050806,0.0016031741956629426
0.023861146654141407,0.0028762432700486437
0.0783762484776247,0.005266172387826336
0.04985579714467292,0.004317567313834824
0.07875708525657643,0.0019158207709470668
0.021039508582834543,0.008170949838700325
0.17411288288208127,0.008374211905521216
0.34045258682912305,0.004322452482413971
0.1368718105007254,0.0030473632747687967
0.050215230856295534,0.006542827268287693
0.10960562336681434,0.004051222504353025
0.13636607482372654,0.004066216370465287
0.07752263053837538,0.0059996690003031655
0.057295379170017924,0.004961232077698292
0.045261017742351584,0.0013236467516008258
0.08417448277860373,0.00651956605202017
0.07087716120129883,0.0036626449016413255
0.2164561863457628,0.006298332958668888
0.2061520670224759,0.0022869623219950257
0.12869092420649153,0.006662370848732286
0.1706886464788191,0.005313399375039972
0.038424203243593524,0.007373722243764323
0.09520882174711787,0.00411767127107981
0.006731842485734774,0.009375529521865596
0.045763747365000995,0.008004618989001698
0.018798852973507252,0.0041963805310568
0.018926405170848426,0.007226958494838287
0.2570982628127574,0.006062192450790893
0.0823146443583056,0.002527251751549116
0.5056779993045488,0.006368681215178745
0.009137654307586729,0.005425851610585759
0.0283566118716152,0.002260597413240247
0.17957583403334,0.003934503856957953
0.081041490323706,0.004945068348754435
0.08642515986618804,0.0034413634535094355
0.011648769263782555,0.0031156973202665353
0.012555769182995391,0.002248793260557157
0.3313952091019452,0.008281219235480112
0.054467094066676935,0.0024971125452511013
0.053252014744295195,0.004023582479074357
0.04346961976111885,0.0027324781824504944
0.051908936107349035,0.00148736379961878
0.04658352433672519,0.0018056554902204872
0.12638236822576587,0.003592521833032235
0.09313221836221786,0.006719074810064644
0.13852237393218658,0.0023818887688978017
0.1246154037774474,0.008630863041038956
0.021111228884187483,0.01278962508377452
0.2131525073286511,0.003463757017430799
0.0884013596092359,0.0036936547338799787
0.029745742758819915,0.003396236442929321
0.09743540879535573,0.0011940799906871424
0.045955010458445855,0.004094954719496317
0.09767718619256271,0.006890893206156687
0.13764941405236897,0.0038184224655011065
0.014261051503975608,0.0020947487669800867
0.03846789881554713,0.002331039145190504
0.01487908242438607,0.005210321796625815
0.01900267776041531,0.0034490841926944444
0.09185805886863463,0.0022397241403951554
0.34779741243392337,0.0027633353720029593
0.6074558882356165,0.000783471869832133
0.03020197818733905,0.002937828941185382
0.16948947738166353,0.00348525584956771
0.02434005877717027,0.003915311013446872
0.048287816099254144,0.002657292697361915
0.05318773809178268,0.006209302311578815
0.021701352677204966,0.0038439514153096395
0.1743417090464625,0.006806010099109101
0.17260797295994124,0.006810138809144567
0.03243906212176739,0.009132251128654201
0.0724510722949887,0.0025681935607337085
0.03288347829208149,0.0027612266846414176
0.010367989684116452,0.004330964061117993
0.1275702142205084,0.00338857564528085
0.020580477570682376,0.009534632482987101
0.043817484330723744,0.002626995876020486
0.06888331936347569,0.003733685824960405
0.18387466467823543,0.003879791590155244
0.08005307241850446,0.006613868196231078
0.15749534307952828,0.005950751802918916
0.07733917683929903,0.0036789285147924796
0.10423634280589766,0.003995287531152046
0.04175938747338748,0.0008762243293872168
0.1575541442067312,0.004048663661596399
0.014073272131753356,0.003595833544748274
0.11919609317715185,0.0019326244459228763
0.24152263967932797,0.001897397280424826
0.11175868828989977,0.0033159319867247785
0.003267639121780519,0.003895180833732991
0.10621598028386714,0.002612804544050786
0.0001833749188584477,0.0009542856942475628
0.028605048530014443,0.007914527553287717
0.20207019778502655,0.0037319716106339754
0.1292563655221528,0.00961382275470506
0.036221639575710896,0.0022420895927673396
0.14100937225506627,0.003991640956117492
0.023907410742246782,0.006138217993191752
0.16323058073702867,0.006039263722627588
0.019804491560268644,0.008030148356462536
0.003936559618335167,0.006841253966792742
0.12394819580266514,0.0006262918466793783
0.09127629467965193,0.001390807505371779
0.08520525422202496,0.005859705015348462
0.035138700855920746,0.0017853018221306537
0.3383309756650128,0.004039817359875469
0.006079619261313951,0.0011350373083684516
0.10525835596740762,0.0021350984512166146
0.29894870683873265,0.004584696486355086
0.0950976257649252,0.0062588184526513775
0.36918992908670845,0.005262081688318907
0.04710035513726751,0.007183401605737305
0.0440173204444001,0.006803532370906281
0.3197539419428743,0.0033159630017339193
0.11952349354794833,0.003107299036774012
0.06228627649577945,0.006070541606498512
0.19947918396816533,0.006204256436438222
0.03928987511298487,0.008668005681909913
0.031094661700496573,0.005005418644960283
0.0594833554014258,0.005938933686236599
0.11804757638744334,0.004447653181970965
0.3120009661063392,0.0030005495447904683
0.019304857025304045,0.004963068061024912
0.09554635219458874,0.002358764092076586
0.04075172101445901,0.002961060649649444
0.08128256839326298,0.0070680270573266046
0.04749139731208274,0.0012534754835503389
0.17103326686691744,0.0019659859325998424
0.19995968206889358,0.004433351342626993
0.14198453475513872,0.0025110025591413947
0.009234329540291242,0.0013952841103391112
0.14568087547453246,0.001439291230645793
0.11474362912462865,0.005496635006156579
0.11265378494918821,0.003278943168864781
0.11186731551827833,0.008010864916790844
0.35439893998266214,0.0011302295711764913
0.042601176105261374,0.0023783624691352053
0.07423296664802947,0.002850643417486414
0.19128105046300448,0.004018190042500465
0.03982115402846631,0.0062086540005313285
0.12258097295462633,0.0005816380370632868
0.13113409732851977,0.0018989106999403513
0.04304684490971766,0.004961057431998169
0.12433171087658934,0.005149311559399947
0.06181905282789302,0.0065890604235972474
0.0383324768644826,0.0034956021831019494
0.00010118924834756626,0.001076128461292512
0.01905903779625362,0.003299874009306694
0.14007092261018528,0.005402744211793918
0.12821336876895373,0.0029817354627332065
0.024328827065289715,0.002265625331656425
0.2793536993103274,0.0067022975765574705
0.10156310098177812,0.007931111709749136
0.2017803912242968,0.0021506247304981263
0.029813697301982245,0.009662931259405984
0.06168945040587204,0.0014341578596758701
0.021039899611608348,0.002696861014624202
0.011425772520809119,0.006687604297619557
0.21998528073500978,0.004024779088357487
0.018858588806274668,0.0017042712244213745
0.021218660683956614,0.0020868052493472613
0.033122667955097995,0.0029769768286589822
0.5405509443436927,0.0047858735442734834
0.09490280797528072,0.00316422962887682
0.05224252684821806,0.00593303479994429
0.14450483724476015,0.006451575647199515
0.11284814614069205,0.00788913422325734
0.4260797038904869,0.0007194714335431758
0.09689860937380246,0.008107116555679611
0.22756736346698148,0.0029775532569419967
0.24873931353235434,0.003974174533634467
0.034324438048095374,0.002324116409574314
0.17696910149233247,0.003644596166474443
0.07718834572551003,0.005422638312337856
0.0458349553765629,0.0042893757028887045
0.3766193948058074,0.005572825717161032
0.05085611520225797,0.001755249491602975
0.41697040965092924,0.005288946326239863
0.06358761959734949,0.0034298260524822
0.04767041398358174,0.005473585755206549
0.0023666589900699364,0.0017560139800618772
0.12715342035711785,0.006386733706789866
0.004621224184340633,0.0005213661843204828
0.14344673775129024,0.003043262822224223
0.04120670154972572,0.002310472062502796
0.14548146475951285,0.007374288492932471
0.2591014629928239,0.0007658036668991078
0.015868531283764753,0.0010722388302923135
0.014154424383747255,0.003002806051890608
0.1258287723935254,0.006930764792127034
0.08867735659035247,0.004637143646885786
0.1857196440642781,0.003704902779478597
0.10850817945317459,0.004523671442468419
0.16328351021321197,0.006816912419219306
0.4499060626485232,0.003715824432723539
0.0542571613357552,0.0045802257783296415
0.09895675727423026,0.005511269568289053
0.1008689972520429,0.0010735937900062877
0.07373532507968861,0.006472419257159262
0.0736835607670443,0.0013929944151145665
0.1263856560054606,0.003647643198980085
0.009774059853789652,0.0030366431852770406
0.0015234750303605438,0.004330291220198218
0.08655375775816054,0.0035843945582882137
0.2971121002441848,0.004136124875713724
0.015073783884460568,0.006126887939573465
0.13354714754667896,0.002560861927596144
0.08934033045622414,0.0031004927083126558
0.04030230805371815,0.0035191479276566358
0.004885669992795272,0.006304047895930214
0.1222497636193225,0.004357214213398655
0.15650172675353247,0.006914565625286632
0.039736462176691134,0.0028689445707842857
0.1314690393564888,5.1240360202762193E-05
0.028206121605997225,0.003503718547709701
0.012171230196187821,0.0012754931409360356
0.06064975998209121,0.006632903570155657
0.06158151912404719,0.005046430654809132
0.06690851600118464,0.0011721320960971955
0.03547503425238574,0.002378789730191705
0.03376978865290425,0.0004594259000800283
0.1534820910634238,0.006444106227325053
0.21834401617747545,0.0029102097896428524
0.08715790492712472,0.0039943366113407075
0.08123626568765019,0.0006916565084457501
0.033142268811147346,0.0006278308877975578
0.0742704342609457,0.004252240549174264
0.08793310576884039,0.0038976644791160722
0.0168918680300294,0.003914090138147893
0.09770797067547932,0.0008271296411556905
0.1941820894918891,0.00542564315283015
0.01360053099616465,0.010863700939962504
0.15118341574549987,0.004729394248987695
0.008957376966975517,0.0040194254367653
0.2612012550636038,0.001200937389465806
0.17086581924134947,0.003508465515446382
0.01379946825714029,0.003468554090197026
0.011567532688687265,0.0025548566638853238
0.10457175523222872,0.002865445418483016
0.036362421698399316,0.002535798654850207
0.09466365871727334,0.00631058482073709
0.01593634267916144,0.002025372493515718
0.01076795939448516,0.0034979874796944436
0.1368661534431297,0.0026963109159252995
0.10539633420334127,0.0011631156318660523
0.024889884820616714,0.0036779024177986783
0.06765534527655603,0.003783691993307672
0.041682730794455836,0.005200300947890754
0.0349210962244797,0.004527884503461095
0.035279770655748166,0.0010233376442551193
0.10575420736977748,0.004740002010190715
0.35308549986271487,0.004213794077787671
0.06104014947715086,0.0013458637714089132
0.02506779484306776,0.008813551122182349
0.0020711361612839596,0.004982780818239363
0.011872910382955126,0.008327430419318514
0.15461171190793266,0.004371242154181317
0.03556393717242656,0.007446801670390397
0.41340387899062137,0.009085021857119294
0.08037511779919271,0.004666129576068244
0.1509188720421335,0.0018881255156432191
0.10744357088434242,0.0010602613062476209
0.16996684782029803,0.0059728303233019
0.13574627102590142,0.002701098365630581
0.048049894254418746,0.0033616203952883212
0.038345359374133636,0.0034683860073586445
0.006425935580878672,0.007767204507622795
0.13654659011302783,0.007139035712409543
0.006006106405628486,0.009698290080959375
0.06893063309524905,0.0003378085301808602
0.20869283093404078,0.002182919418083471
0.06448667945787179,0.009611781819268955
0.10059366670171954,0.007279363497679054
0.2831046303344138,0.006347306733998155
0.020181363721405887,0.006049679096506818
0.02137139950883693,0.001698319348740718
0.15409008897054122,0.009524611348004735
0.11567976671091884,0.003970515471692595
0.14648511980898604,0.0021586253400003572
0.12934129276492,0.003412961306440064
0.07661811181993983,0.0028608941566920345
0.031508682143432054,0.004410522396480785
0.017814306697111704,0.005337065126175646
0.06224503750417654,0.004604911561685151
0.1419792461306244,0.0015499464669696068
0.11680613943960338,0.00860416472188294
0.018226835556887977,0.0029554771769252633
0.06535951912581339,0.0017396164513812683
0.061321523347679374,0.0034617802507417666
0.0974531682120201,0.0019304344973538091
0.016031525330909346,0.005261781087975258
0.1332596676725757,0.0010541959566341733
0.3825379361862744,0.0026038042694971567
0.087737130449554,0.007377038644458491
0.06333232499429187,0.004081294886671945
0.01944984323765908,0.0007183722985500994
0.10133006412075218,0.0030117622253303584
0.055608680423311796,0.005151839653180423
0.005559544600949096,0.0004866588089778275
0.2616871071484539,0.004620803010313393
0.24866430297034015,0.004979872683283949
0.05705424172771245,0.005430275707947086
0.10030670843399037,0.004447649857248135
0.4519773749979237,0.004746108968548735
0.04827208143383643,0.001909981397571643
0.10870509272883311,0.010333011398356693
0.00424318584041572,0.002223520192355416
0.05038323102184705,0.005455526558285129
0.026738263264796558,0.007296875965377832
0.014351252706312323,0.004417590310174178
0.1231430388055017,0.007659140498973705
0.27177423507248477,0.005142859760716857
0.08742845236194086,0.009551351358751405
0.02683289800675226,0.0021558898779145607
0.021953306914696213,0.0034908868332440717
0.2621180643979457,0.0029494394264513446
0.01831599943798068,0.006667062549432581
0.12477024015618099,0.003703251882374431
0.14691137915720986,0.001433858852834952
0.02589427556885937,0.001626174685400202
0.08485207365426106,0.0034035260556585776
0.041005415025004766,0.0018143771487352852
0.015260890902254687,0.004830929376934313
0.08245111964285456,0.00809209778039829
0.14188086164327274,0.0031725118665218333
8.92016158786646E-05,0.002486510093988082
0.010289367275774453,0.0054157838211195825
0.01848858670572895,0.00197274505038429
0.029915574986944193,0.0033791605977393766
0.08773527688985894,0.0034466871561315403
0.029854933816594098,0.0014853851393783722
0.013705779138732055,0.005079094547554115
0.006499243354063822,0.0012308268876888998
0.5487727702396583,0.0014001628509912678
0.10667673668421429,0.0031148080756922174
0.01709096547951816,0.008610007175045906
0.19622683978151656,0.00884154747860796
0.08342250732162171,0.0027521933051326535
0.12780725031694828,0.00876601658479914
0.054992345148924926,0.006309658398957619
0.18816368695780028,0.0038230099266436056
0.040886422559381685,0.0025910438691989423
0.05684831015053504,0.001618239374356349
0.0638654397008267,0.002408537565439756
0.00351630038676376,0.002425006459702925
0.06603203641555666,0.0028026375459294386
0.10221589579084878,0.005781471788929464
0.09157215114612427,0.0062684771715054
0.11353850645696184,0.005838092372278763
0.0038528117733065415,0.0020273637060754467
0.04924108472135913,0.0021025160004159446
0.018869868099812948,0.007359996999050832
0.07286014021030951,0.0005506215062334926
0.021989089686535124,0.004161472899070607
0.21638082137442183,0.010207566041699825
0.04817322795222623,0.0037590855260183436
0.1575563615159581,0.006687169570419009
0.003390145038629555,0.004070986180598099
0.03466605993112637,0.0014417685406681142
0.10507075186594506,0.0046203395578093345
0.08674317521639807,0.004616546904891226
0.06377785658081336,0.005818055332844105
0.011469533069131899,0.007469984332691899
0.045419575492850583,0.004904926501269927
0.11758853646620793,0.004752825166195153
0.0351528257470477,0.005995815450262591
0.009693900005345313,0.0007881555332799338
0.07022931369142782,0.005427378876893223
0.015200470152770151,0.006500778487265066
0.24807069478013943,0.004301896196286304
0.04574190805249856,0.0027532661376629204
0.3973474464447051,0.002309991867763398
0.15178190919087342,0.006880031155881856
0.05042796899888202,0.008253049835291406
0.0007558456572809291,0.0025992425807727787
0.01682391616784429,0.0006101354310241527
0.007281117804197379,0.0037543190615828897
0.03961632412163851,0.001375579587309291
0.08691232481324818,0.0035413884452808768
0.025325762134194463,0.008336023360068669
0.08031679496157551,0.004504681515356856
0.016554174258793353,0.003964063146078129
0.042137932910982556,0.0015015125768928523
0.11635323470929393,0.0045857458270192365
0.08309458432187,0.007871727594201629
0.012011795763797295,0.00087564856897223
0.02807166950861273,0.002830751949953632
0.15214726933969303,0.0015722084702864357
0.24781645550108777,0.006125422095388872
0.11818991783167831,0.002635041815886126
0.17004913042261904,0.0012696312121835008
0.19224320744704215,0.00359043152697034
0.026982722323474206,0.0020641373810817566
0.15195884404673876,0.005774313664702836
0.08247177053468846,0.0020127888592526384
0.004200306841582346,0.008314831171223652
0.13543154395054557,0.0009416986706766427
0.21233473055422536,0.0037482043548981454
0.22819688714818653,0.0019823575950743133
0.16738448624906255,0.005715010679772162
0.0013942619829308,0.00558611801976525
0.21416864123980162,0.0049826149175438575
0.04082987415352335,0.004500487501321038
0.25437505105364266,0.005390116172895647
0.02301449130423805,0.005460527323512223
0.017347130149140355,0.006791083274493487
0.1355406377208368,0.0017061525598196124
0.015739475335955433,0.001981019814852775
0.0024657874879139285,0.004021711530830455
0.12894640746690555,0.005329521196755914
0.06029668598289106,0.003591384116212256
0.4009739095645699,0.007501443648258747
0.006179817212931482,0.006586420462557554
0.04178394414196873,0.006456963399668269
0.010091044412163797,0.00666072086426255
0.0007111926471452534,0.006769417939774665
0.02872033298704224,0.0014186061402624145
0.07069089393878158,0.007548501736789338
0.06904982629976786,0.0019943206089095703
0.06440662112506601,0.0029973255573512592
0.0835268681962873,0.00372212313650073
0.021459787278843123,0.0023682414867377778
0.09674240026046732,0.007438030940019323
0.007085153452187853,0.0034697215216692085
0.018687729749721882,0.0028253218096900927
0.008586901389840307,0.00225934429703363
0.20384044112444144,0.006930602303178464
0.21023060715777575,0.002857968278469258
0.029352870560131805,0.005298515311376855
0.06683489393984843,0.00420574555566894
0.0040606284712723095,0.0012389857562967864
0.13703387383006316,0.004072162311194182
0.0857519537358229,0.004923100284515616
0.010550510628270615,0.006570035955594839
0.008026082547559099,0.002359572558255878
0.055243876691775995,0.006570733241599762
0.03992827871287119,0.0017143073822761434
0.11534593543323979,0.002504827371343897
0.09843635354852864,0.0048570507877763605
0.11441962212816748,0.0037812960157983275
0.2116674710966464,0.0026248398394831617
0.2923468767184687,0.004209924531210423
0.14074767811622024,0.007718581998424225
0.003509980371362076,0.004390202080140786
0.06494592732940419,0.004914132251975785
0.10717996144846609,0.006825150142399633
0.06623310618805078,0.006183538176632569
0.08245518137771768,0.008405390569817364
0.09395317634467659,0.0016719985477799053
0.043678655235403596,0.0014743622195813005
0.07790583348228353,0.006334775884085377
0.03443875454845369,0.00447741829915633
0.10726510816910917,0.000529696128497203
0.08179738886116894,0.004375698478275992
0.3554002555439624,0.0021494367101541952
0.0005185892714791862,0.002927999158621929
0.05307242316259675,0.0043086554968793074
0.10185703253365119,0.007441954565115159
0.0863326247171301,0.0030019960237930065
0.05455420057921856,0.002971553883786943
0.1569604989032598,0.005324760648021687
0.024271702871004663,0.00461424312107838
0.09040059984009474,0.004088566074097006
0.2283611239165353,0.008814717029484132
0.05158393779912984,0.0009113393888841576
0.1621271137642708,0.00461917408961602
0.076511799353149,0.002833825976163679
0.08316156937154062,0.004396490294495742
0.07049843073477291,0.003815076841882464
0.03813635101236201,0.0028153647497347624
0.008075197513669252,0.0018338639831627483
0.20459859885036025,0.0011929846753215769
0.13436231428436685,0.007200030524407209
0.37900202994061516,0.008020921022671374
0.10557031722805732,0.0005671854188563284
0.36265266855131983,0.00260776199415724
0.041194168684199894,0.006971876733785333
0.19165484254722287,0.003908246375239921
0.007698721398057273,0.003688877185576146
0.08835101337011508,0.0022707216256861898
0.03756619352951418,0.001413176232135545
0.10785507376679959,0.0056638813916469015
0.23268300637903394,0.0006902415512055224
0.1699222183410285,0.004690492027722668
0.035251124257399624,0.007234825697397313
0.02737592391400767,0.0033699297614193826
0.037496546750901416,0.0047603088449166015
0.17054695208770454,0.001793926535851628
0.08030642304554192,0.004395797606057937
0.04845180121118631,0.006094531123908228
0.33392027944766767,0.00037997148380947913
0.07112140410256984,0.003277117672701333
0.008311066300080938,0.003888087588662097
0.04634624997896708,0.0011673321145814581
0.08392765527980828,0.0030834995935016506
0.07172487662731442,0.009440464164645137
0.011539585344621628,0.0017942949328142706
0.10512591019320894,0.004158837693427092
0.035263988392614465,0.006789159621094842
0.04168426099265332,0.003921908281030707
0.15038634253744476,0.0020723528445819443
0.011210875331201464,0.003205061651360438
0.04375152464628229,0.0008799755734017694
0.10923601612969946,0.0005583061926996978
0.0549016814761103,0.0078573524725717
0.03420448592439129,0.008022297436346634
0.02467883871405263,0.0037150333554287207
0.2303691756848849,0.002795242307110753
0.18288523948334046,0.0027379865414007194
0.0797371467293857,0.0031956284830227596
0.018586395230002495,0.005062601829562555
0.09506384537370138,0.0013307591133346161
0.14626757741746133,0.002083747546888528
0.1332525930119033,0.0036754374066980872
0.09218079220886466,0.004460960550157968
0.12540641370055994,0.0047522981572157355
0.10869375355403577,0.0016671017850873118
0.0118471860739362,0.003609374644829212
0.012242596490878555,0.0028852081538944183
0.054036582276765444,0.004713487159588204
0.10925114456478013,0.0032815443184331166
0.1246291006639666,0.008257014481890304
0.021931804597883797,0.0012431097433901644
0.197171981501171,0.006416413563774879
0.13709710341812809,0.0029567979969518077
0.033827280055987785,0.00160805760847354
0.01756179810622882,0.001914408883040554
0.09632647516868076,0.0036260662804825615
0.03174089237003841,0.004242381403588385
0.041300364195095085,0.010406934274018979
0.03333833032402822,0.0024626994541957206
0.21572184719849474,0.0073819624663039015
0.02347586018140646,0.0016196716090133997
0.1958927131488224,0.005905763310909261
0.0378623466838377,0.0020985365850335357
0.39416148814602536,0.0020397227803291215
0.05422128963679995,0.004513367382778185
0.18668812925031375,0.006948440013963144
0.23414300903137075,0.007086102688838632
0.0789345188271966,0.0015325712899544445
0.053024518252598796,0.0025754710789883902
0.21832693624469357,0.004969871733315213
0.033078753675056305,0.0030964642763072693
0.027998002691788315,0.003597379432654278
0.037764875946450616,0.004955176910806183
0.11380478213136769,0.002342695956069493
0.022855554316151938,0.0021222458431247263
0.015265822377685367,0.004226425378660842
0.04919007091552885,0.003572307446056919
0.10691838961123779,0.004472766151173559
0.1383225826741068,0.003980593636145795
0.014303590262031207,0.00538253519355086
0.3460383583942388,0.0028576253121812855
0.00027385637767451954,0.002964506046069771
0.21313700868572028,0.0033173861920162825
0.10798478082072904,0.005530708337581271
0.03199117645220895,0.0055652540759508606
0.24144713116341165,0.008656801471839996
0.061309406290348534,0.002418397845132
0.2139307934771324,0.0022892186835292306
0.03211572388636341,0.006533326151697441
0.24198051640559015,0.010112686347658573
0.07461524485374582,0.0032452528343534385
0.33407532471636614,0.00039237839459546896
0.21518415870379215,0.0036019759738990993
0.022343685406497116,0.007525848382966739
0.11558493554090887,0.002402431193970759
0.008587288801294335,0.012079672393539942
0.08677789839431682,0.0030113631136218823
0.06371600774932062,0.0013903832535396346
0.0976388011531526,0.0028838567164498597
0.06920116403941279,0.0027252559880457682
0.11430476862889805,0.0010459888261575845
0.12410879676346553,0.00397004347064534
0.10369453349714775,0.0014118221406860016
0.03907400691791452,0.009255892010964568
0.02082469045760149,0.002933277035748782
0.1617477818417825,0.0023807640653631373
0.1303129961050189,0.003799286135013628
0.053062745452564286,0.006892958292292117
0.2633781208822512,0.002780693759495101
0.01806912008278516,0.0005957786085585386
0.10980101522474683,0.003458155581946629
0.06345008838354715,0.002365929687880936
0.03878296279079052,0.0010903408542192667
0.004234391916000391,0.005797417336382353
0.12178366699224341,0.008655333745960097
0.04337494659316121,0.0022869415318291907
0.0397817000117584,0.006390353762213638
0.27303541576083035,0.00597673295676445
0.07829632758276261,0.002136993310169848
0.00956318644190901,0.009160177104761916
0.09994186539799443,0.0015263736857773391
0.03500932357201236,0.0019117608230741852
0.09145574460035277,0.0012924256242202727
0.06378193100677265,0.005276660560187786
0.3238209228309188,0.0004386063383743052
0.1494445014309207,0.002568933207908894
0.010823315612995543,0.004111365441435015
0.06737187332376493,0.003655211175186709
0.07360759621218449,0.0031568532347697
0.11393245137266206,0.005084896113179767
0.1510085638783636,0.0009402803377619354
0.008621020663056811,0.003628399872618837
0.12433351855888475,0.008623552412808816
0.11218874213486174,0.0058591416198369274
0.04626305024406463,0.0006880005796143063
0.010484666200184733,0.006272109935283266
0.07280090476676548,0.004224950094816344
0.25231373419204317,0.003506820918397937
0.01761837346046491,0.001989310156183792
0.056200161177031305,0.003636154386762231
0.14474437034432697,0.0030246296042338496
0.028424165072578944,0.007824412900889522
0.005710192061400221,0.004513383213727795
1.9062543998416004E-05,0.005865422772008731
0.07772585121448117,0.003766933788347236
0.08509886531693667,0.004184195398748956
0.20635453581333252,0.006048824251852595
0.24870503050381387,0.003799771766310791
0.004262121609684755,0.002652054488515547
0.01869547436621133,0.002986868170146524
0.7905046451508753,0.0015476019490658231
0.03685868902887535,0.0007361706821215321
0.036147099697828367,0.0036185961643860837
0.3592010064953399,0.007142724834730004
0.06920761173223866,0.0034895060250092623
0.10122165913632841,0.0014269771617100027
0.11934643019246494,0.00625815108905377
0.18475915546775923,0.005485426965690052
0.032060093704956216,0.004020692185517597
0.07636420902551322,0.005206924594358657
0.011002654217435293,0.00524317240465148
0.05904992532397557,0.003944684478467572
0.08577281139660897,0.0012578452541406934
0.13870406251626832,0.004746573272250289
0.027384121439766318,0.0029834492354462927
0.007758464630057915,0.004138755067204402
0.11238271314908843,0.008293068207348996
0.009779778909432935,0.007967764387347248
0.09425087239637264,0.004420418088135372
0.04743607068351707,0.004360385102750299
0.3516927189040757,0.007225088726939484
0.08338806311473945,0.0059341635687175775
0.25112088394270415,0.004147347695935733
0.0407242933858214,0.0002748178760454938
0.029958065708839854,0.0018063896874579719
0.16797995615350203,0.002856130365603716
0.12274023980002369,0.002962314059577024
0.011900469288050886,0.0022016209846747875
0.13175438359677116,0.005774481576867467
0.002878302102544694,0.0028347678622083336
0.028536480691357724,0.0036506477679543927
0.10484664897022355,0.003801657488378722
0.07696575995673527,0.003944932420706931
0.016131141587564457,0.004695396534281684
0.042759582994307266,0.005836077761068802
0.020457640308691794,0.0025528143974378743
0.07724356711725022,0.0012592415687535166
0.24160338672639625,0.0034072706843457186
0.04187171966802339,0.005351234494951759
0.0021638748282839515,0.009056995587605482
0.06373638039138996,0.009439976307008073
0.06372578206593005,0.005663738102054955
0.1920470926888811,0.003620508267364178
0.015968845487293493,0.003786121355648162
0.3311291777018539,0.007856827332958127
0.11162539703786933,0.0052917824431267845
0.18858888047476796,0.0038284414641031918
0.2316214965113943,0.0024302687975498024
0.01626129842431112,0.00496633504628637
0.04632449944497807,0.008185624447315378
0.020802875519564168,0.0056034448746488195
0.28948099789330684,0.0026169836959999493
0.08302345293735414,0.006952933666713408
0.21562125099713114,0.0016292443845008539
0.3303222814946736,0.0006184915939664809
0.0017544079237268306,0.004579604474928528
0.08609042375927345,0.004851557907625833
0.21091596308720284,0.00673450085809607
0.0016159813231269027,0.004800281372158855
0.39706013356016,0.0047786750323944825
0.2524006662028597,0.004986836651743486
0.07036892116823878,0.004987151611489381
0.18084961564031232,0.004958617145970674
0.07940893128409243,0.006941265079851288
0.03334883308198755,0.0017823221921897988
0.07540208672133986,0.0035141978532033705
0.13779835896040993,0.005118501305652357
0.09360615378045622,0.005200377782789259
0.09346648725392015,0.0054123953577277124
0.05829922314488556,0.0020262258110192804
0.07232182994219727,0.0022819989626646697
0.060092967712321865,0.0011746158193386657
0.06221323423808656,0.0015976039963578714
0.06231661251243281,0.006624358634009308
0.10616723933118521,0.0021553392489667388
0.2811927458958223,0.001002338759758682
0.011607244568125452,0.002598369816945984
0.04991648137433913,0.002418861117529945
0.17497123961496186,0.004756811233962988
0.0718807531195722,0.00826966344518586
0.24508283639796957,0.002680432103705148
0.3215932018833456,0.004153510128767094
0.11677627737921625,0.004350465953425878
0.06079194684691913,0.003557161584752815
0.21324201226568107,0.001256244975659974
0.07410805434989243,0.0046101363311792124
0.051710988354116694,0.0009467490141836727
0.4190091563445293,0.0016167076323473902
0.0041482564533623645,0.011107641626512036
0.01912176665939569,0.004802654407322376
0.11551544955703719,0.0028352583765496615
0.058094876350452296,0.007254184313412714
0.012899746767743636,0.004922140073671328
0.09611778630709011,0.0014652544764718017
0.0017995066657192638,0.004006363293391001
0.12265699474697556,0.005003534286439776
0.05858330999059547,0.00471841905758828
0.17652612808383594,0.0006938459587974309
0.0549621331452812,0.002186901664246422
0.05121051594039727,0.006506244241337311
0.09688403460630468,0.0026201726191411347
0.16030572913928154,0.002326261407260271
0.09704122966529383,0.006025190031716349
0.06421767125374345,0.0019190594166587256
0.010894088509559197,0.005282782573907647
0.08155550596222838,0.0026602780365321994
0.009958458509743195,0.0036315571585540216
0.19358539506318095,0.003085698708204501
0.13047028841964448,0.005151147400988252
0.1049247560187041,0.0011956093111383102
0.009529708495918499,0.004533492835890524
0.22251722080480363,0.0019220084828158108
0.010376379997737217,0.004628475150070248
0.01645418775933649,0.009823624998038138
0.05585280764853451,0.00458624463864764
0.006416536560635677,0.0023402293418258715
0.0031577994367353313,0.00215649337201426
0.003372743917054777,0.0020046239227976314
0.12969611306084516,0.005135805502998523
0.08327652524455686,0.0030041246983036132
0.08237812061324234,0.004468941882765105
0.16714501415641791,0.006276202574050096
0.21047179237658042,0.002457786152393184
0.036469434132968104,0.0017266068983389149
0.06626557648503706,0.0010747038029903576
0.03183920294381437,0.0067597121606037675
0.020057702833000235,0.001977047617812836
0.1823446473350856,0.001842945670914671
0.008057599699938578,0.009882253198362915
0.022002154858043355,0.0024718933835022124
0.5079668989012305,0.004441917982758002
0.23954186220690588,0.006282834879003625
0.008198947025093162,0.0051406831426201605
0.015088329176961679,0.0025661084681478036
0.019227860082907,0.0014022804551956035
0.07988420437210664,0.005145571439782382
0.07872418020443206,0.0039702573126119195
0.1811725583998509,0.0033072736973663573
0.2981663892793165,0.0034837933188540037
0.022914077180573145,0.00024407018466130625
0.21417712829095592,0.006030355180749824
0.1369459461433422,0.0030455764415119936
0.05288487164096978,0.009044851913366899
0.1189443951691942,0.001305154962520868
0.08622524010641541,0.003695833459719197
0.12929305143565273,0.0038110016818217046
0.33069285170505225,0.004083961586498838
0.17942647491371133,0.0010244971505287443
0.08421950655026933,0.0038591462184223374
0.0005333443415622696,0.004589146844683473
0.02585573674156194,0.005945701382197281
0.17753663129116148,0.004673515056701357
0.04556107420948763,0.005974097168130083
0.035600909413815884,0.001503895633936655
0.1512841712476103,0.0057976908658172914
0.2153567701152781,0.00032456501782236925
0.05160399591339626,0.004092241493198912
0.00480432405817055,0.0015664549782062102
0.09793233237859056,0.001004652289482259
0.0052660296477142765,0.006144222952015109
0.37394789605869505,0.0014847071999400244
0.030642456914250715,0.000592581913506348
0.039020670413179914,0.008971478897541027
0.04357104255839772,0.0037362639504496245
0.1373936620774714,0.004339568165307991
0.3820079359472004,0.003504408806005836
0.07399025894240197,0.0034455535751715077
0.11331337104911654,0.0016618054297387061
0.0432880217299072,0.00508142166555459
0.053115543620165795,0.006747337197084051
0.049135705738919455,0.0012457419740551673
0.08468497687135823,0.004023391935280698
0.06814335211031164,0.0009242643560593663
0.05082167300615481,0.007234058357513427
0.17936997040251867,0.005254919979195217
0.23109689824008228,0.0053163212478530755
0.05157285885880469,0.005329298003154369
0.016973187712338245,0.006923055026209092
0.028139672007668537,0.005159954296219559
0.0516050923556719,0.009952027563915297
0.4823373025380704,0.0028661695756553667
0.04539709079163856,0.009844350976934108
0.20335560686558551,0.0022364879782242808
0.11071202213264542,0.0010457582858226654
0.0011991292107467189,0.0057777289765078566
0.043932027641105265,0.0037645811621935046
0.07328059935775855,0.006352948908189131
0.09434597774485098,0.004537382375214529
0.04670102075003513,0.0073340532816488484
0.08539120377001552,0.003032995808875136
0.03709456527492705,0.0056175824498522105
0.1296980628658133,0.0029163396005190026
0.127603207448729,0.0008230356232270101
0.012899568365526193,0.0030960226992446027
0.21713086123480707,0.006755265531636657
0.027652568680835543,0.0031846127849160894
0.06912201446375832,0.005213426610537562
0.05148294954761923,0.0036983317872371912
0.4156786008170741,0.002353075143606588
0.05085079840833373,0.002044728260757323
0.2507534512927947,0.002675839994107706
0.04106556250199844,0.0019716622283807625
0.10409211239608851,0.008374583064212732
0.15651649259021383,0.008682372621674183
0.051043795347609944,0.005421851556353429
0.28972907274477677,0.0029248569760310034
0.05638532566649701,0.004429164797377387
0.12373705289158465,0.001129858736019235
0.1473633980229181,0.004640660504231818
0.06084895095992238,0.0027630216275001756
0.04262727106186048,0.005597296480925712
0.05648538810439163,0.004163250096919264
0.012465785075292501,0.0038755671134133177
0.05760377208237344,0.0062162128511837
0.1254839914508068,0.0028700402131459344
0.23386932215194633,0.001959594572365717
0.02858001073376215,0.0022892037258542223
0.17941940367923337,0.006834316510898719
0.28808484606730644,0.0065004451556788375
0.08961404962163044,0.0017120720179599766
0.03274185454290546,0.013001599794212176
0.06446613432517267,0.00044092244215657096
0.299329839414213,0.005080883171220225
0.009742576539494507,0.003104599280846486
0.16036725147108655,0.0034045792493648344
0.07868915121019882,0.003371686822088474
0.16080982588690063,0.00960801356672911
0.032579553562001706,0.002662272511594593
0.5210462977143493,0.004618222485091322
0.2532923166172907,0.005237109766203907
0.11786831881643423,0.004625632120141335
0.20382980794610717,0.00494163543787247
0.06937801512030717,0.0045588571796343815
0.002308354708816296,0.002804997239698291
0.11601216206386766,0.006000924462904406
0.01073316492428944,0.0038274655252935404
0.02539316509663081,0.0036842319558270603
0.0530437325810027,0.004558412835443285
0.09999631739775339,0.0070615577778984084
0.028764843861310396,0.004250015469054564
0.07027862257204731,0.005528398012916794
0.17692737274315107,0.002125022880551047
0.023247549862304595,0.003409357387915275
0.16347105161408138,0.004188160575484846
0.0767578064506722,0.004866881319471473
0.08645756897826118,0.004319949762071411
0.07493004921369106,0.003315219469144219
0.05945636981083169,0.00016753479591822255
0.036653034634468895,0.006949818834871369
0.14772549301230242,0.0022987844241596257
0.11957359818255497,0.0010781952362956936
0.02414990093181757,0.004189468630395502
0.05027002332715824,0.005779021847222401
0.25880923643572373,0.005756882105538996
0.07395719298038728,0.006495159020463893
0.022450332706441145,0.003971262305131748
0.10953863948623166,0.003579050158458532
0.17166846249003243,0.0025094328664895965
0.1143074436417919,0.0036569416528552303
0.01882329428676144,0.0008512943199089207
0.29122373041236926,0.004172301694855666
0.02814101511462752,0.0018212146003377355
0.029624933641358098,0.003034233948627874
0.04117868929240842,0.0021625766952914054
0.08376320712990548,0.0023033619023933656
0.05086445266941553,0.0018677674089149301
0.07860552400708798,0.0065987038799962235
0.22685551690697991,0.001633192800512973
0.07491990215106625,0.004211724457119387
0.2539730531037492,0.0048622973729595285
0.031017737292174274,0.00488139798553365
0.014841529616688831,0.003008716650807845
0.04967613719745145,0.005519421819519658
0.1336818376686182,0.0018571761829323254
0.031792965522370764,0.003649679360563005
0.0923342000748022,0.012037261409382577
0.382310677722586,0.005423287912348808
0.02089865068586505,0.007392362000323519
0.11205917915266639,0.004172098654761232
0.0758739767138934,0.0008724741211612736
0.1295700548024854,0.004470617558975209
0.05495211294909552,0.0040471246943408565
0.17560985454130673,0.005896916359741424
0.1830001630591056,0.0014737524125466043
0.0037799503919444533,0.00407847065127918
0.20446193193475892,0.006718165382586349
0.16515030246107187,0.0013663325424764794
0.10980575419520733,0.00588764354657965
0.3550646038320906,0.003291861080781745
0.016268356297004516,0.002297562484468461
0.050514373762013065,0.006420359368001568
0.021076131664599984,0.0077555497080659085
0.17990817514268542,0.003065321744229274
0.05066216366468268,0.007087099243766384
0.12900757463387436,0.004853846287963898
0.01124920783004768,0.004040312818655381
0.19828826747026085,0.002504319273802211
0.2268087133133463,0.004936753221689503
0.2100299000150727,0.0021118751739230878
0.0745338423251809,0.00586353341556764
0.10492608040529205,0.005495518974200373
0.059258184864404484,0.005680156538609178
0.08503719617507954,0.0019430799506309937
0.006864261466674293,0.004601052717605084
0.06267026713510404,0.0034382142378229117
0.15511692324753312,0.0015055170335304987
0.09330973766920181,0.0024602664716909905
0.062448385063987644,0.002083548389886438
0.1800970356914604,0.004210813624162969
0.3895201486678985,0.011963663964977701
0.09254448769620183,0.003350966061863205
0.0765861624673505,0.0010841954895618661
0.0992290989137814,0.0011860989658002835
0.16498039064177306,0.0003733439858019564
0.058084449019872864,0.0018376674449453775
0.04127490663327649,0.0020033052612572124
0.10490143173851152,0.0015306687060467796
0.14044117147031443,0.0013509197220057771
0.20742807068219804,0.005818756619669866
0.11994285367964608,0.007854721930611054
0.05033708267694692,0.001203995125968833
0.16149092170087442,0.0006381566769722414
0.06995540873022321,0.006047606989862632
0.01479328236248989,0.004323577485634986
0.06227814812477561,0.003987090098461033
0.00420641017464618,0.0035792353247436647
0.07151595531355781,0.0021530009757253837
0.06521860276687619,0.0038806437984453337
0.18204014633272436,0.0032413144623977598
0.08442143818673742,0.0048542662641949804
0.05993307282138005,0.007562910860499273
0.02185351345785591,0.00573912161198217
0.07922024540856398,0.0042816485721901875
0.0514136783531427,0.0062542277824529265
0.0616781676680489,0.0009264806920967774
0.09304529384502302,0.003289537000541287
0.07177510879924398,0.0017863435140489177
0.03453071214705972,0.0030342561026087803
0.022972325475848265,0.0010239312230120032
0.009261412887539677,0.005581884055301259
0.19312006474093835,0.003924055288516675
0.11322518076022448,0.003412360979606933
0.0424071899059868,0.0008361968700193335
0.006484559751811503,0.002605058336953773
0.0511638162376471,0.0034967904210181375
0.08728062265922176,0.007260832903551419
0.008843348265941131,0.004298988571287644
0.09950765071448586,0.0040012350488834916
0.17792645214470326,0.0015581989280530732
0.0733358554645207,0.004072849952830863
0.00405911533721337,0.0036751331776433364
0.04335105292386743,0.004119928860322107
0.18587592240270112,0.0034575519848134987
0.054534583910054835,0.003325858361684789
0.25405484325258954,0.002134593113980012
0.05590106515572302,0.0018889063969091983
0.06853071975622527,0.003059322411663344
0.03761459171633419,0.00353192036905728
0.25737555811322466,0.0037238578103157075
0.02397726109408893,0.006807673012687502
0.07736599238366182,0.011024378459284476
0.1532331728025298,0.0015581646460609774
0.008826346911604332,0.0038278203602606867
0.06539340657381842,0.0043085197068735565
0.14796062343715732,0.004785679254610847
0.03658845804982036,0.004439350417379695
0.045399564995989294,0.006810233919403287
0.05916618307898602,0.0038471428696864197
0.004478605182356432,0.005347244292074284
0.05874232699167692,0.004108960925362853
0.015538474155050608,0.002031007643406929
0.027502713649568022,0.003959002521043105
0.02431245461951903,0.0054822188405166655
0.25742881160158504,0.004883790616753954
0.16016092428702677,0.01072303763976917
0.103164238010379,0.004865251185027595
0.055306231300690456,0.0031918054126682496
0.13443645090472955,0.006485546766911841
0.28589768004884775,0.004549478740526319
0.009892418405939907,0.006759297751090836
0.018708985150382773,0.001158860450780039
0.10720570282052222,0.0018913953668311567
0.04634874333822836,0.0013048194782441197
0.22313082073804935,0.0019586438292656834
0.09565032503755333,0.0021983020781743473
0.021054933223837224,0.0030227699804314064
0.25114409711309804,0.0010370480102682913
0.0019074366892368744,0.01139598606761472
0.06358667736722623,0.004845953640678952
0.04242199327845242,0.003308853751689037
0.034601334232760905,0.0027530144291345667
0.1346997457900727,0.004675321465640472
0.22557473891608026,0.005418717132561735
0.08090051199918946,0.00606082500662193
0.11999732273403652,0.006688755173075593
0.17826590876542525,0.0024939954489277003
0.2508098357443629,0.005141447506738891
0.05603743044763121,0.004235625480052442
0.07611450682155407,0.0018411771035378099
0.043212508653994064,0.005416829542885906
0.20223461534594378,0.005967681369741856
0.02267965533600602,0.003203201791186474
0.011978039861759271,0.0038979729619944927
0.09450819887629791,0.004116167104198877
0.13998571569510432,0.002333354469060316
0.2868673713455365,0.004018212153783951
0.025072456692413425,0.0023359654019212213
0.028909324342109244,0.008028548359508083
0.020552337576987156,0.005319234779208793
0.054904875907979545,0.004705363993714721
0.17289508764764605,0.004162752021160658
0.11227097674790798,0.004984170414330405
0.0705782558318333,0.00558959376819552
0.16053206644542684,0.0017013851200553863
0.08523145716866054,0.0035805668426703526
0.004524602903600794,0.0012021702563104208
0.003593165877916249,0.0038446253379341776
0.014559571733101961,0.003504113529230807
0.012452145483422328,0.005112092649833209
0.016736290584503877,0.003627099954812706
0.05244375738190854,0.0053960126670104715
0.04054067723457422,0.004495674435770326
0.0033568518606870157,0.007108555316756871
0.046285649259544925,0.006639893550751477
0.02214449811167185,0.005836280735560999
0.03725636862540682,0.004997001502485523
0.09129866898965133,0.005441124369306652
0.07455453457401973,0.007640226065067004
0.11916596920927702,0.004347013275999047
0.016899057642305593,0.0052208383913604425
0.011140706654927612,0.0009666720806615429
0.33210993629811014,0.0021965623883500344
0.14577981937119944,0.007408729861482062
0.004249709547394787,0.006534205678786117
0.13218058788096698,0.0039025958287573063
0.06468951646056098,0.0014423818432936966
0.030855095920713893,0.002169971232208132
0.1713379515319815,0.0019597827042955418
0.13266829598958907,0.0020150884616147923
0.05713071749259768,0.003824832071095568
0.02788741654921978,0.006813267827669468
0.051260491025246324,0.005413771436207453
0.056896018222829525,0.0034637458164937956
0.06973210268471064,0.002380162285343341
0.048788605609146884,0.00132834206118962
0.1673819602456348,0.005591949249877202
0.034849648758779495,0.003244386385984004
0.037259806266860096,0.005405592917596486
0.06254334603904965,0.008449873496493027
0.2627811545307708,0.007313117111664855
0.14815451703137228,0.005379735634943526
0.00613684675234083,0.011394655754148397
0.0067433083338670485,0.004574107517720961
0.1303364410532737,0.0018789195746822496
0.07950542500071833,0.0022433725682943647
0.22047148937343763,0.005035416812153691
0.016136383066111648,0.0043785827123929005
0.026652839147971008,0.009673374716253496
0.02147014490354593,0.007539362574590662
0.01739554921226727,0.00034963534811213135
0.005418025767468748,0.0004069444926964902
0.019488533024897947,0.005946670321101877
0.13425951143439363,0.0010445456126091897
0.008092418528818257,0.0018813178208956557
0.013389472045815864,0.0018215028180024455
0.053966784000479606,0.003807580978637067
0.14910650088833677,0.0048754731693184325
0.013375909924363327,0.005812635292179451
0.001882482091943416,0.0038210222833100008
0.016787061877508336,0.0073497455142608435
0.0035869114481528186,0.0028510575939073145
0.19328642009102737,0.004817235743251206
0.2808753211922692,0.002351315040745669
0.013397417433466785,0.0017236111330586792
0.15517582490211623,0.0016397912101689537
0.037934592447911086,0.0037933849626193067
0.052658227227922794,0.005809718854436069
0.17883174197287133,0.0066703037102991925
0.004558444631143743,0.004767369638110848
0.33430994020395133,0.005932640785161075
0.07658722568548626,0.002274589729044525
0.09281819593013552,0.0016159703252818089
0.11401566047365463,0.0024911612558458527
0.09578973075461761,0.003833626969132818
0.02293426133678622,0.00552897711376005
0.12816327129536376,0.0027815149274279657
0.023175688003078676,0.003981362394309821
0.09498683398125252,0.005833560365878267
0.017081035355545282,0.001118885598465604
0.06288271670000256,0.009245467265957829
0.08705508718742294,0.0029009121118623825
0.007382993504677415,0.0009735405687797909
0.1711318879849557,0.003052271275954218
0.14011332536281884,0.00661084941149023
0.01532531883901811,0.0064442065718880275
0.03589287820207687,0.0025095540410485263
0.1161315793740414,0.0029178066508572338
0.009712126772285501,0.0031999616032605
0.024649922202257812,0.007276933365863332
0.0002545194616061508,0.0014070851175217044
0.1625385420071268,0.005933309331319435
0.06469025434466857,0.005041982602165773
0.011818737174792204,0.001739092901371844
0.14870285732769162,0.005924458569393521
0.1481091185125365,0.0008678376226956697
0.11677640230431052,0.004353587427332853
0.0010895107944293159,0.004888773297485403
0.20130694693423834,0.0014911460573982613
0.026556895230783084,0.006016073693981632
0.09631830249739437,0.0006163115353802933
0.06354751470937003,0.005075023547762751
0.17363069955311516,0.0054234852274291385
0.16722209347420858,0.0026911219683336297
0.12084727453620303,0.0041763166198125964
0.025156142021558026,0.0016448033887756488
0.20474763262174633,0.0072584563698313495
0.013295187241283202,0.0018532091376431265
0.03841932885990218,0.01020326373336669
0.03822885787855057,0.00707052248999692
0.14710948196940876,0.000918361415282943
0.13683025289518014,0.0035663341040560776
0.12759961216085003,0.005353483225859874
0.029250344797986827,0.008426291529802385
0.06693947147920198,0.004337566064246831
0.27526211078506435,0.004902476161592488
0.06631018324802085,0.003564093403547774
0.02947505176263121,0.004295455072436087
0.28425804846210667,0.0048190705206823
0.19783357222652853,0.0029070042219940173
0.27982519093700375,0.0030934050559124886
0.005914614370624349,0.002119747178058206
0.08089582334932288,0.0030640924567812977
0.09371004370737523,0.0035266055451737685
0.01899061665992008,0.0021987708510910666
0.04449165418881762,0.004463987364202655
0.03201770227428824,0.002084300922114613
0.06777666703055729,0.0066277054097405655
0.06384777011473375,0.0035121865793866862
0.010186439835280225,0.005481230973735768
0.20352221547295812,0.001503117305260637
0.23042272204452274,0.009150288489508293
0.20661449032505175,0.007283065359101597
0.3679276292272391,0.0070051884129543685
0.033348316769007624,0.002051234231837945
0.013984301135423038,0.004757315749367027
0.31020929000271735,0.005346738570050104
0.0423737577103509,0.004666722452923789
0.04504361871656215,0.008185236615200967
0.12149669061176382,0.00201356140958029
0.17545030177666376,0.00303075498343092
0.0713594566765039,0.0017011931110733588
0.04411608601387229,0.003036322547159241
0.2030491312114009,0.003965692448681648
0.05957732135911442,0.002341377788241784
0.021499276155338976,0.0050758640804252604
0.03703376026055594,0.0028886446980969068
0.020879032832539224,0.002684429636304511
0.04334199317864318,0.0010078704960333551
0.048689118385567554,0.011106973726102823
0.06424080508034535,0.00492718589791573
0.014815736683061687,0.006862313642272285
0.1787196275594738,0.007810270003248255
0.005133223575228385,0.0019583680275398682
0.2824299792058582,0.0019741169975327115
0.0911884809401613,0.006389422823199877
0.05749412905217355,0.006603232118632102
0.04087978595907771,0.001022935436677975
0.16970664131937951,0.0017660663223893912
0.012759706375646829,0.003153674171256131
0.005742684525188224,0.0030764324255501707
0.2729481119400532,0.004362846387038437
0.03303596546598442,0.001699388338468542
0.09852373437928463,0.0031118297572941505
0.02151002895263332,0.0046138929342201315
0.13833515447251443,0.005080144769063342
0.06262875989122563,0.002222164391453637
0.07780148136200182,0.003597379770068765
0.14298403333441456,0.0019191701269790412
0.5931391234372541,0.00156461656951557
0.015269082135006329,0.0036071704511557103
0.16957477923523356,0.001022836607620887
0.06899470109172512,0.004791515986174142
0.029471378118955727,0.0012782230308868443
0.11776432854523478,0.004177706667934187
0.16204265120524042,0.003312848303359389
0.002608362767318795,0.001569160222847637
0.04399772770500476,0.006342678924117078
0.037957102911263974,0.0010208714729757352
0.08261185942882321,0.006462630718969292
0.03064490129347064,0.005010718616370624
0.11707523576424705,0.006244881739222063
0.031345826151920164,0.0056054362774447105
0.12682392821685085,0.007513710548566365
0.009182426817773148,0.009536963320214793
0.06695993733265482,0.0015543808261127133
0.23953558627752614,0.007966815154662188
0.18071845417094323,0.0025891971278916284
0.026715902157860683,0.004895484488476346
0.07870456693063943,0.004294886302744283
0.10476505441010886,0.0029582141630070907
0.0401470214882238,0.004885638085195753
0.13532660458341184,0.00042885784196181043
0.0756998380497862,0.0038146532444953145
0.01194059889314758,0.009734264946098616
0.00805508746105943,0.0059856249459098055
0.11646554781017926,0.004980004392834563
0.01096667229487025,0.005654316320022418
0.056298185917654564,0.004750892936958613
0.10067772746481296,0.0034893684573910036
0.09859695350985476,0.007077640292043853
0.0662911293502475,0.006883517675040546
0.17720093854092056,0.0050640339026278396
0.03795395402647728,0.0035895117841768577
0.12939369813867074,0.006741782811663166
0.2749496041400903,0.004702371362501151
0.1669223904363264,0.007546557925150387
0.058436731785974416,0.0037787665204275576
0.026053596749733288,0.002946972001317401
0.08599497497186803,0.0002682708299573867
0.03946237057144231,0.003369489215863421
0.055588212985497876,0.004102832241156307
0.014850185101863644,0.003649672248189156
0.0942541317873804,0.005602455960965134
0.013677854864482697,0.0018008853226337595
0.03158763595232017,0.004243567010677196
0.19463139985089128,0.0012716898239559379
0.022795574331524904,0.0037031048738459076
0.10642463318785644,0.004850562843441904
0.024062833401558237,0.001113167216001019
0.029457356392128986,0.001336892108222432
0.015048155615488668,0.003116212316376255
0.02443936340222308,0.005563512662185402
0.03590021798427756,0.0013666371350070448
0.33795533159820934,0.008044882388348216
0.14594089703780355,0.0029863117158618626
0.010154140172062398,0.0043704411212499685
0.043844439950674996,0.006029576347198854
0.07798059104368349,0.0017588280296853493
0.04469505307102395,0.003224854543643971
0.054982832776374835,0.004793389863688748
0.07366481464674735,0.0035116373909901757
0.29630864298661663,0.0007428006030038868
0.08516517047777938,0.0016375555464215176
0.008068671004423322,0.004405945465947265
0.053989348967746764,0.005345635993072543
0.10528897469532694,0.0013522629495835788
0.019424157113888896,0.0064966690714390925
0.056626244273246584,0.0029223682963022647
0.287469029489273,0.00509595143074813
0.0066866216315588645,0.00319882732296338
0.08824408173535403,0.002286117869445474
0.3469377178189177,0.005491993473071659
0.04135149240718761,0.0015179184035445789
0.015361411921048784,0.0015216341494123887
0.09159626769053375,0.00724785908716217
0.024093871838999803,0.004539872223717029
0.029978532286520476,0.001665626382232273
0.061749712514256316,0.005216205537993263
0.0005043994232778459,0.001593750024893843
0.28506522685682967,0.007713433745067592
0.138257301779646,0.004274752624936455
0.06354894730719707,0.0015676771836042008
0.049493415960313314,0.0012759190224620343
0.08454021992926641,0.004864766388295079
0.0727630176945695,0.0006413371278218765
0.055560134495152624,0.0032721146084800238
0.13294421686822488,0.0036452041046908623
0.13882341130215536,0.008100281691440565
0.11843057085434339,0.003053914935993638
0.03293597192075026,0.009793392580189176
0.0009461407335606964,0.005031385345681099
0.07164056354952208,0.0009864354141665196
0.1397736944750818,0.006423857139165939
0.11188217379000776,0.0062604226923614215
0.19593180146785016,0.004818919070034934
0.04410111843890263,0.002740003152099534
0.06204999036111758,0.007347214757621873
0.17437223736536112,0.00043734047945543313
0.00955335642416344,0.0033045132923588084
0.30710650407465323,0.003027212769070876
0.49678884815136826,0.00440818193569601
0.042617666012120026,0.00252070091879834
0.027064545823748176,0.010529811218360538
0.12568075060056572,0.0044307804269859315
0.03459675376413429,0.0021825664097597274
0.17423641070010376,0.0066127583698681715
0.12144088525886332,0.0077287533214302866
0.06781851250684667,0.0021344472482202267
0.07601821570145262,0.005652142733619751
0.012215085004072535,0.0018307047239165995
0.05884170167820457,0.0018954127586942853
0.09676608574926604,0.0034177124936719894
0.04571804229863119,0.004798084007541614
0.07752367444101083,0.0027440576781226833
0.061921545834081826,0.004373461590786315
0.04929215574387058,0.005013142183004805
0.10791687237261272,0.00297719062129997
0.07326168360404495,0.004086961305351596
0.08089174499090745,0.004552641152303723
0.06396610588836893,0.0042962620992280055
0.00972547112837674,0.005496442106159671
0.11743459692229408,0.0050181825342122295
0.08239615264122335,0.0017769736478755404
0.019767323895507616,0.0011062620929875452
0.1971545121855911,0.0036513064321586617
0.06381296799543179,0.008317273392213852
0.22123824543157866,0.002752944106992222
0.0016880873197067103,0.0072596073104162955
0.06537941092230426,0.0017862768589503892
0.0070144260355107235,0.008337952581589234
0.035734211088822576,0.0063107649008640465
0.29941589332082685,0.005022736727835392
0.09295812110286761,0.0030167292507130047
0.08593234137137529,0.0020575630567692643
0.10834881193233059,0.005554768226588473
0.17743531870468132,0.0012510438709857617
0.02120710246276758,0.0030599714604723676
0.04824963173811625,0.00341366597032436
0.1638359449914617,0.003040773112372611
0.027087707265849303,0.005303741533245379
0.07395060692167021,0.00728463800809382
0.1843071472394513,0.0035283355445192266
0.047027347128988595,0.006271929152244476
0.11646150583496251,0.0022339415154614024
0.021860230671478575,0.006368175690102088
0.08743381397945882,0.006306637896898273
0.01778218440870205,0.004231341449241561
0.06184879122608322,0.006816310796040042
0.168576733579215,0.006802373398019414
0.054518507575949116,0.005318689759114624
0.0009599423416091213,0.0007199695108322652
0.04955555110487353,0.0036323493016772583
0.12862580191932693,0.006018538804505106
0.029137790550606724,0.001980912199977108
0.12886656735662427,0.00907228599273664
0.05155201190899561,0.003475905982371901
0.11205827235849597,0.002266031307610273
0.023549493566292767,0.004040201521564647
0.12957699421275493,0.003672733918569995
0.038635746125720516,0.0014448806289778906
0.05996741606060141,0.006003472826281381
0.11648880155607344,0.004325305246736558
0.04265195823828094,0.0011274396200061606
0.08756732390747857,0.0026415118216578763
0.2897123652777509,0.004258027498916911
0.2023105044561646,0.006204099164285865
0.4240461155405626,0.00470347802197414
0.12700722758015104,0.0034852570670827533
0.06125544934840832,0.004063429910511339
0.005001456484336586,0.006550910065147693
0.18540560507690884,0.004018343847151645
0.1236636857874771,0.0020881159005835728
0.27842102436341065,0.006469313604556687
0.23889878280024845,0.0031953118646537693
0.03786494303147947,0.004027084207196692
0.015818318263399078,0.0057169627421952245
0.01671109046802144,0.004568181836039304
0.0676315250278492,0.00163608036969359
0.0038439003313897047,0.003351598755897383
0.02092432943433664,0.005354133973444536
0.0642275470855509,0.0033635925022982844
0.11059916280595417,0.003938735047227143
0.12396994439563969,0.0030386072561106865
0.07480922008559787,0.006511639502807607
0.022862881233606913,0.003206441089707977
0.050080922896796665,0.006594694085431914
0.2198549754718897,0.0028619254876329748
0.10689622250205844,0.001418808274141075
0.004489608874933992,0.0057923846155184654
0.16023135749233575,0.0048130583061812456
0.04806531100456368,0.00030163396248516887
0.006857441668273623,0.0065358294075265055
0.13929922292271613,0.002495822925332962
0.018454189450324066,0.005449598435334308
0.22301607791112588,0.004159809089131315
0.059621627129729404,0.004878799046933908
0.03521391961632503,0.004514309775763798
0.2756280684015735,0.005237380295912958
0.057156988923935614,0.009863205987155937
0.2394978105203336,0.00408789629702175
0.05423604258908199,0.0017009105689870115
0.07874748755827454,0.0041553089428664
0.13716768106527866,0.004709830621705912
0.24972766179848804,0.007043998375125308
0.21500435294876752,0.0032655720761129428
0.17344738417895655,0.005141463444704981
0.14504272287751974,0.0032767333852128776
0.027716600845764106,0.004626775157088618
0.042926032763517696,0.008430215453252506
0.04124105127490907,0.00469215961553145
0.04739509204409842,0.002271228587428134
0.10333345147105888,0.003053656091998071
0.2574485974890024,0.005469183581215288
0.03590601197336696,0.0027118106290444123
0.07109804020740285,0.007019676702925197
0.07340045344727741,0.0048285557334159825
0.09479932990603857,0.00784132138172076
0.017490116109485143,0.00304140779178553
0.0740909624952053,0.004503849636246372
0.026181339572985962,0.006803778821078133
0.14204205623062194,0.0026625155541570847
0.005270623183974976,0.0008068380228320425
0.007415975789541562,0.006105350817053547
0.044080481769555035,0.0032697247898305502
0.015446889073160719,0.0022160629968618157
0.09328429491634438,0.003928779915605774
0.13286247852667543,0.006468090526271812
0.0013174310118415633,0.0027903768174248425
0.12646142188444287,0.004265063901212275
0.3477507408747442,0.004838057699298672
0.1072538907430669,0.0020692598417804122
0.12253813198762487,0.004888653023358638
0.11775488366632203,0.0028837585265772555
0.15266178331276592,0.0029930241707322265
0.10987268858622201,0.0006827869254719874
0.046378367140761156,0.004688223617737759
0.035831537159964455,0.0038786873059928322
0.028060724288678784,0.0046325941768980035
0.20471505521919653,0.001231657513320582
0.0008162527244621742,0.005629695651813581
0.08480377523994775,0.0010942631516655417
0.061798465293577465,0.006774932724232398
0.15267829344949746,0.00371057649755616
0.12056211531498207,0.0035810236205719922
0.2687769967771203,0.009754587573444507
0.01809371861861564,0.004976598101865612
0.026434721454279497,0.0031836105418492876
0.1028972932379304,0.003109682154550232
0.0012029177041199546,0.011440380916848366
0.043761592744118616,0.0027635330230415187
0.06423341389611892,0.009522764275183573
0.19700399292420911,0.002742344717520905
0.11544820301020309,0.0009883143949550367
0.06997172091786297,0.006654807130606285
0.046842810764047726,0.00026547984972868205
0.14452255356303567,0.0036585884102773585
0.16041148145927764,0.0039594584015231905
0.024467425571089052,0.004139967146381982
0.23897852951742493,0.005316407316409914
0.009081156603855334,0.004400712174524858
0.025361321573853957,0.002855818966196696
0.07895313216047839,0.00485523424360132
0.08902880063820362,0.0026521250396409715
0.015701854300857576,0.007715484040228488
0.19826258362917315,0.0034455179340426843
0.010315927686889381,0.004225991478708456
0.024264607293844165,0.002575247454122454
0.013525044903985872,0.0026934952271510343
0.12516192494675238,0.0038711702249466092
0.03673980399216248,0.0031337847593323805
0.04829054189326598,0.004200395252632655
0.1724310142769241,0.00519763007743585
0.06685579888298321,0.00640126291246368
0.2710588925926345,0.004566111314180848
0.05127461836829639,0.00324835300370903
0.11532793990588175,0.0004387059603327788
0.18674029912287438,0.0032569444700417003
0.07964546949682472,0.005741006209218423
0.08982623821574975,0.004423888324434519
0.0418993643191925,0.0009367844099945569
0.02496848958105602,0.006082880883843482
0.1562413637453801,0.005928709451783768
0.008000750569692627,0.0062958792620440565
0.16469130193490855,0.003969198501140582
0.06881159444054674,0.0016455463290906862
0.08804531827212259,0.004300152466879204
0.08527887016234104,0.0035303067073244494
0.2161330106571029,0.0011916030429562105
0.016973087532619502,0.0032065524771533165
0.16044526164046147,0.005242653713273398
0.2860570349532452,0.006535269350647859
0.09038459913867314,0.003733701340505793
0.014023720797098349,0.004402781447955434
0.24352628097406637,0.0021421979233816864
0.10954973792587452,0.0026772384939835327
0.03195826123081247,0.0013157632937248346
0.0741648318153807,0.005796776653181572
0.026503392385933466,0.0026934406773229135
0.30081142394678295,0.0038533614852679725
0.009968580780821412,0.003875620975343912
0.22601913320076505,0.0014647609606599653
0.23470479668552002,0.0015164053191949955
0.03342223426952273,0.006681747106347361
0.13120736193457105,0.005950135643842724
0.30563908667531337,0.004386897197304533
0.0743798470733168,0.000781200198584568
0.06091007214487831,0.0009859304693712882
0.07742138288833189,0.0030387548272933847
0.0622333621578548,0.0035731449451210087
0.041906434112348734,0.002788674726273871
0.06570478400132629,0.004751393655538664
0.26040995509160325,0.0028061380819160986
0.19414543463074097,0.007827998736613448
0.09702520259278913,0.00626816573620147
0.1576007485396076,0.0006909235214334387
0.05197550890028424,0.001536713256459014
0.05882230193847704,0.011845281171625486
0.0984680856277862,0.0009152056870425942
0.01762575065797023,0.0030240532205051897
0.12523280705914885,0.0038947803366692186
0.18645539702211522,0.004484337973542609
0.03903245509076214,0.008889172265415007
0.1349098602831873,0.009300140206251284
0.007006777920935292,0.0035626308849668886
8.188147106125143E-05,0.011572353792362424
0.21282338659611355,0.006636226502958159
0.0922739267467989,0.006622959123893206
0.0886265930465413,0.006278389973123277
0.005479878391383863,0.00267353681261895
0.32393865040890546,0.0014749148187291458
0.0332828569648882,0.007785529602647547
0.012275499847163474,0.0056777728805100704
0.03898766495427708,0.0018831783054109959
0.19632323810094476,0.002975035067794195
0.06352786472655225,0.006296873529916264
0.049165511157212904,0.003967577274480561
0.03151377118510368,0.0020324301161013607
0.1377502146697509,0.003272686501272856
0.1098636787408509,0.004845212032493527
0.23382186453048348,0.0035115961578185305
0.27883573487770263,0.0031799376758674053
0.018371963802934488,0.00782253669173014
0.2467006952080908,0.004728545974082586
0.23486645290904562,0.003002862266076879
0.06249682262924239,0.0015530428562788188
0.10092783925279036,0.004884642869972178
0.0023648911486873203,0.002396269753085321
0.0028540856961853933,0.002545402998676135
0.03713144441812233,0.005299041942509706
0.0041589139990492185,0.004211983013439
0.38234191587631017,0.001388454403193199
0.017133275249875624,0.0029046128068170272
0.1471116938829482,0.006041999776871154
0.0344503408938408,0.0031166877174095635
0.16367377320779042,0.0025470043681030865
0.0202683783615214,0.0020932185258163588
0.013339777751724569,0.0041613649137591914
0.029133734132017253,0.00441723434427745
0.06251263716657718,0.002707039874270597
0.020278477853196364,0.005872318107686274
0.0015259233405799932,0.0024992166262203176
0.03425976323046598,0.005832376301054805
0.13168914537683918,0.001428821294868433
0.10580446554908463,0.003210807639701496
0.05053742299989494,0.006960480463957571
0.008478966124016551,0.005519703558187653
0.15242996064827707,0.008363849828763457
0.12520632790182162,0.007868388090235616
0.323110096268465,0.0032671629547215524
0.02534319515137895,0.0030582298488852316
0.20198963533249525,0.004913022662290777
0.006479940843632903,0.0003255462324407343
0.05750298973583767,0.0038179275421269215
0.14705097987427962,0.007897135884319182
0.07265882405275192,0.0013866138913533686
0.09370522385839308,0.003888355794239241
0.03827472090301853,0.006377002753280838
0.028130429439471527,0.002932751969821203
0.05482219337687866,0.0073798860676105365
0.12717764862756553,0.006751279527805556
0.031274633213513425,0.0023268684477455613
0.11239956439939647,0.0035155265054227494
0.16179382003218734,0.004196265282437053
0.09361835397555751,0.004702628147843332
0.19349261854779343,0.0015634610703637232
0.03876182257440064,0.006705323774320946
0.04418849984602957,0.005086956799978927
0.059877189953112975,0.006831863577101757
0.06912172440448217,0.0029840484473824627
0.2840375674067559,0.0035898988444139023
0.1740465104355735,0.0006710746883867444
0.05707612226620995,0.00657040275924263
0.20668431839393975,0.003911745657087251
0.12091322749168398,0.007132764365434973
0.01628129738949724,0.00313274428701489
0.06051819508616063,0.006475516106243394
0.06871889092195715,0.004753291387943617
0.2169360493300303,0.005102034961767652
0.011509211998486535,0.006160574173353122
0.2516905891078238,0.006033848445897703
0.08380985273743136,0.007365231795408774
0.017595572309147656,0.0025848702579636543
0.008110689604194476,0.002675186207989493
0.010568982846848485,0.004295961998268503
0.06760364572386379,0.006819451541246698
0.002683586624414147,6.995327334657541E-05
0.029985649740439158,0.002474511041917082
0.767343950147449,0.009412110239218185
0.34401625848397543,0.002115066764552413
0.14013501117122473,0.004752710184580889
0.2050455316535249,0.0028959839785622546
0.25066022686894485,0.0052582188193792505
0.22904121680534217,0.005020390501392355
0.18554269841678206,0.003707934153130192
0.0771243466500664,0.006188071229913023
0.20147421780040986,0.00440017684870032
0.030651383635103002,0.0022843885580732023
0.027915266676899364,0.0026905951906075224
0.1155903405166896,0.00329745955410961
0.1498825031340516,0.00674353844605015
0.07663661025242163,0.0020066243960612474
0.019171016965543686,0.004550866418403849
0.1462250127203788,0.004445709664105972
0.03828517467852066,0.008007494009309916
0.2079529717600508,0.011593194608264438
0.03628648989189287,0.002938903503645722
0.2395553864542137,0.0015025704998647097
0.02554180790087912,0.004657210044907524
0.02409989870639606,0.0011065872082552716
0.04077782098019611,0.0058510312735012455
0.3234894368580683,0.0036171389034783553
0.16733353986506927,0.0015471074327903346
0.4391740947253595,0.005821187670054709
0.06348593451883744,0.002454350176346507
0.32235045703674814,0.006043573347422636
0.028025973278602123,0.0009700999928316641
0.20166122375465534,0.006667633084672739
0.17369424251796772,0.008279373117904335
0.2340447361694089,0.003487939717395756
0.0957259277140281,0.004725670974427213
0.000736624567139188,0.0034874774476472106
0.03794688951745684,0.004342071205372584
0.3361946758689953,0.005992283173720026
0.04080556141497027,0.008945891160919652
0.22493641534939002,0.002973335155961995
0.09396845788248243,0.0016457398534619866
0.012915410875223188,0.004862433082515042
0.16022857495974563,0.004061159174771003
0.09279115530895865,0.005635197992217948
0.012107940865490718,0.006331246474122094
0.017335533976648776,0.00993198171311456
0.1294633356309589,0.009367849742399442
0.19112235644382736,0.0031375363686957725
0.03365243333226431,0.0010077723720370822
0.09155433585027595,0.005081213677031638
0.15653817048826113,0.009421868780395712
0.0015195592486918486,0.005924396643568508
0.1502937801474502,0.006819113179182516
0.006020991948730625,0.002512177058366957
0.18282949029600104,0.00259790869573266
0.005440344706585165,0.004324700598357256
0.10344869766115039,0.00511132237680137
0.2181505294353201,0.007695398328820812
0.12021271656666954,0.0027118610234696545
0.132747407443361,0.0016567226276477417
0.11477825083503035,0.005668291491781805
0.048825341001020206,0.0019109969567886172
0.030328562931572378,0.007848609158460512
0.0183887774053062,0.0037693139632928125
0.015900608431564933,0.003915944839245223
0.1398566522744602,0.001988497014338357
0.009315881540828741,0.0026521424177481483
0.052002143727037264,0.0037813996838168377
0.36207230476966856,0.0037562707688363365
0.1323174828779372,0.0032377023683039675
0.10896220731751782,0.0052413813421711315
0.004394974224709358,0.0050317477143850915
0.1179581541584298,0.0002574246888130144
0.0627690034413888,0.007314435413300475
0.012109614333098762,0.003571898766044
0.22496061480129015,0.0027521643570049166
0.05292236536479322,0.0021133500850559843
0.21330816725406976,0.008187008850755406
0.12661632382807397,0.0041256231707683015
0.030171748988720992,0.002870235783589111
0.037584549639319675,0.002242412628414965
0.03682137946131547,0.0033478183848375215
0.023836237951883277,0.0067050453023543045
0.07425346091395113,0.005201822754590749
0.028249745913882407,0.0035675679084772854
0.005048621868184,0.0062254292250789175
0.07218954012648737,0.001667573810164443
0.05825869748784385,0.0007951748912456444
0.16965195473954964,0.002494828170592645
0.0009226866802976019,0.002152161203407283
0.14215536232029535,0.0027483726999038235
0.046454223256034766,0.00467594467961113
0.11369916657281465,0.004005627275489311
0.042306587592236156,0.00447514730665376
0.016819984730602755,0.0014479938453603207
0.0027388273982751343,0.0008745142207019667
0.04303178620767767,0.0029685849039219944
0.23173596206146385,0.003156119981681896
0.06286603716594641,0.0035066753670871943
0.1511679773011565,0.00352426517739101
0.03212574127547896,0.002348349585494338
0.0911758106470586,0.0038051528001203615
0.09864749328542644,0.002196440588618432
0.032763824080944914,0.004440898604360684
0.02974775545018815,0.007432093483744025
0.10869095221957537,0.0020490164132184485
0.02786547822458374,0.004707248977785478
0.19314764464510858,0.001510343178488649
0.11045318965679485,0.003476375851299425
0.0956842337838566,0.0006244499687666921
0.06913354069098432,0.00628880994216036
0.10260856391454354,0.0018925398742102315
0.11092674260001445,0.0015453503327608168
0.006268965588560604,0.006749625049349436
0.026349526647919674,0.00414336993302139
0.1264193641036968,0.004267521527144899
0.021516286839386112,0.004920685648943888
0.04560130571582022,0.007949821953261257
0.15191397469888557,0.0038335903475918854
0.13008665488513316,0.0046368209545730715
0.06094436413528115,0.002391335627793089
0.00457333401183746,0.0035299908687891754
0.360961922533761,0.0033100458794863546
0.19639405501240503,0.0022691138987768903
0.03195934566110736,0.005531959956907516
0.2103017281546613,0.009191706565371844
0.014582007303715727,0.0007757918615903853
0.06421663005136224,0.00032049497403244416
0.46444252226925187,0.0037991209102920375
0.25905065135657424,0.005287728653480707
0.12907794919760818,0.001181566261311929
0.0009082999334282249,0.0037022549202233865
0.19177285801811195,0.0033218299199798246
0.4815415525164326,0.0064773627599381284
0.04281644136895579,0.0025194332335398894
0.028715865777940053,0.009585286790133783
0.30274247066668636,0.007805986772065711
0.19378347094496462,0.008387585376313567
0.07069960954123644,0.0017958083165308658
0.2455033926935073,0.0022647188766263767
0.23153404989832893,0.0010911318222179217
0.00863492353207107,0.006332012903739601
0.045780601660680986,0.003259600699047751
0.15409034007672062,0.007177974288715134
0.11252665640711257,0.0008600898315414463
0.04240318088071149,0.007651472006702882
0.02582465439749626,0.0009925042474975374
0.030870068582430576,0.007786535133509292
0.14929869480641855,0.0043642077016888825
0.2327171023617609,0.0063457686765501665
0.20101713086444306,0.008313934993188974
0.010833953940192487,0.006389805623766681
0.0018963831020357702,0.004965190152276411
0.0014540009696304423,0.0016085866447256615
0.12423697055930916,0.0030942564178581635
0.13572930201189592,0.007376987815496024
0.023006531454228707,0.007178853668455498
0.20905290334371784,0.0027016005534989404
0.1589495652864059,0.003713050932769249
0.07970959276951817,0.00688289866266564
0.09236602236339309,0.0034465158402533645
0.033821354322412844,0.0038657012685791494
0.024010101509674087,0.0016172821378009534
0.16929387864462342,0.006334213957481246
0.1321722628348425,0.008124532213644193
0.1485278387908977,0.007148699562684338
0.32991938126673404,0.00234443416665099
0.04952009216080455,0.0065601191600860405
0.007928280176543012,0.0025671401849355745
0.29251655220934936,0.006030527003643627
0.012290272732400354,0.0017929816456894805
0.03338274102262062,0.00405561236803356
0.0030481905158410427,0.008263716111542366
0.05428295109066994,0.007534043887001856
0.03468239297620812,0.01036089646778187
0.0823317793320939,0.0028226524036098107
0.12875660328995764,0.0015588853681424363
0.07854881358926491,0.003274003584136148
0.006447597869794208,0.002979414487948609
0.031774137665394164,0.0044537071606869805
0.001219863738526783,0.006330155595847722
0.041500605538232094,0.005179433323847942
0.07592942185158336,0.0034149256100634855
0.15727737452624524,0.004087440456721724
0.18300800521856786,0.00491959606381676
0.02495462389438785,0.004401984777840782
0.45658895851778425,0.004830984932050255
0.02521224285615631,0.00810547020627345
0.03545484884932648,0.0001029453664839705
0.16896551268052917,0.002889675296917289
0.3758205327929147,0.003958623583594726
0.02006017973499752,0.0026193499698320077
0.04105852108421004,0.007464659256457436
0.028558321380046436,0.0035080783510644253
0.0070969025402973784,0.004293731230377041
0.07973307602435398,0.0049114506262421505
0.38872758843311317,0.00204593382086813
0.011565563605586249,0.0032157931739257148
0.13869567153884077,0.010730672111120453
0.1347509028538525,0.006610557692619974
0.04475313977857809,0.0028770556984894515
0.22419022382587173,0.002940195607136592
0.11724961021323566,0.0045004843521110624
0.03587301391229403,0.00338837118942338
0.0985811910166774,0.0036769777440145627
0.08420316216296442,0.006243506431100541
0.1287422262666098,0.00628907809193013
0.06533197291483361,0.00640756046907093
0.2443645910545058,0.0033093519286547493
0.13776993912813396,0.0038817283970464405
0.0611444335667386,0.002905499488488592
0.1861634116152402,0.0034043333946068097
0.2786708115583565,0.0044726728398939404
0.08857970047108665,0.006310049093119782
0.029735606936327486,0.0025710724734512753
0.010093506665697305,0.0024477585108885246
0.05007758578005905,0.0037592509534088293
0.05714197200978788,0.00439865121443225
0.04887761461193918,0.00039852228565113345
0.055027801540603605,0.005501784226384376
0.20271657653017883,0.0011508503339192043
0.09496694766622227,0.000987159087633276
0.2061706294712451,0.0014796892087137008
0.7315889226572097,0.003918867939603858
0.013824898686038978,0.001869123138271732
0.04044619842056818,0.004829767393948786
0.12035962730536198,0.0023926475806823736
0.012486743189498384,0.0028435097708931203
0.025780190801327763,0.012592435467795088
0.05261184118214146,0.007533596288503723
0.016069275076517897,0.006551986700852738
0.01837053524528187,0.0023884084797780878
0.009340586242473137,0.006149107716551407
0.04233477776031691,0.005724838726206034
0.44399214088744543,0.006208493246019715
0.12454692053219674,0.0016060694762551006
0.15825536636194215,0.004753223174387387
0.010329808427201215,0.003013396217468721
0.14811841519656355,0.0022904997377743734
0.04659518924057693,0.0015901438343027983
0.04246893792108608,0.004419565481170705
0.07643803064019039,0.0032292753077905576
0.02120524399637702,0.0050967870073491284
0.05865570773045192,0.00525506093970364
0.0026145898703191506,0.005530762913289235
0.0171592091242303,0.0005295295015029747
0.02272248923469533,0.007025894846387256
0.019533167991937717,0.0006908381583994543
0.03552354666709334,0.006811538794215942
0.2948543558601102,0.007235489824302999
0.07967595210922696,0.00496281566476502
0.03634890005994862,0.006906533397611607
0.06135377644184814,0.0037323848192573252
0.25769103317219333,0.004985084972314061
0.024327593557785576,0.006519528881092459
0.003142584011271765,0.0048077932534938105
0.02928573268016521,0.002636950575508249
0.08300083501254107,0.003467666547916629
0.08468307895176963,0.002768756966739476
0.017159674746409337,0.0016482231258237296
0.3492916544795719,0.003304851127202031
0.0197929578513083,0.0048990808382571365
0.09192525836135701,0.0013433758454720664
0.23527405595729078,0.005438774917022691
0.17868921674110538,0.00312011214988653
0.08601289836570913,0.004422182862168098
0.010318816017814925,0.0013675296728135613
0.1069550000957804,0.006555891137240743
0.094303027931943,0.005288249592171831
0.00626009318875731,0.005638509933103948
0.020561306960132697,0.0035431427854713754
0.20954479595039288,0.004221753848509749
0.11975157999063413,0.002056501986670963
0.3763026200986985,0.007444398705376112
0.13176666143672833,0.004647240608714502
0.19042871341275713,0.006736572166026135
0.14661690956700113,0.0034552622232255246
0.013821598325989726,0.002723292602843001
0.021812347485166583,0.006052655688249527
0.12889080124739394,0.005103786515514205
0.00742955246511201,0.004440366857558856
0.40346633465313175,0.005084856408605863
0.022083439795892446,0.00800583715296027
0.13422491853575025,0.0035772034732256025
0.0385269025570949,0.007835366103187517
0.30940277621178325,0.008679891397913801
0.027903894295405962,0.0064267106520695455
0.03631025700360624,0.005422722780039818
0.009611580118843221,0.0032042850479901794
0.03421002933902173,0.006977208518187101
0.1541317378447502,0.0021291632468147374
0.03556213262524466,0.002822264844773986
0.01777139014600948,0.00506433595188246
0.16447643725470584,0.004324642390426814
0.05146555966464916,0.0012051971882651954
0.07532310127584196,0.001751987950849705
0.23200001782387858,0.0037545853588681704
0.03404961693649966,0.0013592435102714592
0.06856188970994026,0.005188514266990799
0.20852563693452453,0.005555283748178184
0.2053106378713494,0.008611193105750994
0.09505344518612446,0.0023669943986236995
0.06391558435871048,0.0018674910836829902
0.023267892444465588,0.00336342666773907
0.08150645423791048,0.0024877011430852465
0.0006875745459637983,0.00695135164902294
0.10637380731807866,0.003941427838786056
0.004583849855265498,0.005064259384220076
0.06383479145856086,0.001892846673039791
0.07428426015667355,0.005668254895991522
0.10952400944228202,0.005571423900405661
0.1599669987359107,0.006308760699354
0.4540375951072235,0.0023218156330526317
0.4133800261512022,0.000967826474673856
0.05218956291363952,0.004185697122729941
0.028900166538448957,0.0035363017113250964
0.13627963096951135,0.0036305393656529397
0.030981475130147373,0.005280981028270775
0.06585321153752943,0.003952810212834615
0.06714807963064118,0.006467804267534369
0.08375713245618499,0.002990852126160171
0.12926997872230572,0.002558084431418475
0.08733518732520906,0.0020672204203957376
0.12468718240432963,0.002437283999847294
0.03381891555744687,0.007396928342456477
0.03180805783782148,0.004461613821856866
0.018924114500492806,0.0015359637426961541
0.05841630193089031,0.0018809758068742447
0.009128135167514984,0.003295302293188239
0.13078297087093915,0.0023286201889650645
0.03299037367315805,0.005180507816196554
0.12397338272816683,0.0005715386257573255
0.07387690619685827,0.004040987193105346
0.3962323520396751,0.006961331405020399
0.005853039869862187,0.006310882978461444
0.004235096016515172,0.005976828548512738
0.02624459341285501,0.009977036255729162
0.00038965809324054135,0.0031341194807362064
0.002389376409809074,0.001246306455238013
0.07148701440593186,0.006283199666586549
0.0732299390206208,0.002439044876040235
0.01524415407465085,0.004726628709621034
0.05270581685417142,0.005984849705637735
0.0876331278314808,0.005458106055389144
0.022292970026001058,0.00888338473183286
0.1886792062259417,0.004087378044132187
0.06606086504953623,0.0026272348836576483
0.03885296461487542,0.0085902402750231
0.01864610474132178,0.0027308573269588248
0.04271362478496599,0.004159980672488505
0.12074022555069064,0.006765633539355513
0.1597453775169697,0.00939431477643806
0.061429133256837076,0.005248737147625447
0.007554195723344037,0.007500398122056783
0.051610673366070614,0.0067121818028938055
0.011496554009937654,0.005242428700113252
0.11668494337783386,0.003261715725406429
0.0205681941564535,0.0018428014192806233
0.049534641188813566,0.0059878136788655955
0.1844272321769438,0.003311096775582028
0.14844733595930393,0.0038305149621179844
0.23308992362612457,0.005682904654740202
0.1293973424626529,0.0045395805099185975
0.10303875617006497,0.006696216537079968
0.019470428355475633,0.00931605300433683
0.05351309040347019,0.004532740721401377
0.003711904557832213,0.006549821790593891
0.25630485188153784,0.005459547746883786
0.018881047990475963,0.008554820093698658
0.08707010233621304,0.008402373561983709
0.01933334758228966,0.0008392865785095352
0.15347440590682027,0.005887916573036414
0.011125154771605139,0.008125561331843986
0.141530772529876,0.002858278803783515
0.23555663361577217,0.006253887341667384
0.18723286021005947,0.0018469261984707655
0.028442499645080943,0.004418675199340943
0.13039794333639065,0.0032654099683859707
0.03339561201840979,0.0046798135420036725
0.02465302277818182,0.0005853948030506724
0.007193347651877957,0.0031574693375218286
0.0725229943715533,0.005355661561441403
0.04552150674192035,0.006665231710039448
0.006028312149453541,0.0017227177308276175
0.021169582368600004,0.0011123252275004876
0.014005632111974364,0.004031038667964542
0.05677724182038446,0.0009192730319426219
0.09920284844361049,0.006145585051682826
0.05933858228232225,0.0032348522217590012
0.09532398593088942,0.0022530925158417343
0.22737564010114397,0.008176135299096934
0.15906090132713757,0.0015641371308142236
0.08718753113143407,0.0017621130343019192
0.019363299107965304,0.005982193929173214
0.0631579466888752,0.0022193197537525157
0.03693854569638688,0.00456403357533124
0.28123030517718917,0.002395621465579895
0.11697650367750612,0.0018461959834918584
0.030842083448419544,0.0029348372477848747
0.023956614272179877,0.008452203090251223
0.27617577464897636,0.00603331744960618
0.04449828996746419,0.004620312076235658
0.09399154936028253,0.003928498994077323
0.046045572162398685,0.002513199970853082
0.00860059243689193,0.0015971096256316192
0.1412122439950565,0.0018201717868564689
0.055252275897402114,0.008111829387703043
0.0664974095494415,0.004396428216281977
0.05970307437078759,0.00670412534207825
0.03351268555729803,0.0021172098571898223
0.02235187010143136,0.0065661338502016895
0.18688408882022145,0.010062195967967116
0.039880497163409245,0.0039755692990688955
0.17094910984903322,0.007699627059818737
0.0377071221851395,0.0038813363060447538
0.04640188178024118,0.0034692286682711684
0.0572832699794219,0.003397411194390027
0.012212873200837748,0.00460046427588959
0.13375963153819725,0.002876605894739584
0.01317885065674318,0.0034673380088758544
0.010048774145900552,0.007920420503063972
0.2945212463859832,0.00704418304558021
0.027544351421255442,0.006767231064434893
0.15958385639544304,0.00246232134626609
0.03448471850435908,0.005570136750224285
0.09968543532144736,0.00358363658685921
0.15311578946071336,0.006061850216128397
0.1651141884557603,0.004056069645074507
0.034505509995597095,0.00659422000098578
0.04694493382524456,0.0037458425470606243
0.0364918500300746,0.00033225504922031396
0.49598577037579616,0.003549546725207394
0.09062287261104984,0.004061810134066911
0.07264840124958027,0.00059025652143189
0.010195321700649629,0.007513390091352728
0.0728613929922517,0.0043263242137818805
0.08455404921093645,0.006053974871806205
0.11189394165614885,0.005836554788427383
0.07601047561522023,0.0032733868734376886
0.11007767968635562,0.007100051717483623
0.17301813039810554,0.006132054365119166
0.03501091121708555,0.006238319851184037
0.0972629800804441,0.0016442837263601047
0.18261009497095415,0.007150415548486788
0.015718964326481455,0.003101548521081723
0.03907457957015481,0.004838316062091639
0.03771634638997057,0.0038032943612659595
0.052638258543623806,0.002941953280792057
0.37942584428290616,0.001319149298933186
0.03860663051506208,0.0003175898977282897
0.15469513624904607,0.0007883165701131394
0.01509778685564811,0.004077906388298071
0.03978901890883435,0.003902841594298191
0.03413280909990135,0.003935511225067525
0.09662132147872171,0.007923726180184743
0.07644208116059303,0.004509901382257159
0.057795168093548455,0.0045160795725020806
0.07471914937045199,0.0010357589188381426
0.0650327500405865,0.0017858960550757588
0.1561692672668471,0.00205834866096476
0.033455261075062026,0.0025881043642448833
0.0687283038718931,0.007354659278679098
0.01906255663976708,0.0027476619946561988
0.03318698977903978,0.004139846928463158
0.014988406455984205,0.003895699292991849
0.361109964998235,0.004118341441650277
0.07214081519299498,0.007328117759670463
0.0754339215228299,0.0044481821663654685
0.011148135236311418,0.0057931999932322314
0.06458270112639752,0.0019846433007162114
0.010788603702593491,0.0034470243986285533
0.17611407217120245,0.002411189895146173
0.13119094483917593,0.002839049239498208
0.0763260267256669,0.0022707467569039914
0.010687091581388586,0.0014581169937118738
0.09906843855480929,0.0031864842873389255
0.1669131992787527,0.001093938549620408
0.01594011689505237,0.007308533227542504
0.06346532216437595,0.004496366900538392
0.044559465177798074,0.0055421892150165466
0.01602281752477097,0.0034276660525459106
0.33625848207367426,0.006809271352943102
0.07961648403036747,0.004336835058590583
0.03826853278667386,0.005076950047561366
0.07429912546700734,0.0014723662868974937
0.07196944310899767,0.004519702610692584
0.05860995466233021,0.0009137791228544535
0.3622470604499597,0.005497942661834788
0.007367057990393278,0.006400303157390303
0.053787904981192014,0.00565486374339145
0.07004690532488667,0.0030047780970729357
0.004119331704515616,0.002455950483356613
0.2554466780483722,0.009885931901608087
0.002484279839308101,0.00177557656603112
0.2022043994246303,0.0051936852149332595
0.024968155837655104,0.006660653875719485
0.013467064650512839,0.0022278669525607215
0.004244565213468832,0.00806096834292011
0.09197539767197327,0.007916184505943705
0.004477178164336237,0.00951244613728791
0.004788879720678096,0.003792448871508462
0.020998752334548954,0.0058489719458715
0.07200278732574361,0.00200027507744282
0.2110874314145974,0.008088576733975705
0.01680569247207586,0.007393094826264784
0.15239693958221778,0.011664846275842715
0.0672424415924695,0.00352781999347551
0.14698809590504425,0.00497007024425015
0.01641543832297998,0.007797743487134283
0.47336895902608944,0.002782231314166601
0.00867974445998243,0.0031770576888769755
0.015880655073800654,0.000688885926186353
0.06433460949961045,0.002659719136520666
0.0188106573556297,0.005419954706269188
0.0017707711416221628,0.004642511889911042
0.0694875561936783,0.0017041228717966687
0.03529441225370533,0.003185705796547594
0.005907585919544545,0.004568203423164878
0.062185661588472385,0.001552048576219703
0.22804391665886214,0.0013811274182013746
0.025575594723875383,0.0035988430927471524
0.002219744760964204,0.003479222578898268
0.023504145758835193,0.0057223870506111765
0.018889546041719996,0.004476333718310067
0.13848276319373554,0.004616816803385367
0.07219421495881306,0.0043414127588547
0.27822457502119846,0.0032948544224089276
0.027787226091305683,0.002998203887927135
0.04991048762778405,0.00197792305222144
0.010936015974152724,0.005556138084474542
0.13655696215269586,0.007167229699868856
0.01193966956614645,0.008697552581908699
0.4296134876678934,0.004819892681694829
0.16852685789967836,0.0014342106774484459
0.10373008415638196,0.003543900149723976
0.033160381513710036,0.0013512620671776168
0.11450047592290957,0.0033684288185368448
0.06326946797759092,0.0016638842846384183
0.15834163973315185,0.0019900913087950705
0.06908192250131151,0.0023485037732038907
0.0020579566744345357,0.0011977687197399934
0.0659960848981882,0.005666829563783773
0.19110626338340353,0.004995762236073761
0.24936322920339649,0.005198309959457616
0.1690233791086655,0.006387942605845687
0.04887717322753815,0.002772298443677198
0.05491470520939856,0.004540323702653088
0.09379504394334504,0.005095973847388183
0.09084106604825593,0.0062006197273111385
0.05444701986300515,0.0030486072974866096
0.12208159665172502,0.003089102549461162
0.6015391953350218,0.005462280356064074
0.024899002961973338,0.003813270825232593
0.09218341115419548,0.005163592838584152
0.0667285369397348,0.0035677701658030163
0.012041477879506601,0.00619273504992708
0.0260804401627297,0.00719258966039477
0.23457418752761328,0.004615440673854154
0.12699090174209005,0.0036276242223286016
0.029481790195916346,0.0020801717074807194
0.017470960070710362,0.003978562938471818
0.024290177535249313,0.0038331015780748924
0.08218143492769059,0.003943910128919723
0.10211119771122412,0.0047094481090780346
0.3173978642180657,0.0045873883915485475
0.030057165208120296,0.0025986064527109202
0.03159588252188428,0.004488024882424793
0.02782523101825518,0.005230903388488109
0.10422078639695087,0.008020400482791411
0.08063133327394212,0.002118527100794382
0.0838610362090435,0.0058643799091237046
0.11646603327602634,0.0008998510995762352
0.028662250081708862,0.0026067816270571916
0.19978080209864402,0.004597141583531516
0.14505154187116887,0.0018704024921931668
0.010968545204235625,0.003126913908882708
0.07535876491886029,0.005684357655361212
0.4813422270157446,0.0026088820971295673
0.02388765748685273,0.006933853486271762
0.13126271818231317,0.0027682124058385107
0.5135719812301716,0.002567519589576372
0.07686424608044717,0.0044943930663949435
0.001161992764906472,0.0030319902312118266
0.15296287039859635,0.01029526732775018
0.06809156172130315,0.0010946733640297285
0.020511296805892698,0.004503616346514642
0.00847615703182214,0.006945983948060588
0.04189044009302734,0.002892140102085208
0.0440416850393035,0.00041149294478732635
0.0008402929954058891,0.003994074521200496
0.15332404462031946,0.005927132625388537
0.08358234945978893,0.0029444482953889383
0.005215279357997815,0.004023283140967807
0.12356676639512898,0.0028025556247911914
0.1340196518063692,0.002275501384839844
0.0064810596725806136,0.008995895665890092
0.2073157847470668,0.004269836617231921
0.3275966797915828,0.005292759587271179
0.036279532629095,0.003985973864580234
0.059400185304610886,0.004739262242163939
0.5992367242076568,0.0025841237140814947
0.0595903791339083,0.004604399773622699
0.17729004131120973,0.0052945777954313406
0.10314578701681398,0.008452719760700018
0.34575950233843855,0.00379692129415281
0.04012661423769259,0.006184411792237412
0.04689200058541587,0.004551528334577957
0.02487273534981682,0.004630123479877579
0.15220774543544735,0.005412084397127092
0.025727242037902442,0.0036740895989780665
0.030866471219837877,0.0029674382705644786
0.015206322096958047,0.005445531977615021
0.2842685400587186,0.003009978582462696
0.046532718629578085,0.0007720353764232888
0.09963023475745558,0.0009933669416460494
0.058045830427516876,0.002343242679907134
0.21562025220325154,0.002852499810016082
0.02270921405559534,0.0042646605252390085
0.026709821749278717,0.007271341494449466
0.05730335905079187,0.0052095283945698964
0.004306585480776448,0.004740683614746945
0.14748973901490103,0.003182095880771406
0.008830577586849131,0.003135871751870338
0.0012884072677081804,0.002704313858989599
0.056615419178911,0.004613894878083763
0.05203811730066832,0.0046772887116183935
0.13865761920331465,0.0009054244158533909
0.25136160180994693,0.0013976038106122096
0.10530444757927171,0.004513179414983826
0.22878690665842782,0.0028719534692687658
0.20970610314378746,0.0020691812050988444
0.0812966279384284,0.0014853660519652055
0.13615032508900526,0.004119873571308795
0.5825603016268985,0.005785856294026217
0.09084909459562596,0.006434241435178457
0.2853166500199791,0.007107653558429334
0.018631753606115353,0.0035256309101245587
0.04516256506494187,0.0061774935571879365
0.09886177389967088,0.006066647370327695
0.23516175275847218,0.0010981339350779958
0.10447956855495022,0.002115451547041391
0.2220082028446484,0.007174958220575874
0.10911390873113191,0.0018894838790058184
0.030941268840990688,0.00028991894605298585
0.08604974049623593,0.005667884495303715
0.025192617102021586,0.002806810642356931
0.016436826044127884,0.005076566758313107
0.022765657260521266,0.004911634595628045
0.11856328890110035,0.0007048391943224986
0.022963891232734568,0.008890369403110117
0.04511271197233668,0.0023305352432001296
0.05063879096528012,0.0024075023437415714
0.24980486056477957,0.003624875399703035
0.03721640145832339,0.0064141150755310915
0.07755358252509836,0.003004854028921527
0.13412346167277178,0.002685515779615518
0.19560287435498935,0.004600192334420382
0.029189623663938846,0.00385798998530558
0.18124559583395694,0.0067689011479942765
0.03400093769641899,0.001328389887451635
0.17659871837389574,0.00770634441799704
0.07777342935182219,0.0012052021079062413
0.10017557092047014,0.0040161342644661506
0.05630853056410956,0.003939588046308364
0.10062991469342819,0.002409187588994672
0.06342692573701925,0.001055233117192356
0.00981998253320171,0.008575441447527926
0.10088329231274429,0.004498426639357257
0.32721999574724236,0.007067819041088609
0.004781936465974468,0.0015584872427182395
0.052222347050104645,0.0031266710035356008
0.020837216397808334,0.00039233802296247285
0.0066053965574042195,0.007647208656855421
0.00977208705535304,0.0032640467058703605
0.21655164643800617,0.002482214686862945
0.02658195680692188,0.0007300401133621111
0.004735246541741844,0.002039031612838444
0.022807554388691642,0.004438040865237048
0.0742240691670304,0.00587509863734304
0.0529199621944656,0.004000703946274404
0.052117116299598365,0.008906808337192401
0.034711267981890614,0.004666842915123176
0.05095377035152637,0.0021253725464571646
0.14994378781986484,0.004217663345546675
0.20694084374167687,0.004985155537650069
0.04567595888786968,0.007387939827499582
0.11478457783667295,0.008909699344634231
0.09033271545837351,0.010786948235357322
0.04341967551872017,0.0013350184253727233
0.015050841086008404,0.004257946453913554
0.02632692661242686,0.0032477105981541915
0.11933050390283029,0.003217021267723482
0.09026779078232039,0.003302448574141809
0.11589439737628027,0.0003546142156926142
0.11685658992266212,0.013211151932667165
0.12137327828759226,0.0021321537158613055
0.20534948613553183,0.0036751860747171123
0.049310621891834217,0.000737463714443533
0.06781339684104637,0.0036599160097679326
0.07747819397860667,0.00491775060004839
0.032873971485770426,0.0038626183351738353
0.12871958839349418,0.0022981897381043497
0.30945897204352946,0.0021477796699533574
0.051728018418003785,0.005050270086039416
0.1255009081290268,0.00321988521797123
0.006857802513479783,0.0003855858850249034
0.017669585498424567,0.0025638288282524985
0.1269902373835805,0.007089772130073203
0.003384712605537743,0.0059676658915611995
0.07783623217576974,0.00912552690575247
0.06498559602516707,0.007139234074388447
0.07340742503177466,0.0024308328870286133
0.11501245195873366,0.007667735896617083
0.027936912182354945,0.002035166254234129
0.03695992530742842,0.003860417502119747
0.2535934856090023,0.008185523689181906
0.16861412622054672,0.0014381711328559745
0.1912987324533617,0.0032953699617986293
0.009077231890387338,0.005668501215182597
0.07520205805033697,0.005116254899733124
0.10523470146341651,0.007005902411207736
0.00039459863018009855,0.0017342917451404864
0.13007868813116374,0.00335293594338202
0.06947852981497249,0.006715688830380417
0.13726237519654205,0.0018147305798470253
0.04789772224231115,0.007769071207431871
0.15517522281382412,0.0011863622376202677
0.15457685988465641,0.007304654911959182
0.018887978762251123,0.007977596452739108
0.06264097934007395,0.006636022251468043
0.025554570247038555,0.0022589556491189964
0.19733305449204863,0.005373822239653126
0.1726690029362885,0.0009211203739089939
0.014216679098609575,0.004149266113032658
0.024328885507173936,0.00422481843719291
0.06775182781652234,0.0011798627595574307
0.02031400948098394,0.002141422188846975
0.04058670877606119,0.005105663947728649
0.011488222652587865,0.0015516252879941128
0.05527312336980117,0.0038272492189715744
0.056557001264678775,0.00604135903684525
0.0037684590730862055,0.008857606745314385
0.003838162323575034,0.00572811158929268
0.08992581006387468,0.0058601280931242835
0.6196786868061679,0.006842296470496173
0.13682377920071076,0.009398678242343
0.16101424583641233,0.002721963624917663
0.016892709896097813,0.0023623684997201425
0.059518909041457846,0.006971202986301002
0.14570120822361332,0.002962770504527625
0.02498221338618123,0.0018713083166903893
0.07306199957156423,0.007533468645217928
0.033545988367620794,0.003913065363186552
0.03237116792936945,0.0004767325352460431
0.017343626291079772,0.0035978744152827037
0.37291541369918946,0.00435436696124104
0.15830390964296726,0.005415081013266187
0.10372489534927354,0.009224231424139634
0.13369008573101837,0.0020572190418616026
0.15365969952543423,0.0047870383002124196
0.0038470287572636153,0.004763633741006893
0.025645836477252715,0.0006325046183847678
0.01133494748034991,0.004815644305447394
0.06550525364218629,0.006021656291342159
0.04731557256985752,0.002534159670490248
0.29587150211406765,0.003907538711596027
0.1407913583194329,0.00700055053012513
0.3607633201554563,0.0028963543303231285
0.0095214627227449,0.00719166162736812
0.03497846025535978,0.005660832101670088
0.02428696244911066,0.0031415647966221397
0.03564212539825462,0.0011183694024475953
0.06906806545617883,0.007596828799360494
0.24522315494738223,0.004248530703081529
0.24293479348716573,0.006337429633460002
0.40558250825361597,0.0012625874451541793
0.08590934618189294,0.005865316528604277
0.0006770616990081635,0.008606032353103681
0.07185317192212892,0.0018391942070730266
0.028461787619988854,0.001057684857609967
0.09243936823980903,0.005964530648018467
0.03174176711220866,0.0032886022556849383
0.19000099598028442,0.002789362320014129
0.007671022084934975,0.007598038100394232
0.1032068164345219,0.006516051495967793
0.05067943869593705,0.0010942391001214245
0.060306582712513546,0.0038788162146081236
0.10660671237636166,0.007009699486474504
0.031141456306869486,0.001592179740282568
0.203361764548049,0.0046654956664021596
0.06882330875311027,0.008688490360244126
0.1487976923342842,0.005098577663399079
0.160401980628194,0.00583170516904196
0.30941775494551393,0.0005440683953103325
0.08915666537734523,0.0013147922054432932
0.07765091550635361,0.0019328206699799472
0.033351947006053706,0.006804416962584298
0.019845376299770123,0.00717799502683323
0.07934680908653036,0.007744577331824367
0.02871664150802644,0.005667133269056951
0.03624276304230989,0.002360317724092704
0.2607160206159733,0.003606592399188034
0.05693947532927268,0.005468030996602928
0.1716035632848616,0.0017034314211038508
0.0715161647172522,0.0019349158465055258
0.2281919105730026,0.0035489434251104344
0.37025217176659453,0.005728286014628242
0.05618134639314576,0.002125335074547702
0.08258939778272634,0.0035564593004663307
0.09293230324323076,0.009562733484669956
0.048235334535206675,0.0019274184080701909
0.12316654130597726,0.005360026647636717
0.10531475215145747,0.002611081665627835
0.1799155312523908,0.004237764024103486
0.14839014422625496,0.0009639803715773695
0.029671426819220414,0.003115030504613518
0.004735148576060055,0.004077034496122162
0.03449544634418089,0.007105869531289362
0.046560257433952756,0.005387484848092425
0.02183427950649275,0.0032534075141973907
0.08702469304370197,0.0024603918253690155
0.01490526414102078,0.00452101561691584
0.04894321784024669,0.0074605090473258045
0.02848294295267806,0.0016285421571643971
0.015428362650254712,0.005092692537415375
0.03536532719556362,0.00529781571705935
0.11056837226357175,0.0071459030770877644
0.1257283507307534,0.007390549964802571
0.006249672054934763,0.001155612643595206
0.0244592023103678,0.0027503972275866695
0.19773100352563233,0.002100537002686203
0.00016363087962645295,0.0044881217784337405
0.03185436195155944,0.0024018509266332533
0.04627841193570248,0.003473861280725821
0.024173561939448973,0.005092185897204529
0.01903746048941457,0.004291827476244146
0.24341621864334684,0.008813534523383963
0.06718656798756228,0.0025873186436452173
0.012777482861451972,0.001620897138839633
0.11373606372376344,0.004876639260276343
0.09868595922512213,0.0036638659663389642
0.06034200089754904,0.0008851350057819897
0.40721041318886364,0.005866048693652482
0.16149757761343153,0.0033078791142999845
0.010345674349878209,0.005340702192994586
0.07453133892028063,0.003461673710935111
0.008978241139629972,0.010674866283846736
0.052153950749016076,0.0017670707943803537
0.0031888734090443904,0.0025418002151871544
0.1534789489501236,0.004048256093139404
0.021604172585966808,0.003930126610351049
0.08116375829592926,0.007118078622651174
0.10093942920610743,0.0034974091627238205
0.005911175186270157,0.0035612404031426276
0.19835179713578555,0.0028013087353962723
0.047159487085025376,0.001083260948919957
0.09493067421840351,0.0012883684196405495
0.013347882244374887,0.0023103765158948757
0.01842092307117582,0.0015078036711654622
0.594393877842208,0.005250118628173773
0.10191023105733166,0.006763062595914281
0.06936245330325619,0.005272140362917577
0.08176871458425694,0.0014264412963609484
0.07171056383145924,0.0030825614223769504
0.1761381614700781,0.007476201437007578
0.03145963330103996,0.0031796414664722306
0.05849348360959539,0.0040491677693829985
0.038852903252688975,0.00515488136014565
0.09884308965683886,0.0025516456275515038
0.23849136327299902,0.005841013358460684
0.1015527863449961,0.005733126897674926
0.27382088878982813,0.006194088586822437
0.016520676810330315,0.005311606005366583
0.04347587015138288,0.00425961920365737
0.19535029186306474,0.00546803786373567
0.16451993653197405,0.0042906777278517915
0.06489828215791249,0.0021135813940501014
0.024083998093203718,0.007931334937242367
0.039334728421238196,0.004637858431487677
0.027568061434408264,0.004664974293283762
0.11624739108174253,0.006982027946837404
0.026535998121801185,0.0011681090572934374
0.012322941637762597,0.003022082490298624
0.2764846969611767,0.005073104468754724
0.1097755815727055,0.0053381993996700254
0.1635416262615763,0.001694011858712391
0.013494232848017873,0.003117290710552441
0.064891178491564,0.002829910753296092
0.37640018953391063,0.003526409654515625
0.00719713253926102,0.0034347938154668596
0.2970662959334618,0.006620201571997261
0.11865121809921675,0.0066911599921508766
0.14546969165007795,0.007300128106700873
0.010935040456843126,0.004667704403888247
0.02375757813342716,0.0036803743968458714
0.11166267786546769,0.002553446352858196
0.042940219337140206,0.004324887420894986
0.047929180135781735,0.003983664575591235
0.01355880793249753,0.0017550315587289392
0.03970985260798443,0.002767124810724585
0.09947948722020783,0.0004517598629333363
0.03203589868172685,0.007990340136516286
0.010401561234573364,0.002463172796403813
0.24444817445430544,0.0033576397566163338
0.10929473415887969,0.0013716771058685964
0.12233813455844711,0.004964936180883011
0.13820767118721733,0.003193233228989569
0.014273034535335682,0.002273112286569616
0.11762946950392461,0.00838981004646789
0.01513289404869056,0.0046188343894479995
0.287369457215334,0.003350507374203542
0.021492174262277786,0.0052818951606379535
0.05871804306707418,0.002134917193523251
0.05690842624812831,0.004620501166980974
0.036688990935488164,0.004368317513230741
0.1649189236032953,0.0041106601769194595
0.058742256022753736,0.0014819974446598743
0.22765446338121365,0.006372076392751857
0.1740695388487552,0.003508125291850947
0.017197936395916713,0.006680001447697722
0.15740529746631182,0.0017692606419257174
0.0662368997012095,0.003511616903086163
0.054584142201406394,0.003302881611700176
0.012397700409962908,0.0030374497616400117
0.02134976199971561,0.003493114380156979
0.08553010729326616,0.006071422454566915
0.14526676187807652,0.001233220762564619
0.2297992200251997,0.0013678187291335298
0.023434590578972347,0.005484320747964178
0.12267945562342675,0.003518665524916551
0.07316589609177981,0.002479162515061965
0.07509067466111219,0.007940376470240762
0.005826646199409424,0.0029948045716868942
0.0320824339767114,0.00393343212389077
0.0008766665443999955,0.0036696060789819475
0.10004458678992023,0.005815334658987671
0.0008956691937100913,0.0060131123217113305
0.05586566492473821,0.004619026500339536
0.007639181388185534,0.0007773431334414068
0.06091656750533048,0.003969526950640504
0.1897732294004868,0.003492917856549504
0.24980673041034152,0.0035336904712368693
0.1677045164992137,0.002525940300786587
0.22102216638592154,0.005163834423490633
0.009647721378200913,0.0019758481718049558
0.24354031112807206,0.005256280577315633
0.10981414723016769,0.0006728502183982418
0.14477712694542788,0.0030779056119649225
0.05549260580448845,0.0050631152973746665
0.15290058041370003,0.004100374328830185
0.035033568909170754,0.0038550153779662623
0.001759792246161851,0.00017701768503939632
0.053513837851312474,0.0030635837570939287
0.03784109634966626,0.00349691616303
0.184297388203845,0.006763384754387563
0.023020848742930866,0.0015755655257187879
0.19094832417539465,0.006233217341836745
0.008214898891253597,0.002380005487689941
0.14350366294013384,0.0055941725603824545
0.06426853476853012,0.0030643208257861024
0.007642143820987712,0.006905783465408185
0.0663543574315213,0.0018936675091896836
0.10644867983376116,0.002927577240803219
0.17309453059510815,0.0038570082928226857
0.13308492740196698,0.006456956699738321
0.04004318370357396,0.009862681580801627
0.0585800368575633,0.004713262096574302
0.032367557417558146,0.0007689166293213005
0.0931394744856675,0.0028601584433835528
0.05447910415938395,0.005497206873858107
0.17311978685995655,0.004685017457154653
0.0192590470623486,0.002788172038806151
0.0029118116474364797,0.002596647728079475
0.26602117515943746,0.005853843761473266
0.15401407203296458,0.00096792627028303
0.05531928520082374,0.009247262941769805
0.01979817677704432,0.007314874146267953
0.042250959060424975,0.0054388790256298634
0.01427326618789948,0.0009371601048858736
0.25240449788577735,0.0029392213460756296
0.005519321642509567,0.002689009828202381
0.023364120884025397,0.0048324961951520555
0.1412007916597986,0.0091628504112469
0.10141754338820874,0.01075586572989488
0.13397763066404877,0.0036586316557784436
0.15275006009380832,0.003572276251692695
0.007486567875275796,0.0031934746425640306
0.10370548278928027,0.006049215084692641
0.06131465838814165,0.0007930210343338751
0.141423765098466,0.007813512734489539
0.36961477350013183,0.0034608410377461683
0.18197722723766674,0.005344335035402696
0.2619605790359856,0.0037246099629720925
0.012096886113056371,0.003788754583166406
0.03149556568752132,0.002658066673908911
0.020346532710163956,0.0044094525768975995
0.14023974248408422,0.0011820574427761899
0.033047727379482694,0.0033774706171999453
0.020573284607280584,0.00466206433719633
0.012490730951981277,0.00358529056979162
0.31956603077293266,0.0034215001805642
0.2912740312191886,0.006022576975969344
0.20746210879480032,0.005655228213129899
0.058943602227145675,0.007584646960878505
0.04001935310770932,0.00037489858822026257
0.052757155947062984,0.002732726592661226
0.042195066976887574,0.006613433598904417
0.056601594402820865,0.005269656048543731
0.04074637816114546,0.0005898582741849657
0.049796395832458984,0.005521043193526785
0.0013987427352049053,0.0017886694493484715
0.06823344856712765,0.0032964664989941755
0.13599214846021823,0.0015219252684271001
0.056124214288786334,0.0030938474667748564
0.08440080274345974,0.0047343385167787026
0.20202253960985672,0.0036068590565758933
0.25361007875500263,0.0015661262000133908
0.05771479195578877,0.002456365066112178
0.07837090832265403,0.009054206760977039
0.22024586628725729,0.004729120500997006
0.062088609100555914,0.006467909240070544
0.1979416110637544,0.003601488483819857
0.12383910947949062,0.00348974659301513
0.004063814631365403,0.007002900414434042
0.11371103132393046,0.0060140950296481786
0.03440107623003996,0.0035544204711726673
0.0687798499026826,0.00544425420679995
0.039695409528349046,0.0030367388876812633
0.0381022657765584,0.004140780612897602
0.2978385301917683,0.0007301665732054737
0.006754106762059564,0.0028051835701547474
0.13685603264633528,0.007249860942209447
0.001496397898563373,0.002844766052845018
0.012530362597487965,0.00116445877271335
0.10060647963422298,0.0045002031323149606
0.07139236549932093,0.003533308227746109
0.3335483454678183,0.0032926415241708172
0.02535427736120255,0.004317780759693243
0.03302032251218634,0.00790278119514889
0.2802145155386029,0.004150495605871813
0.03158571310120806,0.0030212330657204806
0.04196313029370913,0.004256469135485803
0.03534126672275306,0.009953100384816673
0.006805802488656809,0.0026122129107883493
0.11785337287898301,0.007188714314896431
0.011276628799009814,0.0002860233926956387
0.017134910718425544,0.0010650839788198866
0.6052166098196494,0.001706757053699779
0.03206840689148294,0.0042912677227800785
0.02600374098096836,0.009321720309007724
0.03225689703913304,0.0002858336064395482
0.09823152728273499,0.004506057066908969
0.2761161672742105,0.005078535751756161
0.010962058334769154,0.002454141506428006
0.14663995994357037,0.0027082333906043514
0.26107054118836004,0.004620234261478884
0.03888428783602649,0.000914075511218888
0.011129793204929683,0.003909513684934632
0.007815894918508093,0.005241478913124395
0.019490619677753784,0.00821391860241952
0.30956901820729854,0.0051920032508659
0.0011944028204311508,0.004965191078024197
0.28953929670291245,0.003848404520535287
0.2014876087288826,0.0028065229558184605
0.03385431273886752,0.0034389133977405944
0.29979670176305717,0.007207502944716739
0.03176408422842769,0.004299880032495524
0.019050780036707238,0.0049940784754662244
0.18110231331274917,0.0038493198258471584
0.3983583469681662,0.0072377639009995965
0.01515709685912725,0.0039557086148576835
0.0500670993511676,0.0048431793885110415
0.025085603221384645,0.011317164357236956
0.03263718368305035,0.00450057795511815
0.15243038306681456,0.006003156426965798
0.010865078077415546,0.006872386108183856
0.04546471744720293,0.0032610817893473105
0.5033629589843827,0.0021886849211787606
0.3075375623558898,0.0017244835059174013
0.004557159541661804,0.0065464499208476475
0.1430200033508413,0.007546638424184769
0.07164806147301306,0.004368295965714876
0.003942369514902566,0.006606150198276483
0.2516428310944434,0.005863066076635033
0.13909578600606665,0.0018237391159278045
0.12655390612582096,0.006109029872891803
0.013031235914979789,0.007289519107071196
0.09464827603943604,0.006781570952831679
0.062379814075427475,0.0028395642455672533
0.23151732155378113,0.005004471297593159
0.09023842161474249,0.006290977772494257
0.017076002445548966,0.0019036661418210235
0.3131157667720572,0.003919798127809143
0.1530477658189966,0.002022575130545887
0.01524835374760869,0.0046937699915793754
0.04280201093450842,0.00247933804437239
0.03163793413915528,0.0005991948601712358
0.04115660473854632,0.0016999099946213294
0.1383907850882906,0.011843510520688355
0.07129952779575888,0.005941342246986387
0.0029032847866119482,0.0030612335073129378
0.04913992744565121,0.0026941385438179685
0.03552401441635311,0.001678532053885118
0.2773274805837218,0.0025499587292509758
0.022287688367839564,0.0012842672704313671
0.3156396333272369,0.00808383500733047
0.026938302454652785,0.004235381426970612
0.01886317394632897,0.0010495899038768946
0.05939238253461099,0.0030616177837616866
0.04047995856655007,0.002158409006989017
0.011432741437317873,0.009604014138644024
0.18437537003410398,0.0034522794988679265
0.03315283539353686,0.0024593187355564637
0.02199443755256425,0.005124281625550266
0.027748522714716728,0.004931459384188223
0.14201843572686812,0.004154503214813378
0.07866068162212514,0.006310203865583264
0.011366455091945227,0.003962584220867556
0.10381997986144142,0.009034190830353324
0.19629449738982885,0.001507743086098659
0.01365344937454438,0.00424136510267703
0.036232632121880215,0.004146438955917173
0.12883664483950952,0.008492566574551545
0.21892868968092216,0.008036470894683349
0.035862950040439046,0.0050092108944809095
0.1532184518562758,0.004390931002481824
0.14592746597151063,0.003381188169066251
0.4329822307252016,0.0019615715080028417
0.011319834634093695,0.0038153655492306603
0.15475383915708107,0.002021556116931454
0.06743708749394273,0.008422200030190851
0.11801618086599319,0.0028589954968301504
0.08239822982119449,0.005685663889463085
0.00047729062617918316,0.00143760151155684
0.06299104972310943,0.0036152311192260023
0.003419740808624283,0.005231267481467002
0.02800311620165985,0.005028876841627821
0.11756489660228908,0.0023929285524991496
0.23949281769631625,0.00794412106139868
0.07548198014825402,0.005218268881299665
0.0644904247769773,0.008713306355259095
0.03940847814317294,0.0018585299309346144
0.10738212722424123,0.0016136643994889392
0.09882349054572614,0.005598055807126515
0.23114330485725532,0.0021067556546240235
0.040636909086174455,0.012490865534885688
0.06961140544206046,0.00429431657731924
0.025472439084069265,0.004239113140409013
0.01198395342925096,0.007211144698669094
0.03386437877827575,0.005129125619549472
0.11774311330418641,0.0030536047261857584
0.045793930422007634,0.0009909325683226705
0.13974475701110123,0.005637287254487133
0.04173693628183628,0.006045450310418482
0.022394323090111357,0.00582099881607985
0.21716683580774543,0.0012630072352233822
0.007237157568454222,0.002761632460873154
0.1264806542574206,0.0010102090750578135
0.0765110130607809,0.005141143392250112
0.23856161387408292,0.00349644823693389
0.9740130387395425,0.002835299400018835
0.00757408759898226,0.0060792745273897
0.14401272304195345,0.0064131638841756515
0.04392873639739037,0.0014507921885609512
0.10334882561255654,0.00411336900362797
0.11053459659933651,0.00280027575125466
0.0022787292684824934,0.005433640900672134
0.0667481659932605,0.0061832419733869135
0.12466705835953462,0.0023753351584433467
0.33226311024117194,0.006713123955053573
0.05531004678209683,0.0021960275880608116
0.030251398907353177,0.004108660087603314
0.1432681564961058,0.005650480619896613
0.09350642992831126,0.001970171169314353
0.1146857800520138,0.00241370021425604
0.03606023958116111,0.004115920710848547
0.07040591480620151,0.001174527213276256
0.04130465388095672,0.0027108768200463347
0.2028664809113252,0.006638312486935156
0.002634320544586899,0.0019379600772304233
0.02789823362519428,0.004401083395944922
0.03614064803304018,0.0037527669293273692
0.21677054904347415,0.001976046740044668
0.0012420946285942591,0.002666428650565373
0.003985852542768953,0.0005215408172673457
0.304630127389089,0.0022305236253229166
0.04039406984594507,0.010188160185565785
0.01858860112486127,0.007057006829743156
0.016358140542024557,0.006300349382557212
0.2166183111297073,0.0019745231605698458
0.05085904033961697,0.005919996373754075
0.12328599412018093,0.006017252075471633
0.1349509843718124,0.010864666538661652
0.0016393094625755111,0.0028713665981118883
0.005197908417187591,0.003973945775194879
0.008663356897443464,0.005335050481563289
0.034435534285762515,0.0012670349308802507
0.03760347286623755,0.0030843798905483095
0.24261361336550635,0.005191685858814976
0.09808579580271726,0.0046371789831299885
0.036604562252875894,0.005942957683334158
0.009336346256418437,0.006971369248041697
0.03166408615726368,0.002726061925798332
0.04225024863461613,0.005961041848161747
0.0633506275395348,0.002374960574709486
0.04516855337135439,0.004815849063520397
0.06334852092049914,0.0030727634274840317
0.016073076406030395,0.0019939659357157595
0.21295336603003534,0.0024885888713555215
0.00993743780151135,0.006659839924019471
0.1313159505718886,0.005527768640476895
0.0153640580880392,0.0036138312270779017
0.6220489267320772,0.005901824491859993
0.15979018736419448,0.005477246340390608
0.11694985911805134,0.0055528777107624015
0.07807465473246111,0.0037284535467324654
0.07301436065404232,0.004697159369062889
0.07895561613838709,0.004210668578998568
0.19652226961596853,0.004770015737353342
0.19936042942327958,0.0027100021393240436
0.004810756509016301,0.005068459074569442
0.023170492579538404,0.002796630763913265
0.052109996222895916,0.004464211246449425
0.12264551489926134,0.005011304773271397
0.03106160020246307,0.0038317520853872952
0.09796581886485001,0.0025493770188966076
0.009558112914078265,0.00717394416779014
0.14207105436253187,0.003648483600451185
0.059686014592273295,0.0047964609349222635
0.028253813144033302,0.002448231651986565
0.02074188072134575,0.006692850676954556
0.25706417155760164,0.002872385281215195
0.2463359532006848,0.004209983964457518
0.047860684310933266,0.0053883767599470795
0.012750759727111927,0.0024299900435895264
0.30212748071278384,0.00032575844947188717
0.07196943617526586,0.0022163960874779383
0.029716060657221988,0.00240052774707644
0.09335841869454953,0.003291610337861874
0.1230415880143596,0.008246712227615314
0.24074868115462777,0.0012485319597545902
0.025979471700225076,0.0017467379370826337
0.090034720203505,0.0069621584446583635
0.06258567531472181,0.004169933986207554
0.18194272953371637,0.005285978144921632
0.16949502635895897,0.007418909888874463
0.10157745286034014,0.0028176689981461653
0.010760176611483985,0.003671523146954895
0.17954297162151533,0.006781914114310606
0.09097165678872443,0.0024975842036343548
0.18501210580961924,0.0038876489610025346
0.09527641830084121,0.010602986989671326
0.07336671137676376,0.005691402513395033
0.08952710668842201,0.004114752171022468
0.08597925445894816,0.0048815476649835985
0.025005593240052804,0.006394831709603563
0.06205497074097366,0.002920467270960115
0.16446221442038222,0.002874199896184288
0.029052164249151247,0.003351443818762245
0.054622739382637064,0.008138012722304027
0.12800612536733524,0.0017666323140546256
0.08439483313395613,0.0072818667321224075
0.0027727544050435426,0.007342831427420247
0.06407676451368616,0.005016598594774942
0.13930399270049065,0.01073179899082316
0.07717170034482024,0.006626374876561133
0.04557543074145087,0.003960338769101991
0.07454275426266577,0.0061606387791820275
0.010606604379063356,0.0074958260843060506
0.23278650478738427,0.005357588543672022
0.11046693520381723,0.0012945571334300877
0.2647942929544911,0.002396459025396244
0.11462051854874744,0.006611770057188049
0.26717263538165525,0.0062343042516613744
0.0025048065435839817,0.0035284552211798125
0.053997218278368564,0.004129260421793376
0.04234842090988877,0.0025050948426028293
0.09123151950302599,0.0057646505506948045
0.021201079209049567,0.008096922388815564
0.15225672869530626,0.001225707610345904
0.06588838594763047,0.004709392245692651
0.029333029577855996,0.004396994410513375
0.04425593718565324,0.005266328469443356
0.047020475814974816,0.0065208169009158415
0.05364320162880176,0.004148102572551589
0.04273097598758113,0.0037280344455685515
0.08657398126922544,0.0022496716174008682
0.14476334080086417,0.002284497632689003
0.08577932571341762,0.0039131684690027965
0.09769213381252939,0.006284774357120195
0.02121016387849295,0.010136004457267712
0.1149802507919162,0.00548499774275762
0.006123225969190571,0.0009727510776745734
0.07395290891753348,0.0018029000486562688
0.07304853734342487,0.006398009121750474
0.040921614784451776,0.0068690128861501176
0.049282123369039255,0.0002860836349271831
0.05197728071425445,0.005949087843699427
0.16283203714090178,0.005732581334957741
0.05068604932165499,0.006094803217184055
0.06274015170077973,0.0068610550029840345
0.09524298434592993,0.0060916635321622125
0.003826596941109983,0.007075286100119749
0.016639818200246737,0.00195936148702316
0.019233518148837447,0.009530314903336449
0.09456522773723464,0.003413978433320244
0.21454354628099281,0.004630089746413924
0.132848572138073,0.00480893586889284
0.015272354448882197,0.007537807785453051
0.038950314383100704,0.006097347435863153
0.05033440024203628,0.005779767931503255
0.003943316106642669,0.003584561725948254
0.013989812538511615,0.0020237436113989754
0.03428190995822433,0.004528199781960655
0.11387577779584035,0.010406986772953396
0.07769616860758788,0.003834103461526885
0.011586766757716305,0.0035465730838857576
0.031190205728535148,0.0054518305598498275
0.13207706112802953,0.002539003075644617
0.032700080495715156,0.005267584830615552
0.34367608817029804,0.0033853025501997727
0.12473666506627978,0.00589801304754075
0.03778666185672819,0.006387401461993522
0.42658540980636417,0.002698146784650962
0.23244737575925,0.003781017788759388
0.05167619121419875,0.0008463734774243604
0.03533097945268082,0.00472039172393042
0.04918828741335801,0.00218387794071833
0.03117396043558074,0.006978392535085839
0.07767050908171313,0.005101356636051999
0.11987038590041266,0.006355745146141181
0.12591667754458058,0.00323524397381345
0.0032633188473027985,0.0033443322879224795
0.02444990404450209,0.0015847469459861598
0.019428310585567488,0.003758722435210844
0.033616060560405,0.005292712152027433
0.030327337941400856,0.005401467484752786
0.05783041198827732,0.004059851449556747
0.09277630479232357,0.0053487040507404805
0.015947862021505443,0.0010564222801936903
0.09478104629295103,0.0029821591794655967
0.12585695923388585,0.0022161068817472475
0.15615253272869722,0.0046592523000148645
0.011648548320579266,0.006330812348760964
0.08644042269673946,0.0013123817266720047
0.19843932827268418,0.00322131500373737
0.011241495885030872,0.00796842206585633
0.09174407645241445,0.00454465985970972
0.01160686601440375,0.0056300310830784284
0.21198778907535143,0.0045840351761044385
0.12435974828048302,0.005147044100801625
0.06364981146248283,0.0062219709989023535
0.0733471939522019,0.0010330155621790635
0.3010461686169492,0.003999576741062031
0.07860005790377045,0.005185051847014748
0.10981212090194958,0.001462363364535868
0.15363174332776453,0.004964961195605062
0.23274501690326588,0.005512510467573325
0.036781124040032864,0.004108649341490257
0.18741858731266348,0.0031025907869418703
0.03312832708991209,0.0026143168188572947
0.06505473462129885,0.0035738986353060246
0.0030444986463180612,0.003949278142426461
0.0170115286786654,0.004853908129925982
0.13946624121291507,0.0014061947643633664
0.06452064032282578,0.004348532382355082
0.14317280657519404,0.004799932071234333
0.03669709614604244,0.007200517734213687
0.09953089773858892,0.007051060581792516
0.043448727786540076,0.0029269885143763585
0.08214416938722024,0.00361592781969557
0.23327989767898316,0.0038919013320744314
0.07624891790720767,0.007129979907779358
0.10348510772348618,0.008362505197116085
0.11178461625206637,0.0005304074051356287
0.2260532446427419,0.0067729216218896824
0.032215195421940734,0.004107801256658838
0.05637782990368123,0.0032267472717108676
0.1235533220481102,0.0047162515761607696
0.41570267369445446,0.0022102975700269475
0.0036471963017561393,0.0015849852037020731
0.1544961563172933,0.004841962877109445
0.29998154830980184,0.005364550740657884
0.0025390089729739884,0.0015563442046798825
0.04927732505751692,0.006210635845607983
0.16373537040794872,0.0032076176831718536
0.01112664615641279,0.00626278294783711
0.17366706542696875,0.008030336535982233
0.3563908735875998,0.0006067544238485878
0.2617481962134889,0.002846874730300969
0.45856488535423523,0.0029480959690298355
0.028262143617610036,0.004424597708328714
0.0339394746777657,0.005342303451189796
0.015578894465193116,0.0040104077804680215
0.15154630779511535,0.003980889274941193
0.06297999829837408,0.0043834955747048595
0.07937382761269873,0.005248722081979175
0.015829006190244854,0.0018576950137774615
0.10937772296040293,0.0014380662207572675
0.00291883364423029,0.01072474957154943
0.04467272073361528,0.00250370191558534
0.009989055017683768,0.0014779658438927002
0.18729448623116696,0.0021555161438317487
0.25371060332065554,0.002680043155596674
0.035762089323498,0.0069454956669526115
0.1872354879805016,0.006150612652161063
0.04992493023917177,0.0069612331259599905
0.012111159131620752,0.002858363330506177
0.0864934314056427,0.010240215790958445
0.02919236689973559,0.003032678615075942
0.1690151438870089,0.004907786383614499
0.06784868102215569,0.008409392717484847
0.017627935824293672,0.0017673757175951175
0.42064628348538236,0.0032469828903287515
0.21411475348935483,0.006077613553614608
0.13190703880502497,0.004354744237897676
0.16180164037126588,0.004254313199464782
0.03007388565418978,0.005117261927406204
0.055405135449802856,0.0016155631049489427
0.13130657749883312,0.005121565929655007
0.059908125516983546,0.00937908266232137
0.1621241819741499,0.0021477533117391567
0.03253218835425287,0.0029446936045421793
0.13785302482421002,0.0008724168000272856
0.13620834651595715,0.003752376990876699
0.05828592159082291,0.0039572701308196526
0.008872491953070494,0.005942188024880132
0.04537991184741941,0.0013856966131583913
0.1488081602522584,0.004571709515114737
0.04952900688675754,0.0041490587298502355
0.19133567631763526,0.011937357952520688
0.1271384439007761,0.0026327442575903833
0.06538878392746028,0.0016050699725406576
0.011584791570555808,0.003495841717040109
0.4245532162258314,0.003123681899453193
0.05822728212348238,0.0031029147818760717
0.09145855643072309,0.002687114092915014
0.0007496831207731702,0.0034277408449867406
0.09685647972770539,0.0040904084431323635
0.024817188730310136,0.005474008526431535
0.007648741327045627,0.007814004361864852
0.029527637689398034,0.00434276311190045
0.03431257515495645,0.004488579240794646
0.05760611867742682,0.007430303837954913
0.11948562337772728,0.005851660540533202
0.024482305057347276,0.004679116910764366
0.13774134339882949,0.0007867052958626308
0.06177166701752412,0.0027487654036346984
0.0018324241767686544,0.006425129918758438
0.0011120655192371487,0.003846930532335009
0.12834078019847084,0.003986125875003742
0.148135356655132,0.005572738027924402
0.13652159881706893,0.004542104619027903
0.06871032074201366,0.005417531431859214
0.0004654132166592717,0.0031232008681487426
0.016795477518542157,0.006337176922234468
0.40642107194764776,0.0029672734948981852
0.1319879174098446,0.004970894531741278
0.0019495590110523153,0.0052629779594787615
0.03914943165449358,0.004878318987437831
0.27846567355845764,0.007122793242491786
0.037559463701768436,0.004420150137735061
0.05084566408163482,0.004378225876795711
0.01977456146221357,0.0011676081547036087
0.010486141469755239,0.003575354028489228
0.010650847949534636,0.0013048126076963104
0.035120349746364354,0.00989876166018667
0.1475664598542039,0.005472282259656705
0.0060938916798818354,0.004532128355574402
0.1285999745424533,0.0028896698002365256
0.18981684575709323,0.002936881451527994
0.0072964961410093565,0.004225834682792024
0.07434742323130195,0.00783736977388789
0.0834873267688181,0.003807190146687618
0.030583300417561077,0.0017203935316244783
0.05097553440180036,0.0037037146240742696
0.04072388334202515,0.003642457319142894
0.017185901551556526,0.001109162531770212
0.15012346722085113,0.0035473344106557747
0.100904041267313,0.0025523869796681277
0.0171187166355935,0.0037326661303084202
0.09014422801328692,0.006613906391424867
0.020005240654768386,0.00473828570393857
0.10121187613231086,0.0057530019547473435
0.028454939281516545,0.006529582139267664
0.14156693475177917,0.0026398277157278086
0.1038293869259519,0.0034458053088483576
0.05188120094499027,0.0031202789643325814
0.2729718580605436,0.0032324188392510965
0.14874793413684984,0.004813984949291704
0.33054257968382217,0.00026606929638127826
0.00702862321440989,0.0023377260615632437
0.01763172852099615,0.005403892235401665
0.2372047077636239,0.008618112513776234
0.10428566613416024,0.007211149568955722
0.0117605822186988,0.005982304114767802
0.02134460411332384,0.0013842026536690292
0.09677126388322677,0.0073772374535614246
0.00020669104969783803,0.0007642582343527657
0.005427117958049621,0.005895210837810025
0.17494782453263724,0.0007158943345794003
0.02702259769387183,0.0031095924971845964
0.11236495451396422,0.0057901981491665
0.1293813622095854,0.006289121542648991
0.33934640322775067,0.004158922957860837
0.15796217331899243,0.004283535598970972
0.03765679143441503,0.0004991025241920051
0.0026569050441480613,0.002268084131460323
0.01484140127365663,0.008791232458163007
0.0009621967736279657,0.0015925147681737461
0.13422118905356228,0.0011315714866749597
0.23948913554613682,0.0037670714783275324
0.0111898375228634,0.003050584517261551
0.2718630298305129,0.0036646811473406257
0.0004009159092674963,0.010253920847890018
0.03539578777946417,0.0014694955511667972
0.07427258435399153,0.001181789513134606
0.276096309601769,0.006288823320293426
0.20379403302285937,0.005565353315617686
0.019238669999595004,0.0029212795767027864
0.09650197600194588,0.00716046539118
0.15480461744675722,0.007371268888709748
0.050376455583375446,0.002230512428348815
0.25329775069621974,0.010607771316354304
0.2663279916590682,0.003134878068695033
0.00045226646000173787,0.007234519780952843
0.21282773752255935,0.009778880993790493
0.05435983684645862,0.002816135505506557
0.027511699664444222,0.0017276314259234366
0.10251348898663082,0.0029268582601728026
0.05795025227979522,0.002978348240078264
0.14234297844029697,0.004420853091249746
0.04443501442011666,0.003821819009648297
0.04170102949882448,0.0005692450744942725
0.14747016858899542,0.004072250775257429
0.1298056925851938,0.0069316455929441766
0.18633974838451195,0.004402286943027121
0.01495357890479454,0.0033986350579782816
0.05180216773845814,0.0053364568038060355
0.03811483980689445,0.007857359013707758
0.029936350726245564,0.008793574797920445
0.02102783566436983,0.0039045100049520973
0.16808528162312086,0.0014366592766055604
0.01808917144080624,0.009686366185663698
0.15899791979040856,0.006369039101582526
0.04259522839544161,0.00502950458894391
0.024409916588183478,0.004809988561969442
0.22989308758701554,0.0100771866383969
0.15305173386360593,0.0068912681181436545
0.13025396603160289,0.00247496364373591
0.004504994465548862,0.003916736008461269
0.094294740744715,0.005910494392667136
0.04860603191843893,0.005265688375421057
0.15901893020287616,0.004290673219061106
0.20671747995152145,0.006654573922009645
0.16402574235416978,0.004604080730655427
0.32316055174283065,0.0028462461372871623
0.06645916130958085,0.002269124141024847
0.12287356265125027,0.0018270253863979487
0.022312580447987784,0.004932762418443651
0.035408640946457126,0.007224162527364008
0.03072565272009342,0.0031290268239052414
0.18382161706358602,0.0005328832095514538
0.07242126422153206,0.002591113927768611
0.05973823692744418,0.0013417152939907708
0.06706437843752155,0.003597463372591644
0.09034203844555577,0.0019371837266644368
0.019793394097007422,0.0010054947573142966
0.10141358606676931,0.00652992922438915
0.14257385113745613,0.0020437168336440107
0.024068110522478037,0.0028560569429726557
0.06039592350720113,0.0032661250383793114
0.46728652395927384,0.0019107253949403678
0.1011212025146051,0.006476725785562648
0.09553817596440695,0.0033852424812885595
0.07483287927004767,0.003035154342547282
0.04678851542041684,0.0024048680562624427
0.03868384779275402,0.008207227310950301
0.060224786831440724,0.008178544774716346
0.10675593505419556,0.007853075487788632
0.09909106169004644,0.005359753236086912
0.01699848512976132,0.005802774244395927
0.001182255131027432,0.00515109182634255
0.04690885590770222,0.0027787138835201966
0.117104278429224,0.008984268028604801
0.017406600639731096,0.003507258790011741
0.11091070429245065,0.0029947352387102266
0.12179029983076362,0.003885800011718701
0.0018288946295115238,0.0019550220886211437
0.02339309217182972,0.0026409677794851207
0.18409968573041624,0.004117632435008479
0.09252664447274128,0.0025507297958368346
0.04782362444723276,0.006397311365339846
0.03009305684224728,0.004084522490530648
0.15243758669521412,0.002182268640836697
0.04909274237354566,0.002914232099838257
0.0006414627617346014,0.0011518827859539952
0.240714038453973,0.0064795487894452755
0.4669760102551095,0.0024095145491771644
0.11415017363702873,0.004567624609210118
0.37581103857490916,0.0032566629869410983
0.07388136725245431,0.005637989464971794
0.10455788366004981,0.0019585936778202446
0.03344128869622409,0.0031359814611806027
0.18447733029057645,0.0017348922987087524
0.05411446531343245,0.008173874524497771
0.06394857337085114,0.005021866083302049
0.16563920740077265,0.0008499856502993728
0.09664708164655167,0.006438665618119301
0.22339690826515834,0.005484618374019075
0.1364764571443402,0.0029020268661078077
0.04799159873823555,0.0024507339976235216
0.18521196708206844,0.0028572289749311448
0.006770975932397505,0.0011905401945572795
0.04455829442093773,0.004184098064796731
0.3367373478993727,0.0006635705567483322
0.2988726650564786,0.002497649195037744
0.14921912250059677,0.003410146022421515
0.03858360551231499,0.00029465820333548977
0.025500600825864694,0.003916209098951297
0.060495443069385146,0.0029767199897345006
0.06487540773611045,0.004394304348095084
0.45921797175890333,0.003716062876147584
0.03189143568204145,0.003593359622699874
0.05633324693258146,0.003444429215798378
0.057544003443013025,0.0065495346562342615
0.056416517296952406,0.006998708141694202
0.0463993236268152,0.0017655220771185828
0.046807433308174495,0.0026564459174227358
0.11669217960962897,0.0069780951358853465
0.13057606214329098,0.005478581638814687
0.0508159598008433,0.0009495681321556321
0.0035818567700403037,0.0010414483669638523
0.009418072987330106,0.0021042083876403514
0.2587409534648941,0.0018048560890377514
0.06269004827117897,0.005492503737604239
0.07449723655878415,0.003577068244459507
0.02608391927270759,0.0040145894742947925
0.13993821722243638,0.005864264235988892
0.10482435816084035,0.006350021598749911
0.000669292683085132,0.008472190287415311
0.09133769039135586,0.003922495366206556
0.007444940579375725,0.0016187141315408065
0.024403692252235487,0.0015613072539031828
0.02757283603847327,0.002354895459935868
0.3179297761021189,0.005484548615224186
0.014950620935849201,0.0075010410799978685
0.05604822014805677,0.0014160242295978
0.3411412037258401,0.00263892138616015
0.06747637920574334,0.0038819675842637724
0.2553564600327718,0.005283290979448504
0.24691194041793096,0.007330793676260893
0.05312430101389509,0.005913946365437379
0.15068824355120114,0.0013708854233174786
0.1510773888983863,0.004709331475652902
0.12328059644676159,0.0063337503106124
0.006717254499960745,0.00928520811435883
0.01420514699452724,0.003839329616482655
0.21691227931546564,0.001844171375187744
0.3669108209667229,0.004092542372352743
0.10644341249741274,0.002186560444568423
0.05081534018711409,0.0071523958465279395
0.09683885134126058,0.00602155311979655
0.18348829625949747,0.006045554513978462
0.11355465366534645,0.004857076220203381
0.01492090677396618,0.0029678579133554195
0.07314135725926008,0.004201666197532316
0.011040444488855883,0.0028496220823645813
0.1321970410269273,0.002082661110726123
0.1493643614065263,0.00044116242298542396
0.08367503364490858,0.004681050576220744
0.1470175284688935,0.0035300641414037
0.2064912219392454,0.0067729575909082455
0.2598369773467084,0.00440272789819165
0.10726566795727877,0.008102797955201562
0.024338285738735976,0.0031022320734365723
0.10758638244010399,0.005423546618313815
0.044711156736582325,0.004152825838074745
0.024586808096387358,0.0059612390905395655
0.11318491613951664,0.0016795462731509564
0.0550549329501564,0.0034686659710405072
0.07303482062741296,0.0024119353370888456
0.16283290898900304,0.00189415010248666
0.04044325060846177,0.0010127321439720727
0.10367680423900083,0.0021354963667156385
0.20608274826588513,0.0035422832673742896
0.024360360674563708,0.0008076931426550508
0.22841204181582953,0.0003763652148300864
0.025735584817653034,0.001012189376159898
0.008540001063693126,0.008064233159634199
0.12236968322037,0.006033577883552839
0.06709699015436854,0.003111305250630837
0.32957371670721614,0.004146466714140368
0.04338603229905402,0.0014903562780356882
0.13096619703890156,0.005289604403861061
0.04311825581822859,0.0017284475372139018
0.19248188523260978,0.004416228815994227
0.02020706152825369,0.0024866635090922276
0.34003206665119023,0.00019414485483655554
0.006645015795299969,0.002336302902670333
0.0035192169860351896,0.0029450708752968248
0.02768849399365081,0.010611357819554659
0.053267564540192325,0.002658559172038824
0.044712547964479654,0.007489551750426276
0.11065183955957991,0.0021693155584325808
0.0234541911831343,0.003257958027899701
0.16227016209546719,0.003048350909060183
0.059668418600267614,0.0020277411983510955
0.05019323644057749,0.0026273398126225277
0.003466339707301813,0.006724432884957465
0.14250263241831362,0.006818798863378305
0.046695227540794804,0.0023698943342479344
0.003190409464991717,0.007975102292776351
0.008686139577321228,0.0005903544773210875
0.1452040575479714,0.006610554264117393
0.16469388488388859,0.0035337368870546546
0.022007433526539444,0.014391444244758075
0.09872066102866484,0.0044499734313494434
0.05550483769548009,0.004232419704187212
0.07293275736446958,0.0014339677369648567
0.01797981223728584,0.004019091903552766
0.022102341165407324,0.0030079741851507793
6.939843342479435E-05,0.00732644806762262
0.07229687864008838,0.0017472991856363493
0.07049394514149299,0.0014909611276377468
0.062492158760505845,0.004223794992303275
0.031390070852978624,0.0004410992015696743
0.015697217998933866,0.004787588298791532
0.2231955193155386,0.0056501773612240526
0.10214230507489219,0.005973148935723376
0.05883017520051226,0.00531050404524438
0.24938476986346814,0.00267546873823558
0.01912961158137705,0.0033405203681338208
0.0002972450625406964,0.002543864244038397
0.24137940701967864,0.0027025374490345895
0.07204531378511092,0.0070639976324862516
0.01082741842969881,0.004137992239451317
0.06772027909579492,0.0012670572126931717
0.015407287155198901,0.0038053395449491826
0.05222649813060798,0.005735297013934912
0.03803274820785418,0.006275813208426417
0.22557132456068985,0.004257072586285932
0.07043355228216797,0.005200880796796765
0.05087148034982647,0.0026319526137570256
0.10025581202302192,0.00692315660654796
0.023789877431681816,0.006547374657378004
0.11145360370397839,0.005239683648172105
0.13206297310682658,0.004079262885263822
0.09356642116892999,0.004694206071580857
0.03352472594156097,0.002904328861901516
0.07621677738131893,0.004207642275994782
0.1353105117764244,0.003118858522319954
0.15270049395269325,0.0036132201941068086
0.05690239777300121,0.0064227659919015015
0.042912705779144744,0.00874983284213394
0.19728421480806446,0.0041264229560662195
0.04517821327232241,0.00361363963525007
0.008018160304857247,0.004519007615327292
0.18906166302991778,0.004509009469669855
0.010269602146024681,0.0006149519732076878
0.010004919948698898,0.005469849646212928
0.06481038799381622,0.004277277090505712
0.1339428231053148,0.003930105530313493
0.04252245819276368,0.0023842434815683385
0.00960646492029582,0.002784691105118067
0.022607988475783714,0.006649405036952847
0.027912884177339947,0.003471236652873359
0.05282333388231564,0.004667426037749184
0.06702735042478025,0.008425449268738958
0.13346174042868597,0.002448889199968731
0.08338906383596623,0.004537220813675098
0.03978661027247199,0.004338164675424406
0.13017930607225026,0.004223628583198428
0.3263004894031951,0.0036913877897285
0.17595853435125264,0.00861641596421506
0.02280027395909201,0.002571797061073777
0.07374261779062863,0.001026222035941281
0.05839261463029288,0.005687088123584906
0.013089304765514953,0.00975725357624386
0.054796580542472384,0.002028583396415931
0.017177102820483015,0.003485018589852413
0.03530067987497887,0.0012146258908403602
0.022292795411431143,0.009285213019650447
0.47670803258779415,0.0024850015365396306
0.1062621432959645,0.006843407382980012
0.06869546307882501,0.007081883014748955
0.11842719844253224,0.005067359970301149
0.27391665794493747,0.003137085389796793
0.061422135639531916,0.006144434510119132
0.3919780431908748,0.0023789881986027678
0.051583240010813824,0.007982801216336783
0.00805507322786525,0.008454913665459373
0.0024313529434039083,0.006650602294248123
0.12303967197010479,0.0027644468594083403
0.14756565227605734,0.0013021903868580124
0.23145857935196545,0.010934069502658897
0.16925198265232666,0.00771159609013194
0.11683568784809495,0.006571332355355397
0.03650397319484,0.0017980784009288256
0.04317880399395335,0.0045318139817432145
0.00428985709919516,0.0013302143563526526
0.16852254698454772,0.004087551033060496
0.026429216819678913,0.004606718262797295
0.2203223450974292,0.002097495094090188
0.0008018118080030945,0.0013587670724974066
0.1669173114860314,0.005837506124743231
0.0566595502368159,0.0035963247949857566
0.09768720851764101,0.0014451517058449057
0.17108918586666277,0.0030348744508668845
0.09292093659973943,0.005582333121458866
0.14435021933621783,0.005255154252528814
0.01749767161811633,0.0079689892987127
0.08138951819080376,0.004392351837803509
0.024553663036101625,0.0015465543298533856
0.4623220091439748,0.006161177258843648
0.09814252000876422,0.003886773356180351
0.07400156597981322,0.005634150081070462
0.06854332213765701,0.0021746404976347657
0.03654959229749011,0.0050540176809294795
0.0007603646635629957,0.00547984222778822
0.01588039409659814,0.00410048806639079
0.13617231845563538,0.004864218919535686
0.44541093497610973,0.0036761867661876412
0.022151135556725876,0.005729877565933343
0.04824195116464125,0.004126142007494385
0.018979995072243128,0.0067045406964890124
0.02857920039855344,0.004317951737034264
0.04981656846786109,0.008121822529646425
0.16962961522642672,0.0039003339886464626
0.08740340183817352,0.005251932057030019
0.009294249475715333,0.004277580715690498
0.23025991551327252,0.002173312010688914
0.0603116774574346,0.0011218031855501505
0.05226478585876748,0.004434944171403459
0.04576570035573013,0.004797364376316811
0.038614368401226784,0.0027010185009958493
0.21197828225666626,0.003217632942353149
0.1255355941360108,0.0036844039957321696
0.0018953329414443942,0.0046798015184594255
0.19095681731045033,0.004733001940378013
0.14652711528282225,0.0065038060503284185
0.0258148958213269,0.004272295799176635
0.008161874127949886,0.0028882515903022052
0.21543994058498583,0.0042702667390089296
0.18391754010269779,0.004046973734505849
0.06362488299612323,0.0055134084299207605
0.0073105140715483685,0.001532211274560001
0.16323745458652184,0.005647347944415975
0.07854699783183605,0.002392588324103907
0.09690689514638962,0.009126434671024485
0.03558522584421553,0.00648727920902945
0.29685006168546124,0.0014797983620273654
0.08011445495378666,0.006078186355119115
0.18895907143871682,0.0038748264805390795
0.25566017764236904,0.006400951559582081
0.01238166202915636,0.00497758963043617
0.016092859558625605,0.0010299746289934705
0.09623145734360605,0.005667145264528574
0.00023052660992561869,0.0027015551402580877
0.14451063411223686,0.004139131156934203
0.0960579679039597,0.00300947256231951
0.06731828900842629,0.005535500577591909
0.03599996037604569,0.0022109071210673985
0.08342265944611427,0.002111476048574531
0.06959181748931087,0.0038960160252198015
0.10251510353873527,0.0028712408511150276
0.03869136847600885,0.004747498109159226
0.020572140296508223,0.008458725914356492
0.007251349631303583,0.003152840053989554
0.10151900436727601,0.0032367888848066338
0.18005302810308876,0.0017451927451850565
0.004912435523863223,0.006755313737971274
0.08031674323967763,0.002987259894514842
0.07237752129412911,0.001930912547381765
0.01559779985024079,0.004971585704255199
0.07084698220364771,0.0023321227696927217
0.12414238010154577,0.003813718667816494
0.013045368633868293,0.0007418407763147597
0.4287271038836593,0.005861362050343678
0.010881938939803604,0.0024275632947123927
0.024034342742595527,0.006072079250961555
0.10515444312295585,0.002548735457712029
0.13719688199194024,0.0016369046061905394
0.014825433468445226,0.005335776889719911
0.45537195735579417,0.003372602556741165
0.06648271856238352,0.002222103715302604
0.03778359803453668,0.00483872059579377
0.12130080028003931,0.004698838278076324
0.04890459256091617,0.0027197746356832113
0.018796605992974946,0.003880248574084579
0.0011545333500180277,0.0049727201276416
0.05789739568677987,0.003120473740967445
0.22215883174783357,0.008588160626018356
0.41143582455731575,0.00053268789722028
0.004508228452209551,0.009007321958755862
0.16080717113715082,0.0015607743510734863
0.020959423049930592,0.009916682181347813
0.03243381383612132,0.0014230138650095057
0.002793831622966536,0.002380973267103011
0.11351207002530828,0.004953296689233866
0.2957452223832888,0.006389360313721342
0.010516667277101988,0.00313956027548084
0.12087256367067312,0.00900974984145722
0.017777274231264073,0.0048671487560560675
0.06677611685501006,0.00469802499512483
0.02921484382898143,0.0027672563053371063
0.023756798685099056,0.0013318703655946756
0.39705021700842735,0.004287942309120923
0.04523395226107141,0.008088739476678524
0.04022324259631205,0.0030331335667088404
0.13599295612925744,0.009010722619160947
0.1684480445002805,0.00432119021475981
0.05190301998925406,0.007387017715015118
0.004757743475067855,0.004810401256216225
0.014096934463907473,0.003667221574293883
0.03816044813248709,0.004258725609784215
0.024203512264023175,0.003355843299813602
0.03396504523675503,0.002642640689650331
0.03890261886311919,0.0004937039249461923
0.1632199982980751,0.0030137860418269257
0.09296152196446883,0.0017701861926976714
0.24712393184802295,0.005870722831606957
0.008870421503161197,0.0027736330325297247
0.06779800582364715,0.0001961877594985773
0.1029731499565969,0.005051233628848762
0.1122800854082584,0.00125728554699123
0.17045937402286881,0.0031335663387975347
0.0009515333759964051,0.0013421051184452954
0.04443831616009675,0.00401104104494684
0.016083314605225496,0.0014981443575261915
0.016674076013316608,0.002325906185949231
0.29529022639115965,0.004478375804045131
0.1318509906434997,0.007906608827915763
0.010576636759253688,0.004973948335052196
0.1019197620400405,0.0017884344801518835
0.008671784484704403,0.0018782552401648731
0.05079541636951035,0.005720600099339159
0.0952439991917231,0.0020273242235711434
0.6493132462672406,0.0023642801152777837
0.022592159141595403,0.006340605354699223
0.1315355725599261,0.002940460848889453
0.15562351242448358,0.0012646155658861064
0.012721066024710126,0.004422027449496228
0.45866337813043856,0.001581662183029519
0.049110300520680994,0.0031567085086785496
0.15371588110565426,0.004540240475425455
0.07171013862921427,0.002917641929478569
0.06874371716440919,0.0029515340815842797
0.0834599615445768,0.0061366264708447955
0.08580934659465811,0.010891728066754055
0.10238305855051522,0.000924298965843721
0.13996656786667927,0.0012554378871373732
0.21242454798493782,0.002749293073759913
0.11117574371121464,0.003254426905284726
0.7203624964757864,0.007204457428680901
0.04768884254229988,0.0030485093610555284
0.023110781631260124,0.005992862261921319
0.05312771776385716,0.0018235740528184856
0.05362150013405653,0.005267037533124238
0.10681334718873359,0.0026246187242485995
0.14573688327925538,0.00464799277430888
0.008386599076970924,0.001843090395990371
0.08170780650220877,0.0030609148000347915
0.17725965217630346,0.0016832603042351122
0.3061562287419406,0.0020448285065422663
0.19951748611754283,0.0010613721262920104
0.05428058247150602,0.00545808503996112
0.08208140254788532,0.006013044001970568
0.142001914431944,0.001134323040700903
0.10867273424173618,0.0017381976840042527
0.026251535547146432,0.00044916378842539
0.01458940020739874,0.006702096892493036
0.030939558090437913,0.002521317312390926
0.1438085634920867,0.002633487881599751
0.08659495459818345,0.004057910533134538
0.036340500147446164,0.004595049556062232
0.017579497543579237,0.003769526471164889
0.055691459614422456,0.0050771444216931964
0.11652085705327409,0.008089809395658688
0.10743594079735885,0.012785018916836505
0.05311086137766097,0.0011083098553847756
0.08126152890690719,0.0058142794012337575
0.02369251653254878,0.007050096018319912
0.22139630018597245,0.005507955598929114
0.03511622534728076,0.004260279450797599
0.28354011767055454,0.005619487624464492
0.0023298596336758237,0.0040308042438896175
0.06777008869403289,0.0035820670462190316
0.058678304445095364,0.00439391320961015
0.1747000295459884,0.006535953231346645
0.009799369050540463,0.0012620297538639639
0.06675304984827335,0.005736604057389872
0.0025031056815691954,0.0018121705960452616
0.23611278784687784,0.003407785094171664
0.058817122814446066,0.0036721337871554547
0.060299003866589374,0.0043980255657235885
0.14472021229022403,0.008241917885150147
0.014310569007591312,0.004475833700945009
0.20738579545053426,0.0036338222403275314
0.1269102301294538,0.005051999756128097
0.03447266948990091,0.0024174856924591304
0.102307479509534,0.004757031949848723
0.1313777870502122,0.002919189055671161
0.08649905737502195,0.00480867492240725
0.19271490435812666,0.005200335188741802
0.11928710281341637,0.002588042662949998
0.026315275896763524,0.003967102586145677
0.17652983552159185,0.0022596597784092106
0.054440555986104755,0.00225633555648513
0.5546255140521339,0.0030786804965308805
0.0473016294450872,0.004632958275524671
0.3885894411428694,0.0038923222911798963
0.060808390247927946,0.0012340210240228584
0.5622776320405478,0.0007357830482718367
0.08893681933381004,0.004694344232422818
0.2084905521041378,0.0018479682087160288
0.030658479035651,0.00245385561371624
0.030993082727320598,0.0029180546063371955
0.13181543205581647,0.008934026175513282
0.06787523384997485,0.000793791097640165
0.05549156773059849,0.004933414361751324
0.061860299785962525,0.00257125759838772
0.03515224785144255,0.0023999710742230594
0.02600721645711701,0.006858886788071786
0.2712338961175078,0.0020088360686258914
0.09838219253640546,0.005556432899060144
0.0574803087756095,0.006689192679528701
0.08306447961336971,0.003337030899644352
0.030183388034743075,0.005429293756302611
0.19273625690300378,0.002350321935117021
0.0699052402497955,0.00154458094293623
0.11675555851542185,0.007456971233068983
0.0024408488837934783,0.0033701427103562396
0.0939270184978227,0.0028569363167702177
0.11627452057257415,0.0017403950760062688
0.02705392679047236,0.0012816154707877574
0.1293498565032678,0.004066822474305846
0.04270349852009758,0.006794795721271057
0.023577586178760157,0.0045551530348503086
0.0563973584827977,0.004625706587569427
0.22228339369416972,0.00446151969721801
0.09113826837528904,0.003114348763942456
0.15628922127024225,0.0007191458090197604
0.1284349342769815,0.008463062615957575
0.1960736173784312,0.003666969543623245
0.21674042981715047,0.003474282967654758
0.053312583762931354,0.0034999193330493045
0.014977018359047634,0.006766155054638406
0.1813394258944072,0.0009658388193289157
0.009700188783540398,0.00593339434028271
0.0770255252520542,0.0010975106734661965
0.16007216937214253,0.008017884145341832
0.05305159684786531,0.006863669070087773
0.11097506762246212,0.007666084370269933
0.02159820659591105,0.004919232744769273
0.0185479263230377,0.0024343164661709826
0.07862873241765556,0.003160891583376758
0.1746239762745745,0.006839986767119556
0.07140141338521744,0.007412406978790057
0.2774779116505215,0.005005049770013246
0.14461728322351064,0.004186228241197817
0.030358917328783264,0.00825432563349311
0.022529359995132836,0.008415717502130975
0.21521711310896308,0.007080884385216839
0.19144765357918914,0.0027193951065671014
0.03571145942919429,0.003688311499268442
0.01682789814873331,0.0015766725254248595
0.01310043853965226,0.00928795856369361
0.0846201752477782,0.00296200155710733
0.027610055451475546,0.0012131837863738225
0.07536828349350344,0.0021117148504148494
0.15341142450961343,0.004798558496266571
0.005725119984106186,0.0037344893188306313
0.08645204715145383,0.0037363546804798373
0.07057259058973386,0.003698371623273659
0.06605393770843193,0.006561529786541688
0.05992295600657371,0.00337424226875828
0.016613405165514905,0.0007102751772673071
0.08942760321514243,0.003157981972197416
0.10800032234169521,0.007141900940344316
0.0382972011872198,0.007110687604825822
0.11199209473033989,0.0017310950522731923
0.027431667951759664,0.0009836758172491599
0.03320435113391795,0.0035017099158703587
0.07660783565120255,0.0037754757287040003
0.07077997433299288,0.0019224416542240048
0.13783202012660922,0.006383255080781397
0.02969825165104112,0.0046804712880892775
0.013711352442271618,0.00803155631783741
0.12976476973716444,0.005513131608184177
0.1504752416883548,0.00899446111066318
0.04658547926896972,0.002352539899460279
0.15028788084504185,0.001951839045936471
0.3695286399286033,0.003278822124954229
0.073998555323044,0.0038411324888041973
0.012205266301350548,0.003904905137963665
0.1281869807760927,0.005668732171593613
0.1335908147726741,0.0027886664403016953
0.18100768947698498,0.001258267520283863
0.03433056134525714,0.0025676429967141285
0.11328685628814128,0.0068395565543874475
0.05993935743890688,0.00685294751438592
0.04431437066540411,0.004534187979997166
0.0552076404974855,0.006050431643690462
0.08914207273585362,0.0021443538758648788
0.1067023973527057,0.0035293413903741736
0.027630655047573782,0.00604664140300038
0.11070129603632495,0.004625833207757291
0.05071350345559722,0.002898687691644899
0.10668059932692131,0.005022530736528351
0.14266020854961425,0.003171559755900075
0.08134624912474919,0.004064338757660519
0.07267731991066739,0.006109453091728427
0.06581905152296486,0.005005569912843825
0.1109012572122765,0.009284220061476021
0.013429065227569481,0.002850636085117743
0.037758136233208006,0.004453183355912861
0.2643747735683064,0.003980985516201267
0.20413077951667447,0.00438990255227872
0.5174154553763515,0.003919592469985695
0.006952420548884675,0.006282317825155517
0.19546257562478786,0.0034325280166359537
0.18631557810158483,0.005807908166838791
0.03524965445410544,0.004984483842759325
0.05383903716506211,0.0021427947311438386
0.3039722505222926,0.004545481530764215
0.034289267997280604,0.0052650518333679
0.01452559307762158,0.0024390586157532375
0.05093684101098006,0.0018277776614929661
0.06470217577822268,0.0022383921770150477
0.14969611256685766,0.005600827821700323
0.014164503608299128,0.0033871194787574665
0.0981265177796331,0.0034609505392795433
0.011746697249236604,0.0048581547846607755
0.06502635938460344,0.006642611341455247
0.055017370652819864,0.004753398075101507
0.17615544251532356,0.004419673175721452
0.11907605741930638,0.006640174547523918
0.03126135062723279,0.002173555500262881
0.011940019761539133,0.0018053493116091401
0.006639444718643972,0.0029337423314237583
0.02896049506904319,0.004661478494056908
0.11451017871905833,0.005943618423308109
0.04378714314395893,0.009439481767988877
0.003232958086812232,0.0016665610422145953
0.1231347407604062,0.002170986389946283
0.04330115158620629,0.0013678423911114947
0.476788950731418,0.004446017840384525
0.24914940712818634,0.006948696699974121
0.0401200440409184,0.00630382610349988
0.2629305736688252,0.004437284897537519
0.05168996622484201,0.006526477040954202
0.06794064856615023,0.010037945217672801
0.11251002450586611,0.003850404116241526
0.12677349825133888,0.009841924461971591
0.09567575382214955,0.0015670099392749012
0.1459094435288648,0.0023509485784877766
0.05994261100534004,0.0014605747428283926
0.023770535528285563,0.0031906293228107256
0.02732039497891492,0.0035014959142268937
0.0630067512157666,0.0009454858830885589
0.13336805963962206,0.0019430165229366888
0.1510056780313107,0.0036632543320945818
0.004316274356995109,0.004683856697849165
0.05484614517655473,0.0074278812622832315
0.0003356717721771929,0.0033353399665730487
0.21490400670387544,0.003959163896391067
0.05069540586822541,0.009036705290990555
0.13048561375143208,0.003995877840508817
0.3065217958447306,0.010954400254633173
0.09228138725785584,0.0032297117091676262
0.04234327382431502,0.00849973814216623
0.08304535999207019,0.00968017567060437
0.039159047645171086,0.0020201625757352874
0.11626782097272326,0.002319975052209068
0.0006523814473666789,0.0020164711747594605
0.04473062742232514,0.005373584357138127
0.1293820744850791,0.005179709179841343
0.05259769406410442,0.006809657289046621
0.2402052391450411,0.005037724686830063
0.006207692141686039,0.0021578694013103094
0.021593599008895126,0.0011587921414973157
0.06438132352508319,0.006000217590106824
0.204352048776002,0.004416323331513955
0.10992855313128302,0.0072354833178244855
0.09929114454956789,0.004390675526998571
0.15723816350794095,0.0025761545728991316
0.09295369491792371,0.0005584117953660077
0.17044453511300617,0.0036874151382887484
0.05924189270234592,0.004478687743259662
0.030013350707008613,0.004957641933887503
0.09126333574886303,0.0009181870199726728
0.1785025403119107,0.0023714967485853615
0.050997713980393655,0.005610003684850123
0.012183392047916186,0.002235399264773244
0.08114441692930541,0.0019391528120768578
0.24503719887866282,0.005270757624150467
0.09327084173867206,0.0032354674176192865
0.2203858208883389,0.0029837524572950006
0.010044124649766673,0.0046795519270512904
0.1939863582077237,0.006840264497078225
0.007742669629010379,0.005934550693693148
0.07551637352440821,0.003491247832885693
0.025268760408778235,0.008131667030016334
0.037251033639620346,0.009920989273840808
0.006690624554266833,0.005707323271366496
0.1056507353820848,0.0030852544839159537
0.08976366753694265,0.00376512876599249
0.22483498022694448,0.010043258231455996
0.03525866519743204,0.007772077471077967
0.029363708047696946,0.005548187219004745
0.07546014259287404,0.006138468925859856
0.16116915943342747,0.004016043137007267
0.02698076122743487,0.010747479106140361
0.007106014335136024,0.0020166085194108603
0.3243072075308646,0.004163697983643164
0.15875029863207146,0.004507858808201635
0.04142880769961721,0.003545585841209695
0.07984703137316274,0.0067032779294021305
0.0557770285947754,0.0033060151649964074
0.00983194477385041,0.00635603886852625
0.02292284316877158,0.0032951674830677814
0.27616027091085016,0.000881657819752608
0.009418781342617422,0.002522658004280942
0.018572460567895632,0.0013589832982354422
0.12771602358543532,0.004564017035093757
0.02522603335637541,0.004316839291419907
0.0993230141112349,0.006820111720708292
0.12989463418455216,0.002064337937651763
0.0970708411446708,0.0027167200186284067
0.0700032617224906,0.0074723422541759996
0.13079316705238853,0.003332168654990425
0.0853604291364718,0.004896475651121747
0.05392868669980544,0.005851985614202993
0.06836693500179081,0.004358074842923654
0.08787992731851091,0.003987538120080779
0.04542570682474434,0.0012085161297975817
0.062249462499437413,0.0022954827868019102
0.08747134146000235,0.002187859143308272
0.11638091392211436,0.001699645192423739
0.15012527039476709,0.008697300174614819
0.012371156842846176,0.0005636903824887033
0.20555677464881228,0.004441168840604379
0.018215311912740617,0.001135152827076737
0.11586332296690216,0.0010804473698903727
0.003659814602883671,0.0035547781671996155
0.06679060777429413,0.006944409292708382
0.07588347096077541,0.0039884783084220546
0.08225116226265072,0.001581745060725773
0.02083267419391177,0.0015228568020610829
0.05335526613782804,0.001394289654052642
0.17419044748226042,0.00788339794884193
0.023775412707209398,0.004623552196873346
0.10914075463676909,0.008887943649817714
0.13275127775267492,0.0027526507410146235
0.019558432811663806,0.0024596670095032515
0.03085894292314606,0.00552649276469107
0.014156875981939265,0.0036189358200910664
0.27153203242176005,0.006655930595044851
0.006051147987307104,0.005470701228902759
0.02870409761027304,0.003113013382114719
0.032925993881860904,0.0021088250341808113
0.16190516916014985,0.0027948887895630223
0.21826692325481645,0.0007637379179538123
0.02011879558824603,0.006745710258538209
0.030931349477327785,0.004785622462494149
0.18975340503135385,0.005852710904421347
0.028476987850297064,0.008508090047957958
0.0023341474172866583,0.0069308370850542905
0.5396995555379362,0.010386747668857995
0.14927699857219068,0.00034213140922040997
0.06350124726702688,0.0074164881038428715
0.09946136392557037,0.0013122101815679138
0.08144799785304713,0.006833431839981825
0.057954058512507345,0.005083478455967909
0.07006440840189043,0.0038601219827038777
0.041072951712635586,0.003712085395475366
0.04949919324747043,0.005761016253114922
0.07603590369313906,0.006962746896123765
0.04169004726730918,0.002417352905864359
0.019026434665022407,0.0021843437143116476
0.12474822020556076,0.004245223195497759
0.1359281175479623,0.002242091383024709
0.008273940187393691,0.002042102693779544
0.01192116203679916,0.0017593941038495891
0.0027555290654390774,0.0042504482026085874
0.060341412711693465,0.003124907679484312
0.19528919700093184,0.0037244592729668044
0.006740010940973207,0.006731655592912538
0.11356651505406035,0.0013683672891363638
0.03619782740628352,0.0025435432062303033
0.06419954055286325,0.004572450896128944
0.07868453334486958,0.0022722329558332328
0.08814346815745466,0.006509574686095877
0.44022581635334745,0.0083742682349548
0.16012386756835895,0.006939568712355299
0.009548185645257945,0.0026815114648446247
0.11140455385668702,0.007675715218395018
0.05831208208365979,0.003530937121459263
0.0006054334885448043,0.004965692709992097
0.29415367534778625,0.006657867107591344
0.03358742965963302,0.0051077697782152135
0.33197448729930557,0.005460968658320974
0.11048143186241077,0.006448247111297213
0.044470263905850516,0.002230311855169525
0.048842973340697426,0.00561684232482503
0.02633302729003617,0.003148689949784625
0.14417887652200534,0.010450697922992426
0.09402132328239077,0.004633873209506757
0.15993077416044343,0.0030875340846291902
0.18320655108146866,0.0026337777619235107
0.09711101519383192,0.005182249171583868
0.06369411096721933,0.005463151857906557
0.033062104941336656,0.0020201381739567616
0.00479959020339038,0.0051735635657843655
0.04467997890236575,0.005587647345299544
0.04068394659390151,0.0027558829720983223
0.007304223980327151,0.007609064272163579
0.2728709940624299,0.002918544886803397
0.04806864636486807,0.004838861045866278
0.08852371827464367,0.00669048289722721
0.19735208921872527,0.002762110838654941
0.11078907105411417,0.005425055025842955
0.008327332509736607,0.0020850509494286366
0.04558365322350255,0.005109553364607728
0.12356976293426669,0.005559863970235941
0.1730785706229767,0.0018217719102781192
0.04960275254194357,0.005273363479282031
0.06766216235098454,0.004558385563134385
0.09891038095719296,0.003906130523905507
0.22181625187920417,0.0048670021988898565
0.4278087535374766,0.003154592438936374
0.03080548301483077,0.0013665244335557326
0.02950807546977785,0.005964345149333676
0.13948724062089468,0.007550083541768667
0.007843437994324631,0.0006969701456410323
0.0166845729357874,0.0019540815461530454
0.10134638180159072,0.007073576553676508
0.17424070079380272,0.0045576100514784475
0.029727526863382536,0.003593988730904793
0.13905477840552294,0.0019866144675325715
0.08469495616265021,0.005859865390989283
0.1769149709388671,0.003905800200264324
0.02108884249065568,0.004073788151595626
0.030130812410789076,0.004246396732586036
0.016026676914520976,0.001636013398497944
0.17877624669682746,0.006449939939899073
0.04198338625434417,0.003773552540511324
0.09222571365086196,0.0059179236505429895
0.017919691845463603,0.0038532357553707724
0.12490353889063499,0.005933749259424702
0.15987024665690797,0.001936496842658048
0.313885452079262,0.005300654719560683
0.07943642853359734,0.005400378658487286
0.008641196908001803,0.0011329728809618975
0.02474658490348247,0.00391236918731681
0.28669556877645164,0.007295170236189627
0.0357381569848485,0.006663815480291827
0.22153555028404526,0.0010959155999913936
0.11897758314057683,0.0011619215324362234
0.2687461415673056,0.0033563412488739923
0.1621760308423177,0.0021031419219483456
0.5288001297741403,0.0015548616263382758
0.06086325763675404,0.0023024605279268664
0.21128497520680867,0.005361435259047814
0.038263797785418774,0.005420782780037072
0.23802277070427635,0.004243971783541012
0.04745805946311066,0.004068515372674375
0.04026926268636544,0.002829507494677085
0.1385038076510341,0.000585951443380946
0.019822043930730615,0.003030641656427241
0.18138271360447789,0.005503581331907686
0.028257041708570796,0.003291845762247212
0.10603091249350882,0.0022722746258993422
0.03403614259849519,0.004717907308797147
0.04337363693639418,0.005203975901866606
0.016798881744477967,0.0069913740516042095
0.02283507642408722,0.0028338005931051393
0.1796002043299154,0.005486817767624322
0.22913095799225403,0.0037120732312176745
0.11729762388273457,0.005644094030086051
0.013659916601682198,0.0046689047287462645
0.13014103686140288,0.004247073867879025
0.0919668537641769,0.00286525255863534
0.15420394439911433,0.0024355019203340365
0.018126446100438898,0.0009046297765846724
0.057488292753760106,0.004426472158526472
0.14713790978288444,0.004852873084402823
0.06938102831765036,0.007198288884481199
0.12778775210841786,0.005380365955146489
0.01785730266118435,0.006379148647568968
0.18656888972805064,0.0016930422762509764
0.16864693867614733,0.0037069279256445055
0.3226765493624839,0.004456241188199192
0.0342688685626058,0.010224748894517997
0.06752694122332059,0.0025205539924934217
0.0381329999730724,0.00415652912836529
0.10454171399345569,0.0023490347402271477
0.053938428736273636,0.004243452578699552
0.01463742176292726,0.004418877432373364
0.23344147194251263,0.0072162642280398336
0.0286577187953867,0.006540048135667121
0.1307208532970776,0.005215122763497594
0.07474893122287085,0.0058869591351798905
0.21705105730518426,0.009951162249509048
0.23133111041806842,0.005034674589603842
0.02272737655533774,0.005672800953415298
0.3168678272452894,0.00498390416429195
0.01640935609884764,0.008076841246034689
0.0012051013866880567,0.006457762627640606
0.018968400272910912,0.005614435145207682
0.06174604168137421,0.00532957188150264
0.29804721932447364,0.0027883308562741214
0.2486330878082299,0.0060033384516694765
0.1448024842286486,0.0027019185503993396
0.09038779654457585,0.0030089774267577636
0.045494807653597036,0.005365858648490779
0.06815030402458433,0.005104880941031812
0.033613887870956205,0.007802237944875554
0.11850706147026813,0.002386595172932782
0.08679626305706734,0.00437534628986279
0.0028085532212003272,0.0025446240340911107
0.6178819682492644,0.008488529197109004
0.11917690810395243,0.0029677570805141835
0.03466745831718754,0.005941979252556652
0.06006437647852181,0.00440060039333444
0.0278537589761072,0.00035015675632935853
0.028338722144212625,0.006250628841476571
0.001437529496058687,0.005587321316901387
0.11588930459959101,0.0044765522102491115
0.0818774525638446,0.004141474833512339
0.018104161568942345,0.0015745299413136495
0.35917745224111286,0.004115449771213015
0.2303012162047935,0.002852271643357618
0.11826732082965918,0.005356556111901214
0.08369084358071177,0.005764776423789912
0.09090314077911898,0.004697488094092001
0.04849828738912265,0.004979720979422022
0.01814744838304705,0.0010127193099252014
0.29461745066072353,0.004700154672300411
0.03836832001155699,0.004060243097556284
0.02932710670893357,0.004327981084467056
0.07145492622521488,0.005938928947165468
0.2401349712318961,0.005326392857860358
0.14337454721345466,0.005476182259223712
0.386733439516604,0.0011546537828688499
0.15537982214596013,0.004168896467465419
0.15921324828354955,0.0035856752299147855
0.014587217831149246,0.003822707902276125
0.12344038766121912,0.002197309319248297
0.17014438494106798,0.0013429305143891992
0.11007527386652782,0.006362404347524277
0.053638496844712336,0.008086930983034635
0.13078934044551715,0.006993764968046556
0.09927100090988006,0.0028025237314162257
0.10677400007500637,0.002305752439648112
0.03039189466613834,0.004467633866239508
0.09554167315855011,0.00621334232846402
0.03136371310665709,0.006544738244711727
0.07187850616850255,0.0046280971543625135
0.15675909357884166,0.0043893910001618405
0.09309465076484003,0.003933308244055794
0.07173016005850741,0.004345606959574226
0.0041583344142850365,0.0040463978221160855
0.10932257044368043,0.007894535528524
0.09543112206546311,0.0069603060454991
0.07333651363586569,0.007080583708027339
0.039988577306871775,0.004210878757396478
0.23160516202642611,0.00697573946023579
0.06599985596108127,0.000820663370301071
0.2638597922928625,0.00420367977513124
0.04701620485872127,0.0027565002574940337
0.04440392312972108,0.009409958798077166
0.1227509942616507,0.0050541236313902315
0.14674793708758216,0.004129188157284604
0.057735524209419964,0.0018394891482548636
0.501336177475082,0.0026623773970330653
0.00607150093310338,0.0006520924388244151
0.30555109281146997,0.00674403114488311
0.019023547461074486,0.006621133481578685
0.103057798340501,0.006057468941467409
0.19601531835195374,0.0009312802361346765
0.3636241448422197,0.007628006976014258
0.24041160637710846,0.004299344321885518
0.0032697228159008773,0.006229709718884198
0.23588080807780898,0.002623692289510592
0.08425485229105334,0.0021392511595504033
0.02524705623875434,0.004826663371771329
0.20425484791934423,0.010131234403584554
0.05965541519128692,0.0038291443057405475
0.09176283437068378,0.0029000373788940106
0.03652764719441848,0.0025290910137402618
0.005752342377320474,0.0037269074969044163
0.10244687180409073,0.0012306645349715035
0.001204149893169415,0.005094417886944485
0.26788139800714816,0.004870259286050664
0.2271241225051881,0.0024613721124642986
0.0631229252365415,9.450492908900829E-05
0.05618512607105686,0.003424279968480326
0.005954299041206923,0.004970310727172284
0.04456998737225604,0.0020613835294417218
0.17057193714020968,0.003844223733589803
0.1319417674445731,0.0030588562405463567
0.04807307539743988,0.009817655167450715
0.2923566627080163,0.0008393187681980516
0.011026953850091559,0.0030214547769989012
0.061198074727087715,0.004199941797988026
0.0010839661431987224,0.005586772214486997
0.41035585164695476,0.0032343772669276116
0.06114694339731841,0.005189298144904436
0.07127685609418677,0.007917055172422343
0.07777528219992291,0.0041156318424527775
0.16781738287670578,0.0034005284004907568
0.016651470241583866,0.003245322050156332
0.009914728195724365,0.004442601211150697
0.014103543171302135,0.003918521740442631
0.0064079463629695965,0.002485554663815575
0.10451966049220118,0.006075558502395838
0.14389473593195135,0.0036480264186497793
0.07980060498812236,0.008571492907674833
0.009875267300969881,0.005271675250128014
0.43067260448117395,0.004375339900798646
0.04393177435349571,0.00782496010411794
0.004059169457832468,0.004969104706401325
0.022316206641107783,0.0070016262884998225
0.11279897274522455,0.004497687561666761
0.15930285084897378,0.0037004192775343817
0.07459622921965092,0.002557146889247149
0.0935001863028333,0.003938295409275011
0.06643761816667393,0.0041293196420789016
0.03611971224904664,0.005513662419596445
0.0016947501780464336,0.004466980030982189
0.027548991825312896,0.0037250634423533443
0.0965436687445731,0.00408791090279852
0.057889587462170766,0.0013964812915783825
0.04114117834336639,0.0026472104398707723
0.2935392894505071,0.0002491688973480425
0.20069778623985712,0.0094674561660598
0.08022125642895617,0.0016569447388735748
0.001789391185468503,0.0023407662306084913
0.00896122559839796,0.001354456761384752
0.11735159010913776,0.004898775617084541
0.052311558792041524,0.003499290616498952
0.014324118343608916,0.0015479674624337084
0.3975576558279954,0.0038609273222204817
0.17993360514100232,0.001993011907122085
0.1968736161910556,0.0011341184107151185
0.1219031978557723,0.0013347854295488121
0.056792530522614015,0.0027379285563708796
0.11028122715975996,0.0071092743730855855
0.16300314037556518,0.0017706816711828628
0.13119397093169027,0.002569680387944534
0.2939474973630922,0.007121646045656567
0.18470047737287132,0.005120475620965324
0.012871121694615795,0.0033730868037196004
0.037760467054908986,0.0036788178579050335
0.06759506938499271,0.0017162254745017606
0.07846907793958735,0.0037765597422886412
0.015299144220080052,0.003912393363146815
0.009951907668494187,0.005152728800296324
0.003737492777759144,0.007945329837087537
0.051917521550990386,0.003586925112309297
0.04102131590030922,0.004907601743369768
0.1608733403488145,0.0038902281241659713
0.13589687360570224,0.004688513200281838
0.0016720376183911867,0.005950955784857838
0.026531028328577122,0.003186473838164012
0.06500116763498909,0.0020329380243895635
0.24878936931855833,0.001600533128217814
0.03755859784541826,0.004434692655407261
0.022042725880737635,0.003933948105967293
0.1360283066578063,0.0028732473196670864
0.07135385940296146,0.002583249515225359
0.08324586941876078,0.0028519659753274583
0.07188032231982788,0.006573187278074628
0.06689660971807143,0.004453649494118874
0.047563474188905275,0.004598083949433745
0.03167061515569003,0.000847905162739178
0.07111282532855512,0.0068920920128856394
0.04102345326958812,0.002241761492190456
0.1655344509226211,0.007917319647672873
0.07875389721425563,0.0007505765461134342
0.09396722459115381,0.003018857759141772
0.014141122660817018,0.0034883759250735878
0.030559977699567753,0.0014524743981091034
0.028694992300984268,0.004172688286104878
0.07514631649166859,0.004379419183448534
0.24147920257900068,0.002866081458242686
0.045597126129337084,0.003059183706468519
0.09850948064502063,0.004461065035154522
0.019323793222326913,0.005794681805563246
0.01076698258509623,0.004829085937158812
0.33209008457254185,0.001444390507360719
0.27436101292965986,0.0017532022290402067
0.03468373490795784,0.004941203186800185
0.3021764219967622,0.0036281607189233064
0.18145959715553772,0.0032866895058107767
0.13531140378125883,0.0037257382034886896
0.0005264301935881122,0.003625807709961292
0.02231010786101706,0.0030670183982636754
0.09405048116212811,0.004558094146325399
0.015806765646686927,0.003070129422035763
0.0313563168644464,0.004886982141197092
0.012917022271608403,0.0031923712803889615
0.40184033518670503,0.0016511514958664015
0.22794146512683255,0.0030520269058914133
0.36764737825035354,0.006319913276068101
0.03734619839133302,0.0021188777093637465
0.01842163500617744,0.004072730304974222
0.023745823069248218,0.003919066489501301
0.1145964615669186,0.007526147396382475
0.1698912662259886,0.003682896348111945
0.11616243270543691,0.005345624151943401
0.07213048225622742,0.0020784775665799466
0.027434226608306744,0.004834459965658365
0.007501249104564067,0.0013495914896660944
0.2176299857200661,0.004142177910692022
0.0310762644295437,0.004835499738877836
0.047633267323021755,0.002853698048071694
0.03985635151917677,0.0034049953132364013
0.1202464896384754,0.003703547134454188
0.07708209794196819,0.004096783322639593
0.08724408761366931,0.0006185230402363698
0.07876810900529563,0.0028027961317455734
0.0905405670040409,0.002858603178116339
0.060208916444821625,0.007353582384519
0.02693581311854132,0.0033285956537532067
0.009043167611309855,0.005916046760209419
0.12796559703673438,0.003314708301464318
0.013229223188545802,0.004075009043938902
0.1458594763914789,0.001561019569611367
0.05308756438705586,0.0067311913131118456
0.04307060105747951,0.005592847656533351
0.19429888909428428,0.003472308178570499
0.0431959245698863,0.0015551694078942042
0.11525594018019092,0.001679303694178755
0.45421564885219823,0.003182828606408258
0.039249917136714885,0.002699191854794695
0.2882831159099055,0.003438256187842587
0.18832114674910372,0.003692525345672208
0.11602140825385732,0.005172586893093349
0.03406647309998334,0.009036207827697443
0.07263441586644603,0.002777858812334457
0.003875262523990841,0.01073175182359696
0.03454489896034829,0.0013277712900895008
0.004414505788247425,0.006915245355608115
0.02263702229276987,0.007720654423664722
0.06082723880433605,0.004147590889276008
0.052800619940740035,0.009871367295289899
0.3365945760556883,0.0011945435608755497
0.015768217483980607,0.005651254888458815
0.10840969131118072,0.00559797588425089
0.034934574908220384,0.008891522357589773
0.005899844778696206,0.0029274754142149502
0.010842031438983213,0.0006781016349158076
0.1959197690571841,0.0005908764306543187
0.11109915104356105,0.001731695196046547
0.03590487318638225,0.0032576379384934373
0.08685484704665214,0.003760326084417197
0.11212469457973384,0.0039926133472308716
0.20977943184800552,0.009818245099037863
0.021806719174833233,0.00309111763318274
0.16609645674100193,0.007222882159679392
0.07710207151137638,0.001391736744795968
0.041749797764737195,0.005651077151580082
0.061864159895378634,0.004035522398895533
0.010274902298306188,0.0019259388139137926
0.07603564127879281,0.0018335170533184187
0.16648315269873137,0.005532726208068368
0.06106524932187085,0.005317582709768124
0.08127802869495326,0.006359600766723567
0.12196971175740146,0.0017798989878056793
0.31361564038462575,0.004477924269611816
0.07046765543816491,0.004791070998576014
0.08882156150139053,0.0007926339485353454
0.05457940499604774,0.005439865742630267
0.03856687248975277,0.003822983542210775
0.015390907555001831,0.0018853975801563798
0.15746757884352292,0.008140862428372229
0.07150581529987221,0.0011426425142451466
0.03506366429746777,0.0014719477994563643
0.07633935304471606,0.002426627745149519
0.046859754517981855,0.0049916036672514475
0.022116790031589062,0.007960074309599868
0.10240465961283007,0.005729572793105146
0.007836379634738933,0.00730106713785561
0.12827688977239404,0.004231112615629465
0.09691879700608297,0.005754315034601611
0.07651244683677305,0.0025901786766203954
0.05570404463634304,0.0023071663612679806
0.04491185359125893,0.0031226085359427947
0.1361668826539244,0.003599587463295298
0.24335597941916376,0.005998137111652989
0.02559450742074887,0.006612502816840625
0.118635262058433,0.007245899688009787
0.05134240933040246,0.006611263112670652
0.09448414120373627,0.005412106986127974
0.3110066068064157,0.004034383588902335
0.01549857151701417,0.004321640211274369
0.3249356329891384,0.004141982251596589
0.028943031167386835,0.007621560907156487
0.03884323332385975,0.001962446925374559
5.033353733097101E-05,0.003491613802371709
0.2612107312796752,0.005849033626128193
0.12804185792924727,0.005216750728703633
0.1348241398460459,0.007035410496662497
0.05337869737491019,0.006110669000269004
0.014959618245825368,0.002850735719471856
0.13806404909564662,0.0011189194801532094
0.028604359175517402,0.01051271967825212
0.037136291665206045,0.004543643688129132
0.058179391088572174,0.005770662527771478
0.12875089249484972,0.0017133225241369918
0.004558934351223343,0.0037859223060425252
0.4046183753415562,0.005095059760829923
0.16075626810038557,0.002878750073446492
0.05983269620668352,0.0016014952949324622
0.041210488160970726,0.0050826841185206625
0.10561482340830253,0.003212519046214949
0.19458940426596882,0.002321562059095296
0.025595348362116965,0.007851768611664622
0.04123289758854298,0.004958473436120565
0.02216395779078084,0.0013687510911012325
0.03802727948732354,0.0034101409208673766
0.11860897587183672,0.005775324253244291
0.00964998537477868,0.004629200888468562
0.029877404987928458,0.0017156076856062502
0.09988138534384916,0.0060388291209606945
0.12848768850068382,0.0023820197572177243
0.029292355290408523,0.002145515405414896
0.21777179679168057,0.0036010547014153223
0.49357342252636727,0.0018227076929318844
0.05757085195307354,0.000467821652353974
0.1390065612157514,0.009012794460241183
0.07831780564839619,0.0017832175658226814
0.05749549980254187,0.004558103467394116
0.31566379810521994,0.0029040339095194375
0.0097785165724531,0.008462265029320619
0.09856166730662608,0.0008322181346595341
0.03451552205098096,0.0072911603587878
0.0736322968003833,0.0035199875855298876
0.19443192536010656,0.004175143280238841
0.10553989789008256,0.0031431733632655565
0.07013358148674342,0.0014216130454765099
0.027210095945235935,0.00945361131076421
0.043424184906086793,0.003196984314581337
0.07186311210614349,0.00614995506196468
0.13946328462890278,0.005695921602976288
0.04195745680959817,0.004805061956903211
0.055881833512614776,0.0026438849171754337
0.03504125373882516,0.004856910063353121
0.08158357039161501,0.001768546226296746
0.08846979142884948,0.0032740129021866632
0.07105413108428138,0.006403978504247543
0.03650224548380265,0.005409202145966997
0.1523624903511518,0.003222076518745306
0.04320641217702814,0.005678998407249812
0.028219734509491445,0.003021996093579492
0.04528203107355466,0.003574521540360803
0.012461625089144945,0.0028037029736949085
0.12540676603629208,0.0021025684244664177
0.007064624104827999,0.004200879853421344
0.1974850798627017,0.00946482495162237
0.0010578418523436994,0.0047373300801964065
0.12628244571260439,0.00134698788591831
0.15216830338761156,0.009383852407949752
0.30881699454590716,0.005366598443049801
0.11302991204769341,0.003964886018737077
0.13767951634571318,0.006719670790469347
0.003567205480010216,0.0019457504301588968
0.00237506327380288,0.0020585424277960018
0.04036576981826556,0.003358913784065217
0.0016119927078079854,0.0006968838438494465
0.3516942371106211,0.007715682255862906
0.048004863057315106,0.0033960188844478966
0.05041197362112371,0.006398835758080425
0.042976675190971036,0.0021989436900242427
0.041464582098740266,0.006379185279920704
0.009758217795820201,0.002998010034934974
0.17680401648141242,0.00418698511828744
0.18017691520407197,0.008711716850861898
0.01537103822664676,0.009830780400476934
0.00041404749964613075,0.003399602556084396
0.13046910544596813,0.006460549243773454
0.11003517934744877,0.0028721893290606865
0.08461441186545926,0.0010376993257147494
0.04437309064866213,0.006866069754774945
0.029591798709247996,0.007156435830559722
0.07277812053052912,0.002325067650401411
0.23912566729006812,0.0033344896146409505
0.030252651545652043,0.0025389339640737828
0.09823901154612713,0.004481867721993365
0.3166428325639572,0.00326384167100164
0.012184284166323778,0.00602370010031807
0.04926642419025029,0.0036482193182938313
0.209848333153559,0.006879164096641293
0.13638294944746576,0.0019966039733094083
0.0533545541326248,0.0071283449766794
0.07886807537676077,0.0015602137641844895
0.0467585835498312,0.006628162945826862
0.12906706494197806,0.0036473337752806864
0.016388971717162804,0.006481725010597365
0.09622563034270115,0.004855519903341872
0.13951935966525753,0.0058616186932531344
0.31224579427231447,0.002476121548166467
0.0006404345549526624,0.0023077388493088894
0.09671247271671746,0.010249301582203281
0.28146699268859265,0.002630685190643966
0.1335438896329606,0.004614557740796286
0.0288248541561984,0.007799763442711305
0.13899286457632343,0.001976117618124941
0.10894551851527012,0.0015632486489251976
0.15349629760373773,0.0011176130164341272
0.015947761197878663,0.005188849955280123
0.02250802037684707,0.005333236900425614
0.04693017850348724,0.0018648001114813244
0.0460517956890385,0.002551158537317946
0.049658474147634024,0.006931555765079132
0.1909323134611327,0.0010723876340696472
0.1677407392916166,0.0030456175965258197
0.005204050722511511,0.0056108550982257675
0.20566469706841417,0.004277488566227011
0.13805701240102053,0.006168017454730854
0.13332801748754264,0.003407309180878238
0.09819315261114525,0.0021406582775892104
0.0816442682920524,0.0009068073307325304
0.10204318827322822,0.002640469018441323
0.042396729781785325,0.0018314120405413493
0.12576651899013314,0.004351458489288283
0.006789532419020361,0.0012407420648951912
0.019075841943049454,0.0030150790528040705
0.04647446664864674,0.007793765985484223
0.12359296609997728,0.0065876833701735485
0.07280821143194771,0.002471117168987106
0.13591828756796076,0.002829166789538078
0.19388175448960965,0.004178198916664051
0.08465518845082443,0.004049494774318649
0.037002029133418546,0.0055936388781410076
0.1453658242778033,0.005378278904370268
0.08177302676324416,0.0012765379118697543
0.3027823114908301,0.0034531900866173965
0.2108988247977095,0.00456322307347038
0.03404082204315273,0.0063708985927627484
0.22874090792856805,0.005371499391712584
0.021994115677443915,0.002282586603659904
0.11122822246130681,0.004783920490351791
0.09402760924984932,0.006065195930275236
0.054324528676659156,0.006260720973997643
0.0493010293205316,0.005633457239329867
0.29998236702220993,0.00307739095053102
0.012757863973490657,0.007000108230326184
0.053928790226450474,0.006060879351257969
0.04400219982346698,0.0035463482463235062
0.04121473908043072,0.002771375239935612
0.07364356494036883,0.00360211618013289
0.012185382276413748,0.005497893155134019
0.010418896390433474,0.003168469828709221
0.22860009699218153,0.004936838339113479
0.10698354454353876,0.0020284152811227934
0.020662731909510512,0.0018986281194047039
0.011068026238092443,0.0013905005471879703
0.10992933121917758,0.004946627952708113
0.1837175835176481,0.0028264033142459217
0.010217427322459116,0.0028890620479949764
0.005100930539811088,0.0021585542274220357
0.22171596590925446,0.002133425674222519
0.07563449906990627,0.00565206921675159
0.17455183050265077,0.0034311716174736826
0.17150239969373615,0.0020994277747235757
0.13477269127105274,0.005943381932439496
0.004865738445346324,0.00887241879107457
0.06435143872687377,0.005582522450760086
0.034148593354757395,0.008272583271113508
0.02399856265623157,0.002219576691778971
0.06636554816560647,0.0008891167920856704
0.12137142348893804,0.0011231060676145984
0.07352938519710506,0.005622958824952616
0.08456927620829902,0.0004965460754960733
0.025150670819925836,0.006201102059819438
0.1825168305541638,0.00597553267464989
0.0880006556153603,0.0008870834352049562
0.15568215267683172,0.0031949947287826727
0.006288175321969902,0.001964741691803827
0.02536405730995739,0.004657182835543459
0.3583044535631643,0.0008263432212436519
0.027655195287081824,0.00449916153458321
0.10145223224373012,0.006421550391600158
0.0028591617236770617,0.008758884324506463
0.08454468431239093,0.004124074645753746
0.1467280413837102,0.007397777419486186
0.05207023100143715,0.0044825679401054915
0.10061096022161564,0.0025162946107393906
0.14017235161537656,0.005473367216817601
0.038005832110570736,0.0013060601446494985
0.08132954105627732,0.007071301620418684
0.08223975512083825,0.0087158325721874
0.022034179114484687,0.006472662900838889
0.42026766581631136,0.0026794094483619866
0.09301214662076518,0.005663891008250889
0.19380102263755816,0.0014767922149089697
0.0012701675248649735,0.0041657124542827375
0.11314699240386972,0.007342899494326055
0.0350585937840151,0.004202769941084873
0.16732959279704573,0.0023801320148915286
0.046985356495099495,0.004129763129637382
0.12350381265184751,0.005417147083097706
0.16861781697906508,0.0032213915256220395
0.01132391471946903,0.0037911045014462586
0.09186044131422477,0.001367687227042603
0.4699609938559206,0.007747869205063653
0.030076815395432277,0.004688267221943062
0.15032503370082395,0.00615850447238349
0.1151718593860096,0.004919290429944993
0.023090396569500626,0.0026079372079779203
0.0021982006909979646,0.0016424378689090418
0.12749858093377497,0.008355263265606101
0.3586486533901052,0.005420571060805223
0.039481799392035555,0.00283960410785462
0.10744707782163232,0.0057870515934762045
0.01966598838760092,0.004342689441291972
0.05065246688491243,0.002218094522710217
0.1158835068775943,0.0027484494132902176
0.12543991995153192,0.0035407886814766403
0.2003101549131543,0.00219683759663498
0.03744631839271051,0.002268516586175333
0.15350164424518198,0.005580113647261742
0.004752419337421543,0.0021083771828463564
0.10525141127669713,0.005969649290904837
0.05588730958606902,0.007412493602086767
0.09324178225932656,0.004987498267358742
0.10825347185613055,0.005088657183264008
0.12881292225443985,0.004797280484034442
0.036971355603611755,0.005871594224976284
0.09776816712741265,0.008435032607998811
0.04043274688001475,0.007247146725526674
0.25701504765453365,0.00345327298459956
0.023721907781180107,0.002247423633370371
0.06553062840401935,0.011170576345232143
0.004058694448360711,0.004342264477274915
0.03311935062868088,0.0021956235007467547
0.09984170791102542,0.006696452374390141
0.004755764156186615,0.0023042456935264237
0.46684455490168375,0.002355565996061222
0.05441347386425832,0.0024940299365509805
0.06582481405018825,0.0053204111870165495
0.054563277257727805,0.0029248592798857766
0.07648145719531385,0.0004596721643837932
0.11396550227925673,0.0034752851804620787
0.042694617037057014,0.0016878787506794362
0.08102214117872109,0.006925312538961266
0.006269291346541195,0.0019336188408209396
0.07573593177119164,0.006034223262729387
0.0008462002920737177,0.0032905469588657126
0.1461181660550892,0.005591631775182476
0.176264967449697,0.0022574971841960827
0.07140946787052371,0.006834956373898543
0.032613704982054514,0.002396221243638505
0.01950227487805023,0.009042588080029147
0.00616941942359972,0.0026418366947560225
0.021699779232562832,0.002989308394923125
0.015700465888471626,0.003201538456370659
0.31041846102141335,0.000708147912176963
0.5719224868189485,0.004783812798214588
0.17418385576991113,0.004862391515256076
0.03731605128530191,0.004279933575771161
0.06009555027685565,0.008293035739922287
0.16856161837375794,0.0029527879320836183
0.03539075758249055,0.004731901298583744
0.03575166772623106,0.0018277627125495544
0.16700520875724578,0.0026586407811733156
0.022742199626293313,0.0023687388431936724
0.05721602119558611,0.0003885536120006518
0.14498618825604126,0.0037077006975586293
0.21230748815708012,0.006901088074863238
0.1503803088308473,0.005913445414650753
0.0933784320394011,0.005640577244712876
0.09899029885019672,0.010161428357820083
0.08962992446981843,0.002184766099069605
0.15848876815795165,0.0024152752262119014
0.149250846139239,0.008214401294922112
0.011527965018274244,0.005915461819685342
0.2175928841509176,0.0012158085106436331
0.0013337544946807611,0.0024933318748410747
0.029822598533371547,0.0035223025839126896
0.04997904252780927,0.003515632098659227
0.24125578486274435,0.009973183287735011
0.220570743012388,0.0013769444945210452
0.009014496270765449,0.0025380822008343644
0.008153663627808783,0.005315413377021323
0.057090880190912685,0.0017015556582437234
0.12088990776197761,0.0015546235866436059
0.08414452659985727,0.0038278440833347934
0.10510972908696203,0.0007568370057401777
0.016561346886135198,0.004484355284764911
0.05168395135558512,0.0016711529286613967
0.3997956556623876,0.007730550941927044
0.2091492016606935,0.00529885146784493
0.16268988606981338,0.009207486599978176
0.010296216640085731,0.002196528892707128
0.2538800628557283,0.004745420785766463
0.4860884877522267,0.0024474164303211524
0.14530675413936933,0.00117759034932754
0.024669388597828856,0.0026256724594142453
0.15404293305903138,0.0034735939469074948
0.018033130955757315,0.004105528726783401
0.006728947415524544,0.008735034848950203
0.355008165844481,0.002824300704278683
0.03231377787079737,0.0033711790712179206
0.03449138379755823,0.0019860247661197695
0.021861970916518203,0.004428940597591082
0.028239977985663245,0.007582437082945199
0.0984311347045832,0.0027212867689367067
0.014084924346832395,0.0035216094392862356
0.060843894314473346,0.004802275649571378
0.011777191936459985,0.004282526016992628
0.2798339933085572,0.003145283440425254
0.00030166004330567375,0.0032915877759810176
0.04797973775976061,0.0030289284720972248
0.09766773847570676,0.007196055243281842
0.05126134435676022,0.001768411687595413
0.019792483551157147,0.006382267197261624
0.07483207093446254,0.002680921248887313
0.014232826214424676,0.006754206962918374
0.17655106733479897,0.00445366636726276
0.09287647463219173,0.002616801089244735
0.09772152791265398,0.006902280209895268
0.03861051169798202,0.00580973606936868
0.08197558644849323,0.00757948782969396
0.060246225152639,0.0026270102135525423
0.1772612422063844,0.0011002298754747913
0.030604930939944097,0.0029757678656596306
0.031465811823181866,0.005264569213548902
0.03412009171529462,0.0034529104277077343
0.14300416633295754,0.0025767190285398444
0.15463506340296362,0.0027831074324980794
0.03794221974055745,0.004960256415773535
0.08734209882902633,0.002318730498688772
0.11682640275938638,0.006596281069523087
0.03934152934459689,0.006542352638930737
0.11750388204222872,0.0039195470544406245
0.058651708360685006,0.004573665629269694
0.28562010241984126,0.008468126911680043
0.04848560518996692,0.004225168754076183
0.04737791820593884,0.007360546596801011
0.008996117893389055,0.0016529292323610302
0.060640916811905754,0.007091372341940855
0.02831232558935426,0.004824714136821065
0.05009169160513238,0.006914666242131876
0.260747537299892,0.00439453466298274
0.09228347561167993,0.006256308498622406
0.010990412136038685,0.0018278477948436961
0.0619796356646134,0.0035503651821193047
0.14497010089883133,0.006198938488565903
0.16707050511138277,0.004767852163014026
0.03568170143836369,0.009783777089417085
0.11676250229515972,0.0024191793776625623
0.19104932464699687,0.005099523002946985
0.01432468901265338,0.0012823840070827768
0.16226150042695053,0.006893632125661382
0.00836680778002119,0.0010997277912545016
0.026999239534973185,0.007052317918904776
0.24685978428243516,0.0026793274044768015
0.0276151387275263,0.00561462470641958
0.0016422137917402324,0.0004351981648792946
0.06945078890169043,0.005683332768626259
0.01314751192728636,0.002294839207034353
0.0762551210770539,0.007141459212643813
0.04451000330197985,0.003090503464953383
0.06812027864356196,0.007134348650514049
0.08211746427809885,0.010917287528515379
0.17657365862197594,0.004852579435736905
0.12266524204733287,0.005921248936068444
0.13882616538251114,0.0033362804814613205
0.1179219409656298,0.005851692712046251
0.46495098597131346,0.0037996321152033567
0.11716937025602192,0.00981515502057472
0.08853021672086925,0.005763423081644196
0.07895844421835818,0.005050556477689866
0.027195873753839805,0.0031866902578178567
0.02144538259079809,0.0023653535269523886
0.1576461388326038,0.00648342818391622
0.08592114959145647,0.002062133756227094
0.0384373372875757,0.0048192350209042435
0.007216818470396902,0.0018576237933512387
0.16853544687859312,0.0014888601550359713
0.008957585295320314,0.002464466590227942
0.09535270633273285,0.003636103214884988
0.03418060230512765,0.00622719715654764
0.07307655194426843,0.0064285829616476395
0.030614995379551146,0.007090911414590936
0.0934106254549647,0.00412433521472992
0.05434132338308473,0.007290548992894841
0.05514300586844456,0.0023632885702362253
0.10825645095138725,0.002515510793527707
0.018531046205851,0.0062158633521137
0.29390745798366424,0.0033247667247339107
0.0016911395038619048,0.006519028878438146
0.0968948216208787,0.0009860077224028523
0.03103819381442463,0.0037107810531950883
0.03752786734287383,0.005604040128925034
0.0072428296311386475,0.004508429803101149
0.04705838397632078,0.004401365278053983
0.013082064257559978,0.007385662667550327
0.25401363569596924,0.0046349870375879
0.13589865180279048,0.0010679423358420168
0.22216772394739337,0.0029173354149587332
0.16261512295147895,0.004274233671575851
0.11669719123199229,0.006860260695512672
0.03939901204648777,0.0027157757645410747
0.1058740240414977,0.0019480764398436712
0.0009887815406841582,0.010710586357879246
0.07935776989262422,0.005119520940082988
0.003508767307494054,0.0039024430920660555
0.10679169397275246,0.005350330733676579
0.13399528439254027,0.0018241163248883911
0.1141438112614992,0.004429746444997627
0.09949975684912715,0.001883368570205301
0.0193418859669805,0.005899816257231275
0.12837619244260168,0.004065459442513476
0.03448512744620302,0.004308586263491687
0.06522409987678657,0.002842943852901714
0.020642852140838386,0.004679241737120982
0.008348690083323618,0.002675067276488189
0.020985240990967213,0.005564386369703886
0.19672215157999062,0.00022026630039464112
0.12726229836169978,0.009972873240412003
0.3361286666255978,0.004783328194291225
0.05421018481132478,0.007643014918103218
0.13471767533417278,0.0026732821221458116
0.2797010342806061,0.004304278021931846
0.1640697642477562,0.005948165462831595
0.04008289931755371,0.0038642539484199287
0.1353098059981903,0.003335885296135046
0.24647728337311037,0.005206127020399713
0.01671735390613094,0.007040047544290749
0.06614869780599975,0.005180565642246507
0.009447514367309395,0.0044045270403198335
0.3423507662837437,0.008249225553417177
0.2539717137580624,0.005424757998778545
0.28597978612560837,0.0032155889629201487
0.23333038772341297,0.0001322198953848446
0.11870739060663027,0.00507651954845075
0.0019664447041805033,0.005169551510294555
0.04543807506803432,0.0014404362067559282
0.030741067493465835,0.00852828839552023
0.01171684215478308,0.006274032984512258
0.15926068294766083,0.008870756629100689
0.04004991013420067,0.002915966305202163
0.004759648162746544,0.004222155845936613
0.31741171698496373,0.011397890677565782
0.13971555507339417,0.0023819939581183093
0.25129479856207126,0.003668396141897298
0.18145937833713788,0.003823291392359818
0.07446150909208882,0.001334035879685921
0.17834086792140624,0.006913605153960946
0.11951677611529021,0.0076917649365754485
0.0931324158385678,0.004794238887521578
0.017122802855283226,0.006854581426578223
0.11730712906216922,0.007256566756980015
0.10960244196621716,0.0034744302842535037
0.039902528421578154,0.0021522741546437345
0.21550998947907374,0.0019938098253978725
0.016126360097700854,0.002180612916026682
0.2038362651954344,0.0076473326448164205
0.048822886112134256,0.004489323801749603
0.14198563934002095,0.001430969365863953
0.0873345351444641,0.004956281794718293
0.043512177515594885,0.010778158186820203
0.10859691919307579,0.0005565826449189024
0.0026493141337482484,0.0022441068729183865
0.0701752232207582,0.010758669522732025
0.12534545179465795,0.004600474596527986
0.03405513210208255,0.003746520665844049
0.2897090333171377,0.0031233969006586445
0.035146677041609564,0.0070146526482699045
0.016645293620456414,0.0021064318691778896
0.04022442143786975,0.007450614906819958
0.13968562497194625,0.0017112660060218997
0.030569303731795117,0.005644622064479427
0.1622476387885854,0.0044220394513893565
0.11458470322219227,0.0021195772024647833
0.21676985059406206,0.005366465140521085
0.319052322817015,0.005843855584432193
0.5780199151341208,0.006326846032617912
0.03314542165099965,0.007088719469352976
0.11119544359632982,0.004337487375449605
0.03795807241573357,0.009938363430720265
0.0749951141124825,0.0076718157288545715
0.0037372832989035487,0.006440361981824533
0.0030726922736334927,0.003454594708351333
0.024067392862946235,0.0007672090594169662
0.0008480233204863907,0.002688312604481879
0.05601169638259762,0.0025556619700136786
0.1946789549292589,0.0014818300932883434
0.07798495306673203,0.001628860303202081
0.11343199116026881,0.0018336879985241044
0.11968936723388879,0.0026883898704584044
0.02909983081866585,0.0024857078257965884
0.06355484297250769,0.0012400881915019012
0.04615220270738973,0.0057728203848229
0.13726239715293787,0.007875871494472162
0.07091123923299847,0.004221888578325027
0.062450300549926396,0.005351711428166029
0.03821290459484317,0.0024009102962355014
0.018802253900332744,0.003572346177102894
0.15575992527942617,0.002695150572257849
0.044103170954997495,0.0033443094556148043
0.12988137642315678,0.0060979442662079265
0.0006646285116289619,0.0036915982202767677
0.0548973898723375,0.004030528824360945
0.35419600002649076,0.0028121053274654272
0.12432170257653752,0.0066295516772154235
0.06718413356367137,0.002711777097829831
0.00603698254911933,0.002673481516390393
0.021127542645729136,0.0039919604666570924
0.007679280468494198,0.004601038298439587
0.1739037790985094,0.004713934528395316
0.03541385866503788,0.005328184832882542
0.05911216846033085,0.0028577043742379887
0.18464014090028513,0.0006846425014304863
0.09543500316254949,0.003916280889990706
0.09585422343900518,0.006169368024017731
0.07651074018929194,0.007481700980142157
0.0341477093593312,0.0034855244124939065
0.1098737903799929,0.0032864975484936595
0.31512022833345554,0.006150469233620681
0.1893618478073904,0.003094542909372028
0.010660987608389405,0.002304816483045372
0.051239284435723675,0.0038169823319591126
0.07803081117060628,0.0022443376950690556
0.044291624233380844,0.006025423511692048
0.08610716328547596,0.0036932908806504273
0.2085300933591725,0.007077189894120071
0.07248066287473875,0.002547753293731764
0.2256094265138131,0.0035317732285259943
0.08595345183886138,0.006932000445398692
0.4595932978907058,0.0031196349334969295
0.16400573003357977,0.0040031131326278445
0.11518625145350825,0.0023865403544977926
0.060739853298116486,0.011776006437909804
0.06514625250036943,0.0053521721534846136
0.048100320078674486,0.006567883411715442
0.050476867024087824,0.0061018696253374175
0.1370672664970698,0.002117539698598914
0.030046748645304433,0.002390033764205975
0.06633292101128063,0.0055284975247278795
0.0871959186767981,0.0031447841123393057
0.1395369970909428,0.0013975278259540371
0.12580427296001062,0.00043488506318416323
0.029004165370508872,0.0005940888661546692
0.12333292677493546,0.006216257848227884
0.03574879151898358,0.0026931709807224914
0.08406783512020866,0.004255896941251291
0.0037137446773840566,0.005322266932005291
0.33819936101468784,0.0021112117599616028
0.020045358021775428,0.004952789175729144
0.02664931335135634,0.006701567312001866
0.03926431359667504,0.005284670094715395
0.06326646246719747,0.004118544938665497
0.09797875030579917,0.007891411631521872
0.08761488161530906,0.002534647849726874
0.09199007877538179,0.004927263837115968
0.003205645055857076,0.004575219778051429
0.04365006924120962,0.003732284394527024
0.3677203233459636,0.006527204059993496
0.03983245540700864,0.004773834334347953
0.07518739688083542,0.00676799872715872
0.17611358645569908,0.001792097937737523
0.04752939684942703,0.0009438844724523665
0.1486071279929888,0.005919226463357923
0.06797785816928581,0.0011719663305745501
0.1695387362067322,0.003124199008177581
0.048531016969434404,0.001640615885166235
0.1447533563392085,0.005792593222972766
0.09912636338162883,0.009695573049287178
0.11230833279734043,0.003493994774568913
0.1784759876551334,0.006321151074518268
0.016841244074782935,0.005011512712450994
0.11493596570397813,0.004548898737284122
0.04628724055277189,0.0008932645642365354
0.17574385438211948,0.0021374744687161504
0.06493082805582162,0.0030130624395151282
0.10737823663981771,0.0032958114682154573
0.25730424175475264,0.000390551849191652
0.035616261136453886,0.006847831076808757
0.01857384424090469,0.005920239939502577
0.041651915985369214,0.003935649112499107
0.048237385768686636,0.0035322853059763025
0.1030405573408757,0.005058441526156805
0.08916713882973681,0.0028101369009774528
0.026799975109781826,0.0041997658493903465
0.19624413534711493,0.00427945673310087
0.12425749383066886,0.003427595060296536
0.09492103710766742,0.005087780620562979
0.10236351964687174,0.0022660879098537166
0.019322924255448015,0.002247429998872459
0.030015930073147956,0.006254379416478233
0.13665022418274475,0.0022289148992840806
0.027982754686775024,0.0026008145089018923
0.33275318016535493,0.005904920403292502
0.003142262707115151,0.00367733274351243
0.06715475530086223,0.0044848649778430946
0.08545555434307062,0.0057802959685593035
0.09217413356611814,0.004506535784872829
0.4724576149995414,0.00293987801365043
0.19903886871384202,0.001278597833820184
0.34070418163389604,0.003422305528275125
0.07110186910188077,0.002861109547790866
0.19174408132334975,0.0031374883074536896
0.031061245142041116,0.007841527467627776
0.007724227015273755,0.002962849771897627
0.017415783895785353,0.0032704250013631535
0.024852696503046445,0.0016445424119703523
0.0024517261920777855,0.004224541436271695
0.04305879578453187,0.0010262669809021603
0.1545438314762464,0.001773190479194754
0.10113388811521418,0.0020111357914738637
0.30894841261545025,0.003349724643950481
0.16105534966237656,0.006547571322580659
0.017849852167501012,0.008551571783303449
0.10449979970292134,0.002356544221943184
0.09363027821569858,0.005050798342355598
0.04324825024923484,0.004915381955818493
0.018989523170603206,0.004286112609679749
0.21142906701180664,0.004559364643222291
0.38939364172659907,0.0037321611561520625
0.07178612171401255,0.005656859626314694
0.018253638942042016,0.006262600676691769
0.03200571515088768,0.0059751399238400565
0.2126737289888183,0.004584132271286826
0.04700191854340119,0.008210711878081197
0.0023261870629767145,0.0024074669684168663
0.15224591730515158,0.006243959621168468
0.17732792096325056,0.004736642439642512
0.5220013165467208,0.0068560139269986855
0.17099669465738998,0.009584538646471632
0.25288715579807786,0.004403050564420997
0.16421592865935963,0.004226697314421568
0.13024404323346062,0.0029777851694884195
0.04970414508613885,0.0017580399845978363
0.04321661589926862,0.008319872690760106
0.10582862240335089,0.001144482422815317
0.3569428633234111,0.0037989073177192353
0.165383925248193,0.004081726137462375
0.052087605519091085,0.007059066869010838
0.008157974818573166,0.002498207589256281
0.07655409530991619,0.003065533039586702
0.0038963617299714315,0.0005357131755093987
0.04957442217175867,0.006107839866151817
8.747998947455926E-05,0.00408050943411581
0.030722123418854608,0.004065597807584286
0.1385779361544337,0.0036943942145193087
0.07334186914067686,0.007219463414988943
0.034965582030736186,0.001628500028919572
0.17715327984012674,0.0042553317955836625
0.018666848405814562,0.005184037876949553
0.02972009544771481,0.004022678410162272
0.02004153295672495,0.0015977107362302116
0.07666602362212416,0.005705644505215008
0.07721384225351358,0.006074493442828206
0.05214725684572841,0.0036459742954420863
0.34374598701424475,0.0033388111367930492
0.032222305609252544,0.005943124548036502
0.06784553569491436,0.000881039649949828
0.2526797688976785,0.0021937980240785957
0.05429444632363811,0.004005174488081247
0.003560500363846586,0.0037689624857707455
0.027973631201007265,0.002433666923917983
0.010232480392460275,0.005667239537550612
0.1595444642093753,0.0024184251307268053
0.06988202391778486,0.0062944217918241875
0.02659032776557524,0.010325751554319518
0.08159364690050097,0.00045157975229019083
0.06887816432868021,0.0033834253660226373
0.04691107495614233,0.004376728451138889
0.01494129168577274,0.001552209485706274
0.3505573150781629,0.004976453578485014
0.0338131425356778,0.005647510681839291
0.0609999358063078,0.0024855308452656102
0.05618153496936884,0.0013182129066693304
0.0028794788345294364,0.0035771622053184233
0.0035093217981057023,0.005885742030601307
0.08733946123300029,0.004268070225829993
0.11976212682293408,0.008431055074399318
0.0009002453869015881,0.002211642359943644
0.012262362636420221,0.008734280549699897
0.04982036835372128,0.00470606583738555
0.32163605597509104,0.003540182593375195
0.007246161669627327,0.0015685914722883688
0.015108201360590101,0.0027566320852403093
0.13748606638944239,0.0031875436994185766
0.1359308914805979,0.002007299668999973
0.0342355898999358,0.0020026187593881906
0.058880830114503624,0.010897928098707491
0.12044459650974204,0.0016189543901244765
0.00882481645385269,0.004394674335794974
0.03516695971597983,0.0024167151264055118
0.5584779552261807,0.002691877226408209
0.34380952271590104,0.0047138774022384
0.01795807849771336,0.004705964069673036
0.03297767261778972,0.0028775250676093475
0.0246180853257556,0.0059355018695303186
0.018866483149054147,0.0036489780372838147
0.07844778796970786,0.007926395733511078
0.035404222925649265,0.004819286475629766
0.02679264973608042,0.0026384238456410238
0.049545131119316466,0.003859604668120875
0.23713272704662813,0.002344483110917325
0.05665317282580418,0.0041030191956437975
0.026369265017933685,0.0026875723856937643
0.004918307850857673,0.0032830612568545076
0.07388633915172704,0.00625640833701124
0.060603393534051975,0.004249021335666666
0.12228178130942524,0.004159333646819802
0.09255350655530492,0.0015139199060175668
0.06365874822017759,0.0017664923088599985
0.0224205393263901,0.0030183231203402845
0.07957459257841037,0.0036562955752719143
0.15698368583264255,0.0025583034626748503
0.2281071889760824,0.0054710166081084165
0.13904612592295962,0.003680262429542081
0.006434803762090269,0.0038737271340227543
0.22001460393505567,0.005767867409490784
0.04852428503545525,0.009420639297907749
0.18357445867115985,0.003296651379538895
0.49677857214896903,0.0036715441401059434
0.20221561187179304,0.002261480076810398
0.054361192526471314,0.00320633303561585
0.01589304232595623,0.0036440014151248395
0.005369956139816168,0.0019405994733183174
0.044513302140899214,0.004408692969937046
0.01774749555602284,0.0049897809145122
0.0278106862531331,0.003690987210074761
0.01409145034017456,0.006335722317498599
0.010021887870721002,0.0031771953066162244
0.2591772303462676,0.008369452465639271
0.15449207367976214,0.004604699631896476
0.21253235484095967,0.002128490338159843
0.16939030217736217,0.0005519977649483972
0.06371805902699634,0.003141608700522833
0.06810880084117343,0.0014084923313468947
0.0950589437477447,0.004807810776629008
0.08968899709816469,0.006190148474312256
0.04150039835417374,0.001745132867849213
0.03432857740824602,0.004244626132766721
0.256062542352538,0.0025463747519617165
0.10938186604778366,0.003741080941814263
0.03961570656065305,0.004458731429182389
0.08005856647196197,0.0018099025426372142
0.20610981672041362,0.008221243166144513
0.0008545661664811632,0.003857297245273681
0.11434308206059995,0.0064727307803369065
0.36568643453722416,0.0015970011728033864
0.011631329356077913,0.002260755661587495
0.07858516110547953,0.006129891356361029
0.11934321574858586,0.005686303690429916
0.0046247053685419814,0.0011663134245259628
0.04269859640521645,0.008330763361927597
0.00780581005710701,0.0032618806289863743
0.059640470071713025,0.005634950531446322
0.24417607404097907,0.0038504816402514935
0.11058608076268683,0.0012079662187244036
0.12800408140151376,0.005381335363849779
0.04570603256706818,0.0006539945024121002
7.163478824168124E-05,0.004030335692000316
0.016640695895034696,0.002017861208425528
0.02290950881081244,0.003503794404690211
0.02872000243326056,0.0025984405372209826
0.022522836134726276,0.007033054640049195
0.11507017896383331,0.003776338664263003
0.13641421794170583,0.003425554910591912
0.14381285490219398,0.0005696932064190934
0.37790419289831334,0.00018382072001853406
0.022219423487285894,0.001989237776187705
0.0938947617987651,0.0027513227005482588
0.09300368216008792,8.308846152440745E-05
0.005289462507334974,0.005091537367684498
0.17687044638569205,0.007333167153400196
0.027607613777377082,0.0017047792926655927
0.14194575854787672,0.0059873621075317695
0.07658182132342972,0.004518900133043935
0.036605808183026056,0.003283427388059854
0.0972710647824897,0.0066098760960936614
0.02407825282000431,0.004025821562319193
0.06783744036476946,0.008937183005485478
0.014268618844994307,0.006175073757765955
0.024024496839956555,0.004882636983745041
0.14400059149863864,0.00512974163252123
0.06961120680807653,0.0011593298742192807
0.5692137160652919,0.0037202309885358974
0.19404715496364133,0.0007352919866447431
0.14579960973821926,0.00607041585610035
0.13560908852662124,0.0038443540745684546
0.27061886973058336,0.00533689068554584
0.16170848993340314,0.003381615526687385
0.10893507392609081,0.007828666274686025
0.2998062374283563,0.00523812415430654
0.18947176087988282,0.004332330080402407
0.1398332337072361,0.0038537879490893137
0.14313726567468166,0.00652375280874906
0.001453966171425236,0.003583010361795021
0.035255855670925484,0.006038126102358931
9.440379801617382E-05,0.0019240645956855175
0.17153311769038737,0.005532483602599928
0.09403242802784462,0.0035807864120077854
0.17821160191226681,0.005836158825653841
0.039341203743788355,0.005836207260667071
0.06599597277840985,0.0045525866130759355
0.025830807921465748,0.004114157076444314
0.06015178962252321,0.0028998678616727275
0.03384947412916972,0.00294809052751537
0.10395583711385825,0.004866462824064787
0.014031494942969402,0.005360053555026946
0.028335055203683623,0.005676050049838475
0.07045463879342151,0.004436898586335628
0.007598127496407869,0.007173246649536699
0.013027470946894937,0.004139823353664912
0.026424656349604447,0.002127350479075192
0.11471382079059822,0.006344227761512999
0.037219740197883766,0.0011800024972822216
0.08059361654841268,0.004074358955489677
0.20316639797260905,0.0036433370382217937
0.01530745944330647,0.00372180818244833
0.03531487645420839,0.007930267241463526
0.283881982167145,0.008515999563472678
0.016331351440612707,0.002813086919238802
0.008506948830813599,0.007435633413060674
0.07949821058355155,0.0002870053136929232
0.11005008018003082,0.005324711735950587
0.09362023832773048,0.004687483600787883
0.2702699276404701,0.00871764685931083
0.43361047564246746,0.006190242657014739
0.07996779020027134,0.0056085261544564545
0.2683936781808143,0.0024916951001971816
0.16564938761314352,0.0030378365156288815
0.1571730264507778,0.005242580418151551
0.13506392262718236,0.006610513873225271
0.05196035389656117,0.0022977037427473535
0.018690127451691296,0.00013810769200682627
0.2790416554407784,0.004442374702468172
0.2237627415922816,0.0028196753720508495
0.18089184804841807,0.003188598169224184
0.016515539398596957,0.0010925995221725232
0.027590730362589966,0.0036416948773853215
0.01430410254704384,0.001211997881058549
0.1379621615292308,0.005083476902142313
0.0835581593759116,0.00531563187688542
0.1521197810029662,0.0008154388417025318
0.1155151984769418,0.007251938792966172
0.16351146780141335,0.0049099820957223955
0.08649995263579058,0.0015811739689962924
0.05054287893221954,0.003718248185427821
0.0654664017675941,0.003619019416798586
0.1879032627673496,0.003946030244996719
0.02302049831109798,0.0018619478292516438
0.03342447721320241,0.00254553658513973
0.31751678218086,0.00243929786722758
0.010232743880351336,0.005297543104511488
0.4143497907788287,0.005270368274793835
0.009964590345589386,0.003365268330481915
0.013434716125175328,0.0029821704624662555
0.054229527460620375,0.005537232316452326
0.2000227470310847,0.005004352020809924
0.014093589540721041,0.0034374788438884325
0.3369338034174234,0.00329883870223826
0.020003975446797995,0.0026204983636723923
0.19297948204552995,0.007622548874315461
0.06931124572668068,0.002971034965000521
0.12086606479795137,0.0035677031887200463
0.018183722366188704,0.004740653276468438
0.05257343494270117,0.004135520451339781
0.0255320891789097,0.00948190989768936
0.2026801632785009,0.008311948686645644
0.07452406376614817,0.005012782073658477
0.07486464489215905,0.0018233203976468074
0.046365242587057764,0.0018931728612830575
0.005363920865079308,0.008921059048898027
0.0499381686641982,0.005333947104620959
0.013553153777934313,0.005468175559797332
0.14609660724011064,0.0011076216366935707
0.1780330967262671,0.004371872162651439
0.08565905131604268,0.002794723186438651
0.02776771272363021,0.00620825366591048
0.15800371762361465,0.003661080737185632
0.03736330941819688,0.005903950658385438
0.23079464547799944,0.0015081331732893178
0.023115094548643356,0.0033232174728796814
0.0684904519630436,0.0008254423847802991
0.09127066718610877,0.002167435558311034
0.026965683632056425,0.003864108943471998
0.29109359074618624,0.006259691723631015
0.044141176549715055,0.0064657508165177685
0.0056563468033346,0.0031114801567006314
0.11623943025597328,0.00822633381552438
0.35258883573044386,0.00543152681480545
0.03738825621314845,0.0016190625563952275
0.20370525350415392,0.004883847395055944
0.07655433806201017,0.005806958319150587
0.1728566509960956,0.010749624309520896
0.11702618469882964,0.003380583001895298
0.1766146894809708,0.007663573787248042
0.01570618112145894,0.00425511310203714
0.07873439144373151,0.000974451784623822
0.21749452401672897,0.0035166890492518894
0.2175056093284411,0.000874239853069895
0.1798171533993127,0.0037205882735212837
0.053435680744655656,0.00581861090277164
0.010359048232999157,0.0022938772085275986
0.06707894110934376,0.0020564980328088866
0.3008770943612262,0.002645758354138649
0.13176602588328024,0.003706884994824072
0.32012575280509736,0.004452387575864581
0.09338577038488438,0.0052488979129235655
0.030995967878197916,0.0019253405200956458
0.05261590080897349,0.0018910203240408367
0.026691986018022362,0.0011509471248932976
0.08206988779045332,0.005010921267330623
0.03323798280337087,0.004976809293265201
0.039914492936759416,0.005163770483778654
0.17909918218924759,0.005851761973990126
0.11264024427237018,0.003618697906336844
0.0402194683288144,0.004563541532904584
0.09831253974971332,0.00640308554614073
0.10660645592236051,0.004649421286474528
0.013015824605986381,0.003771358168995937
0.08269375638883503,0.006295637325715773
0.02017203081425123,0.001341655655023444
0.05605102826359598,0.006101864610955932
0.02451513136554695,0.0018935988669970573
0.5549171470612464,0.007192729747742386
0.04481301544080907,0.005795713444715299
0.12008810427039407,0.006518010723615323
0.02994177301468426,0.007245752413008301
0.17112299111408902,0.009886654570817478
0.05823490043064794,0.005953510009620576
0.07163131823983804,0.007148225603626728
0.07804538927268823,0.0036566169243853323
0.05409284275629034,0.002497447878277794
0.2515028406063493,0.0028542187064362905
0.07351150501347092,0.004703838077041777
0.053620362412743816,0.008442805531556236
0.1603053119008564,0.004743380861083103
0.06749612178055031,0.006014279020221411
0.25742248296057824,0.0010388199520174133
0.05122432355528872,0.007947480360585882
0.24194966144625596,0.0054961583069346506
0.06099618492703485,0.0033635608319927245
0.10438886620590893,0.0015648596921297336
0.004874497103969588,0.0028158395057293
0.3800314297551495,0.003168810143604032
0.30586516893106364,0.00818453660907848
0.032854446911755986,0.003322618810930902
0.14056982505803717,0.00641271214497813
0.2729657613895142,0.0058149699232857436
0.194201856381369,0.0013747551781280976
0.022244497742121894,0.007617554792028999
0.00478908208356188,0.006350723777225832
0.10028826399707214,0.0021600828592775903
0.05206621012121104,0.002798651231241385
0.13840997419902124,0.0029108048757672763
0.005054970328615127,0.002274105685750053
0.027195453282615745,0.0018957733676964077
0.004523820342683393,0.006250765304401084
0.013308235755630449,0.00288034492016401
0.0026445762244975413,0.003473852383422182
0.021299683590768836,0.008021348040299721
0.15683734156482387,0.0030919429826262532
0.02367036209386697,0.0024072650418424683
0.11768509092485147,0.008264769020716448
0.0787293674012517,0.004578561683370157
0.14055969574485516,0.0014325494611759082
0.1390001227960056,0.006981140199113015
0.02360841850406814,0.0043697615607389976
0.06162078225906953,0.0020056127231559582
0.05952170203511287,0.00763859488749289
0.028027838868638355,0.0009924902326060938
0.08373144316215075,0.002693449620229446
0.07278422224806036,0.004483416845510473
0.08982301732646647,0.00500585252639338
0.08199685157592285,0.004417069598600625
0.11837027331296213,0.0016907859438965972
0.24733229328501238,0.004120191845131533
0.015073531339112378,0.004611372763892375
0.0504511904375704,0.005396219241670378
0.010848933218198908,0.003576496765540753
0.002610320946473621,0.002231852982586884
0.019845964853629994,0.008103319115699335
0.13114603679241554,0.0022224760518140887
0.23870442840689066,0.002209993431377483
0.25442682220125334,0.0026737978754326278
0.12098393792996376,0.0063299849068615705
0.044740015480215334,0.0014634198403155575
0.08531483164017573,0.0012053390694756613
0.023855282735212313,0.006443763429796844
0.21946598225713387,0.004754699140763864
0.027115220199675605,0.008528435959120584
0.046809887476797485,0.0006171519094530155
0.11093368454453412,0.003689508183577195
0.1503594606634806,0.004497685536408988
0.028555662890767053,0.006860100148412884
0.09757455379519797,0.0011726730739755476
0.20205280124548608,0.008958996644272143
0.08096967999779281,0.0031557474396004433
0.2818166817286283,0.0012569825199076148
0.02067690143485379,0.0005692802357737702
0.22872129394625063,0.005614189925206448
0.028683395822099556,0.0072557516544427166
0.03331941535759597,0.008589709859634656
0.009182903217151761,0.0006693789051022365
0.08896329405695269,0.004307660079631081
0.13374499690155517,0.0031838013931045138
0.0975693033232119,0.003720173135372029
0.08367518502518578,0.0075616766871278345
0.007911914690566846,0.002941792488637044
0.0917134419711374,0.0014525547784067466
0.36321132066552764,0.004075763120761134
0.02470113123115425,0.0023129989041553115
0.25111641158639486,0.0057545821945404465
0.21082418554851756,0.005419054157932461
0.044979854604548564,0.007005944277661329
0.12167323953337927,0.0033773592591084373
0.01656208007807436,0.0013795033867522494
0.07799477750700134,0.008455615564905794
0.09398924295840061,0.005119998361140787
0.06439568864766443,0.003590188901297097
0.030579519956631884,0.0031643716349768255
0.016212434013368693,0.0004286879834740216
0.06439854253778776,0.003186760237244804
0.06412029342232017,0.002881395789783368
0.08507821315845376,0.006469001655238174
0.17048368238590683,0.0038658730012982125
0.05967791224759367,0.004825901513847732
0.37902824688092096,0.0036256977927202195
0.0029724371461270493,0.003560236454545162
0.1734297211772855,0.0037578469520810447
0.13146265893783493,0.001502360925717265
0.19880198761029533,0.005946839934670301
0.04831558031105487,0.007445756502546286
0.09799304086470784,0.0016086633767801132
0.15597083556122016,0.00675540075805335
0.12171545386638627,0.0036580624271490433
0.0009195233569698757,0.00269894975637184
0.029122597875357314,0.0045550660081792324
0.08388224027009983,0.005029921386842199
0.004732297921464124,0.0043829425879460685
0.06476190496243817,0.005736252745252353
0.020818209941808163,0.001115152799929365
0.13531103908621844,0.0033941470969373233
0.08861815637646941,0.002425079245844686
0.4425244171633267,0.0024129222081204094
0.04909850173203267,0.005074417566742445
0.15323223752398007,0.009766338407158714
0.11692295944533271,0.006183946860582354
0.05730265747956764,0.0030434413386002343
0.013921861766903021,0.005193440259886356
0.1753423971782695,0.0057937191700446495
0.11125674797017382,0.010886020838086971
0.01381540046986629,0.004678760072330105
0.021946467284351456,0.0025204198421224636
0.07132058103195504,0.002413322704219935
0.0478276375298492,0.006673042782859615
0.11692510497596231,0.008974316619956416
0.06659937032816288,0.008683855183159292
0.011759694448301161,0.003995304990585807
0.37983604554563044,0.0030953989683846304
0.03688458346016432,0.0029708845882033723
0.006422523307037409,0.005475983457114633
0.0012596814849530347,0.0005901275892388546
0.0006177136466476441,0.006308141928768337
0.029756528601751597,0.00385701237845976
0.14889335688485517,0.005983713876751063
0.03561748254628583,0.007642497595331817
0.010305884460535708,0.000985562707589874
0.4056169000442651,0.0017717698723006341
0.015786990747301388,0.0014024051764679303
0.07297675452412022,0.004542018406879656
0.03248057163636986,0.0038887589014453047
0.013868221086681842,0.004196894533251718
0.09821020661718194,0.007797702601528465
0.03260770868769214,0.003935685784177599
0.004312161597908926,0.0046018636841820846
0.4675031121498705,0.015503862922995127
0.3298599198623151,0.002146715972367519
0.08708278386882284,0.004916122564530075
0.00486478403502133,0.006283720437897732
0.1663370390857608,0.005151431525876849
0.19669980900710016,0.004819142516488835
0.08928417657546106,0.006209923801153625
0.047796037248758694,0.0014647122064154903
0.2123248548069796,0.0027946719093597887
0.08696066356856136,0.002255409373510144
0.06169297534677298,0.0013601530482610054
0.002633130606341183,0.004035052813334454
0.05438682145916118,0.0022051805305587134
0.09888188208083193,0.004662000994811633
0.09578130391344075,0.003443798311821378
0.227382076556637,0.006691090904514987
0.045493760752037815,0.004626389883554885
0.12629318375854837,0.005483045846582463
0.041679857572262335,0.003707446576697851
0.04641628250590202,0.0012057302106110589
0.028872614904344118,0.004302866506411665
0.011256994841460255,0.0036439781968321933
0.028107562694231092,0.008749752225687323
0.15885604460720515,0.006811788080021041
0.007069986848705412,0.00668249659159973
0.14561379940914776,0.0051276733480151845
0.199996868664698,0.0016312935523948866
0.013063076794992412,0.00725084833692658
0.024305482002432655,0.003600786337993507
0.11580135068265918,0.003928823320141261
0.31684379373223237,0.0025039729248628414
0.03495091983916154,0.0029279140542901993
0.3146137691576314,0.004011102851561205
0.01899920466325966,0.004089588692087121
0.12747934032984176,0.00391907033042019
0.08440335139357558,0.0024802645235405428
0.2338014750990851,0.0017376746639093477
0.4623520173988709,0.0023714081347969164
0.050015594532965224,0.0066824467799315185
0.06364213881442993,0.004429810168657239
0.07991504227868518,0.005372658860587622
0.04952032046514887,0.004496574342068566
0.01973841866015391,0.003365334653167685
0.2129913782789572,0.005938233161752812
0.04606228035061122,0.003449712849452071
0.1450921486500647,0.0020817257718612225
0.17158997946376076,0.003824183322635852
0.11080215239417157,0.008221025205076095
0.10416802306508544,0.004333361962512139
0.30831619072557714,0.0037723524840356636
0.01575643534806659,0.0026614757316561015
0.5481104901796243,0.0005502700885769824
0.17988004689470927,0.004183220833274407
0.03912496498173823,0.004594073460392387
0.028230569623588053,0.0044721245357913705
0.08073540847544791,0.008997056166013043
0.11187138031857558,0.001740478852935218
0.1926144993338994,0.00691946825681031
0.08700781713002925,0.0018402969254027255
0.09260712764660184,0.0023913019709578395
0.004484128537342258,0.003170072010082168
0.33832944290998057,0.0084464140569945
0.019113203301685644,0.005440472784743217
0.27917807631638425,0.004673311061578485
0.005429858546904143,0.005172018919098457
0.061042020258128105,0.0012755659226854222
0.04363686302201586,0.003044401755735478
0.019315840948706864,0.0081770439300595
0.003709548252913919,0.0017678992292945435
0.00014925355765171844,0.0025785810264368097
0.08417929307245231,0.0020979564334769815
0.06222325711121357,0.0029838685999144304
0.01954563323124603,0.0009367436692419875
0.05524324727025487,0.00543159506344466
0.05879656208094275,0.001095291461980807
0.16871976551044554,0.001481082087055144
0.004730389580458905,0.00686261376450565
0.13667894356569832,0.0045216106903155405
0.022273710981494332,0.0038687766427773925
0.2852997589291135,0.0044519399677072705
0.04930232102174159,0.010322940734703296
0.09764999092749349,0.010342780131151075
0.16275632698818754,0.0020519135237574964
0.05286761625859526,0.0026495088221648536
0.2394091639509952,0.004626241456051784
0.24244433855028547,0.004491238904814611
0.1681798013421485,0.0030224724025634704
0.01789930215318236,0.0030559767888932044
0.3115007763990434,0.0015359946291878827
0.10029695746015932,0.003222255506333618
0.2184715120705505,0.003156287623664981
0.032742402168764784,0.002120910062548096
0.1677271447694011,0.003673480102796293
0.10806550665301984,0.003681804895834212
0.11486480218366069,0.0034323912579676454
0.12516300029597005,0.0028774794551579574
0.250230942138046,0.004538436825666955
0.19261715862319306,0.0018634573593331052
0.2175792382462305,0.0007296470488195504
0.07371326420707192,0.008512246161128853
0.02652415807347097,0.005869636234818796
0.14543895663268813,0.004939458451298286
0.11812941632956608,0.002456795513304374
0.0008870392055086995,0.008647949756063417
0.16214374877722548,0.006434657253804456
0.1694025618306796,0.002282430776456356
0.03799294703173928,0.004172802319321179
0.08990724708792186,0.0016843037372226578
0.19901145910114337,0.00558480039287059
0.03540548660021159,0.0029089425669863423
0.13497945766278008,0.002325395681895024
0.13948071792208339,0.003547498101843914
0.08179383192896239,0.0020720986673974113
0.09837781911073762,0.006325273853720943
0.03843996816760864,0.00320449026145658
0.019915651727615113,0.004840215905550133
0.47057765892816406,0.0053850541883313004
0.03981245394220423,0.004208774154355421
0.0613609326991309,0.002422007622296985
0.05717591172390257,0.002769340425359407
0.0733779642744139,0.004272706346184457
0.10967684358593033,0.0011786502790750192
0.06662590364680909,0.0024991682827824172
0.01762861608631283,0.0027847969935568396
0.124884267640482,0.0016892571626566362
0.020386011061873432,0.00942086684119688
0.021540896299370615,0.003953292626152859
0.0759073739662881,0.0027890725577007476
0.034369672466368684,0.005231575184664533
0.0635046214048316,0.00655925003725926
0.01832504521496503,0.003286052849737601
0.09237826026082985,0.003101753362899102
0.033890145111968195,0.0029686204986914904
0.018890834802164136,0.0022535393625372573
0.03216341170877968,0.004929713252401143
0.159514760715183,0.0025994657149646084
0.02829046462147744,0.0025565569461567087
0.331271109003751,0.002391415753305181
0.07704709505571827,0.003509066612329575
0.007219918549481008,0.0034037031397438897
0.0067117991386567155,0.00739827364371636
0.07167475883352381,0.0018669649870656677
0.18191472416469878,0.0012514265726393493
0.030475469644898112,0.004145051537843433
0.06443228655518851,0.0028452204337109195
0.015885302508422683,0.00471150974507239
0.014405713802148057,0.001652696472786877
0.1000723688304106,0.0008439582232337263
0.1778587035939836,0.0070204019502539804
0.16623956763555725,0.003703089682657438
0.23090505255936478,0.011097278302413608
0.37388790402656014,0.010511396487860375
0.047229554365685544,0.003098955656959234
0.04676709902014409,0.001218601480437287
0.21849157923645635,0.004433975882750596
0.14128458589323145,0.00790714889806711
0.37308554515425385,0.00725716410438538
0.2624646120905254,0.0027263266559147225
0.0352406140855237,0.005451353822832175
0.027691139417811428,0.0015558754444169357
0.062191302576593444,0.00678359092538444
0.0029769690504508617,0.007984126218301324
0.43806241750644404,0.007083692054620048
0.06887099297375698,0.004079045031824536
0.16699801767992994,0.0069602203323313235
0.0203836605911647,0.004683568091631449
0.06593710402637498,0.00658666378388784
0.5097405810463442,0.006173644561630154
0.06450128849121484,0.0021610318158359885
0.07484476005242868,0.007097522504593606
0.13253246099623084,0.004311657615011455
0.018049615485438153,0.00291280492497087
0.018749877270238358,0.0062031589418055765
0.015674011253736353,0.005845174285537363
0.033692236420392874,0.002316936287896913
0.12825428696737617,0.0035000964002256303
0.2671488323801441,0.003383367525148891
0.2787672225969118,0.002067519825167758
0.14725887213990063,0.001426162687328196
0.11052630186384249,0.004737316520447353
0.1516369270652831,0.0030969615482375687
0.10570768061415947,0.0033832683661178076
0.07091657439093524,0.005932625377847965
0.02385292799533545,0.0033378793140666605
0.29851167913750487,0.0019474784836982797
0.2921626216001414,0.0051500799805524414
0.01600934121950104,0.004747221556694573
0.09470364177980173,0.003187970090421092
0.0415923167793153,0.0049565581130175
0.02561317180561673,0.001600692472737048
0.0179636083545347,0.006565072296297363
0.023950149583356506,0.005170605273019829
0.20445894454610425,0.0016750831187701272
0.10238527613455517,0.003444775975039631
0.03547315721311861,0.002674920310936797
0.1779598635715729,0.003076615934066664
0.014149032753039137,0.0008132417377117831
0.305316991321547,0.0005824549559486352
0.055009807418855416,0.0046196454803824165
0.0671932041494756,0.006508153961290799
0.1425878974753232,0.002632076301640378
0.12439887328559962,0.0031006417121521293
0.06246627697009899,0.0021574543765344838
0.08782134520811269,0.0024226643795054225
0.17530792661921168,0.011621083404899419
0.022415078836615976,0.0036279298218452752
0.021661873110474517,0.002198817887327669
0.09318079327965734,0.00722146628491394
0.06005161045754903,0.008822535076995406
0.07985517954170973,0.002722841147293302
0.11871271777658876,0.0023143143086568193
0.0067066765393519745,0.0021685597765325115
0.007890729501241367,0.002282218165455658
0.11976243707249523,0.002838224371190488
0.1805289732554911,0.001564155140889981
0.06697249981709774,0.0029520781654073787
0.07965082455382344,0.0010305178197305411
0.04865978457667097,0.0037588712488835023
0.07688929813707546,0.0065195310631920335
0.10591367933807305,0.0029963173284618485
0.013108620782759317,0.008751658080482692
0.1888413271361742,0.007787463558301239
0.003363286527587661,0.0030437793661296526
0.06314413892380344,0.012969297133978711
0.011782875279436666,0.005666927186291984
0.025848751958278626,0.004967144540752553
0.13798997384253653,0.0035302524474704142
0.016217110584307193,0.0052607150778226424
0.14187613418062028,0.0062014472002789684
0.012799135785598992,0.0037357874171027455
0.06554516533003607,0.001937458981900361
0.0357536980752684,0.007384201208369258
0.012353139593756168,0.000495388202050708
0.22844546904639174,0.005336379134719683
0.0028029399225033558,0.008246675056191038
0.08912048311674425,0.0026587257177891756
0.17344733378536148,0.005845030400439291
0.018912226027055112,0.0027455255311429126
0.06815185919867872,0.00538772467722453
0.015814820055879864,0.003968854053712037
0.1425004646673642,0.0026038002897588704
0.05995778136775698,0.00901316379628085
0.21481228641869166,0.002212827969667414
0.4842764538444726,0.0026831938793360948
0.13465558475593298,0.002529457174449813
0.1043675733199052,0.0038064705565275508
0.032859858099300254,0.0053902304899393775
0.11235995806237042,0.004026275202016639
0.015379697333855802,0.00044613350564662074
0.028912089558048137,0.0029747734985069315
0.016881849794344816,0.0062869608036658815
0.03874063071202727,0.0074507435187160425
0.03306992072793946,0.0028163155368461216
0.1358223747969305,0.0080134277241935
0.12785125626783156,0.0034906782977237676
0.03178760526293445,0.0012497076751380486
0.046954540321394234,0.00313864154862894
0.032871737912159915,0.002357412525947372
0.05248077887074487,0.0029236793439440557
0.1127120620964206,0.005245682488085313
0.18135367529532687,0.0025056270276182725
0.12395645233289088,0.007628502790257987
0.04054303181112573,0.00425685755214243
0.16940739546646455,0.006309131464536341
0.10440653108719289,0.004800134641701006
0.14303927082119117,0.006429475840505085
0.0173256811237934,0.0025964025302325205
0.06689100653534297,0.005380852916861776
0.028420816704965546,0.0013798639025853425
0.26972464408561336,0.0014599914888875829
0.028321868607918077,0.0008487840012560712
0.35477088606592133,0.0021312600462873254
0.326493899163097,0.0011367822998980712
0.10648768140254106,0.004677230128256734
0.07103750736257552,0.009489945348639279
0.019020053335111697,0.0008822210437223044
0.0662742081773331,0.0010152767318441283
0.03802598588777073,0.003465917746990413
0.016127557952017924,0.000561650796033641
0.04389633984965258,0.006817643300723608
0.03046950843850027,0.0040788487195501915
0.06170696561719069,0.0009931494619104906
0.124481278214148,0.0023404925728934007
0.019527845784296005,0.005063530852623085
0.21219892410715602,0.003993015909744128
0.046618161189030616,0.0030588476315389305
0.026972687655870686,0.0023299378444405646
0.08120561395980985,0.006932258266002292
0.4371101806001434,0.005332036266860966
0.08428386745890748,0.012326873917094644
0.21391002689813376,0.005099706030562993
0.050506831016718934,0.00817189974307442
0.1416806834262161,0.006331056606274298
0.08444356652125862,0.0028329919062532803
0.1236376321313628,0.0013224110840004929
0.0017582755206149159,0.004809328313448525
0.1045189927717729,0.0023608800633391214
0.20393673661078537,0.001077015444995462
0.22975054040193754,0.0014741870140241465
0.01082765821877274,0.005999349666130064
0.006035277542764561,0.003839044125094139
0.15767117665086516,0.0007353681751916423
0.10021296125489698,0.003212655947027497
0.07484558202452263,0.00600357075401816
0.1204635377134764,0.00021399056554199835
0.05614130041669796,0.0036585552776416327
0.11552181509637194,0.002908208012306291
0.22042907678110168,0.010960305352134624
0.1312596927773484,0.004577247626361979
0.028175860447731793,0.0013723406980130405
0.17032747938571902,0.008103756300817605
0.06876680397658674,0.001254753343050368
0.35758978904618743,0.0050396971843366814
0.1807637268898361,0.0043849128769238715
0.07414114991217957,0.003909446320902689
0.2161715114357321,0.007736512834154645
0.1720426221671687,0.005974619110118426
0.12181098120834122,0.004142996223061836
0.03653322598768227,0.004106231189740857
0.10217957672625744,0.0034301262280551693
0.06199105473456257,0.0046242421193370175
0.32026672644224163,0.004749025511080499
0.028585313057192252,0.0010830513800710226
0.008947573369141537,0.0014002768493512532
0.0908491746446316,0.0016656690521495551
0.10742498797628741,0.00826737000326398
0.0932427727977938,0.008720589118901344
0.13445398109547568,0.006878452672324816
0.6543755551815593,0.005231051225643805
0.08974077619848231,0.005563117637354133
0.09819025341846555,0.0035465961600139764
0.18729826639923886,0.0034997518069866864
0.2964568724318042,0.003609164458714112
0.21943669848462832,0.00434524911951941
0.01770749591821641,0.005990474801386162
0.008399586163136519,0.0013992924038478713
0.15807115310883546,0.007490585972287153
0.09789830497720686,0.0017727373797044286
0.053666297211748315,0.00186903817002095
0.10008802779361758,0.005133971677582375
0.06381625376377542,0.0032517624467379657
0.04765682432889662,0.0052723152339848416
0.27063036326728707,0.0018042623773684334
0.20524484515635777,0.005425043629550986
0.014044603455886318,0.006045587744069759
0.03207043325210179,0.008169668051122365
0.04502346748313357,0.00421039929250377
0.02043603087520296,0.0019296147180665284
0.027961546210121924,0.006074195175121973
0.023437694523067876,0.008905016015842924
0.19287527832375417,0.005864725829822165
0.0831738323835225,0.005065227090758725
0.08308269772589938,0.010800573898935675
0.00939355149637322,0.0049374473906116335
0.021349550428453767,0.005302941434981383
0.07912651791355074,0.004977090083728909
0.038080767455312525,0.004999835409511633
0.08114506775393693,0.0031805054934684594
0.16918859324550795,0.00444036821360629
0.05853658039620768,0.004930809662393627
0.010470793421973212,0.006057557301906073
0.023239776796572187,0.0024259198536586086
0.5684674252862578,0.002834175790586409
0.04840084922625465,0.003904101617775829
0.5631147994313324,0.0031208642611599132
0.020266429989987955,0.008528421892409717
0.016805421770413886,0.0009734357445416312
0.016813807471407927,0.0011994898575583637
0.18226274344590365,0.010228748110862374
0.09625102620827874,0.004868798551859835
0.04726989568268891,0.006640388562976092
0.04501788462869172,0.0029647740578656657
0.11571885184150688,0.005311508351564238
0.058732606774128726,0.003757504317812264
0.09748915694467541,0.0056508609647508146
0.030955181090234873,0.003291413275193135
0.02665448543768889,0.0016797238948520585
0.4434960689146692,0.007481492624463432
0.03386581009976908,0.0073985759813085415
0.01713320066482993,0.0030800564524142275
0.23793420649246855,0.005595074024136546
0.19044056867460313,0.003191181114816314
0.07478242241700173,0.0035531225048075956
0.06515207916640975,0.006386854615262797
0.031617504571386235,0.0035792643827177403
0.021587176359616933,0.0051530233007420585
0.10368997183195461,0.005779711954596581
0.03682997445628189,0.0022972695324859752
0.1723754264901345,0.009381325301315468
0.005045499972879952,0.005971076640942631
0.11002858670588012,0.0062680596779903985
0.003129209231929053,0.004346199594535302
0.10284272632100055,0.003893267460268607
0.1772969510841449,0.00539487467311337
0.011491831592024937,0.004389658048953696
0.024674403531548705,0.003837265069149363
0.1379709894977168,0.00592363490783108
0.10396042178808784,0.005210408745308981
0.03303807525560387,0.006600055735088117
0.1922552118120393,0.0010685549893004226
0.07365041135062711,0.0040697932286932
0.022863815400569365,0.0007152639472746863
0.04454576621026263,0.004881698453657382
0.050543425186447166,0.007503607023494676
0.16327281409508032,0.003144926555955637
0.026940734211393647,0.005021597776398801
0.07761149822977131,0.0012257019540520243
0.03397819354972853,0.0018783015645647504
0.015252898638436818,0.004669963334161262
0.3012657500271416,0.0037541285777169535
0.013262223994843225,0.002365668150510223
0.07791249359240737,0.005690192400391124
0.010244650926210852,0.009275006336896815
0.039166917474176444,0.004989875084636751
0.07223993836828413,0.004069041960850037
0.11407723044771956,0.005289803016594437
0.3417143371681277,0.00472775937906452
0.010244081972018648,0.00038939674612575707
0.016404831510271833,0.0016227885772766113
0.201425769851312,0.004357036266427998
0.07870819233789916,0.0022272306153760116
0.07276317135585941,0.0027206412648057504
0.04181031134089608,0.0013971803014577228
0.057388123087093845,0.0031152230100388186
0.03415878338773837,0.0026239243376831355
0.04295349840083418,0.0070956062717796265
0.003916487274068459,0.003307548863471305
0.024408074044799832,0.00042620959943482983
0.057847491802135664,0.005774729697593988
0.2935488775973454,0.0012325860497720935
0.09620660266489267,0.0025839435579125035
0.03190259695736586,0.006136000869207984
0.017098124862400255,0.0028226698915395395
0.006888545217407227,0.007891407435511517
0.1581690926259398,0.007120002442325433
0.10350951687883025,0.007440037457353629
0.12614979727482023,0.004972402991365474
0.0007234928358457182,0.001262212964724956
0.007094888174265179,0.005131323738771233
0.04091466071758987,0.005073331090562308
0.13926716830906116,0.004222591876445714
0.02837248517403168,0.0033576402067011088
0.0661834139949633,0.0039133099821338415
0.03828709951380915,0.0031558499307046176
0.03691055043805136,0.0028498280473660217
0.21168968007941658,0.0031886672833945804
0.11401049844380395,0.0052563329153874445
0.301922292884683,0.003185693135851689
0.028456105556415423,0.005211410116121447
0.16021387123180375,0.008748130534000562
0.04640819077440028,0.0073693683227391985
0.04652289674743315,0.006510779304985442
0.1664351310339498,0.0033767317728212506
0.00627720203044646,0.0028686570280646024
0.08693525686089743,0.0018453945202909054
0.1338646173219331,0.005767967717631135
0.08189326577087286,0.0029160769255788827
0.013228448838958684,0.00575525137133504
0.002807678300882799,0.0029062870262748877
0.3276975630868719,0.003634088468173689
0.08081149301312962,0.0029445445711482046
0.02345470545697026,0.006063787749392871
0.058721928061913786,0.004235744975422286
0.5808119516378838,0.003459935966475534
0.018480706760897192,0.005274999645567177
0.34017002793257234,0.0020779151010444545
0.0033534728722770524,0.003261404827039519
0.015644151937635797,0.00306281762361721
0.05282001991179186,0.009165250347663433
0.00533479082798749,0.009165102923511893
0.17875954628641466,0.008267934453150995
0.014232890748189675,0.0049265232607424905
0.11316383318046519,0.007110210938161863
0.006697331634313741,0.003512971745531364
0.03110418591325015,0.0066503848054517535
0.0339508773728312,0.010546755329338863
0.06832741383959728,0.003658445428887945
0.1765770528527355,0.004834004862317384
8.310117550536233E-06,0.0052891996171992445
0.007942139618876354,0.0034676164560361474
0.01650624541173329,0.0014899573775080644
0.01711227008388505,0.007351205259498385
0.01276535134400092,0.002418998595767265
0.023896055431578134,0.0015444117811912216
0.00743064517826042,0.0032488976376093873
0.012193331671710439,0.004586874789392033
0.1179011962531149,0.002403855876690211
0.18683132223554821,0.006419700946712374
0.07867808983166924,0.0033296041744147273
0.0027042727430171,0.005708896531686334
0.0778361558599272,0.0028344474591395306
0.0675525037989928,0.005557430435812623
0.19367677565332997,0.0016446731470285412
0.03058931991154168,0.003377850116794313
0.028330752204169585,0.005576435830727348
0.023098816908486697,0.002863203919286762
0.004395091467017664,0.0010299571266870957
0.14354604102425128,0.004615174021011709
0.13706341307954517,0.005844940011148986
0.004502400980186394,0.0053905539376684795
0.16937915230846556,0.001253671488029321
0.019620099164853855,0.006151792484341789
0.004765984897062481,0.0015803644957625269
0.01894750580413529,0.006428861308376628
0.11367683788580507,0.005599956618378256
0.009844325113363084,0.003795533931739734
0.15657837324897628,0.0012356153280195115
0.000931202781544016,0.002208591932695998
0.19626749372253016,0.00042000960873590543
0.15534918472292247,0.0034885576501369952
0.15144911775803394,0.004393929095710528
0.010858461140401232,0.0011661996266146394
0.24758459507768293,0.005556726378144767
0.0012447462746649762,0.005115333767047138
0.010535389614915402,0.002314661688233923
0.06552865541846131,0.002369646480717161
0.12731809499814517,0.004488287925015407
0.0461726740368249,0.004956966344945493
0.005236371977844101,0.00362912718818079
0.28673031243772584,0.0025269631324591575
0.14764798506905663,0.001691580684044513
0.03343828427637163,0.002652154271316212
0.09668220869730249,0.004220453637346383
0.2027251939218786,0.005266483645077302
0.19992480891744435,0.003986850532751511
0.009948958263407803,0.0012470668309590392
0.08402647179582345,0.0041350612782171765
0.024346964155711248,0.0029153138653323753
0.2408675674045071,0.002589149636974124
0.04103042982126226,0.008712190122892677
0.03028928738058312,0.007888423421721193
0.04381422817618841,0.0027350438853977945
0.2397502477577973,0.0034843725889933098
0.03212398044547626,0.0028273029311325307
0.05355651665308869,0.003035939861801695
0.10022133952213608,0.004059290135406327
0.19931949710894514,0.003219223749442246
0.07871530353281742,0.004035221937371057
0.032213145529226495,0.0040229559552711095
0.0178389671361856,0.0024293400079425783
0.23452447669137655,0.0021795223003406613
0.09435212199662146,0.0010611185462495718
0.1924575997931015,0.0034861191058932323
0.18123238198609215,0.003832051625206709
0.1377505893851776,0.00852307172243547
0.046502544133318224,0.00521082998189878
0.12814514849151237,0.005096000747190882
0.000101193070690897,0.0017271527020629458
0.2866753331711607,0.006431030626535875
0.04542115823403492,0.0071468539276726825
0.05323199074337026,0.0010193535602834969
0.11717150064021098,0.004408950564160458
0.003841430222564668,0.0006213580625375846
0.059551609702907626,0.0004844879514744423
0.09287449656483204,0.0035492691803683317
0.006738985921742824,0.0039098129965028155
0.25248423385903607,0.00200125264166974
0.009834713113946236,0.0034295165807844375
0.039319137444067565,0.0012056003621018156
0.002646571763079919,0.0095837979469851
0.2589944173477079,0.0023080871920868966
0.05342853179456597,0.0039127283079549765
0.09008418542464369,0.005705077551223365
0.0187020837278169,0.0014405321103490487
0.11281118201316076,0.003409775236616076
0.5064555259896224,0.004988734780825227
0.13494356382977912,0.0047012505176219875
0.01568720669990853,0.006147771205054229
0.0236342556429463,0.004904398053092239
0.20299709357277607,0.0012712383511282108
0.028572067736718054,0.005029443602131834
0.1401053266379222,0.0019189146517967343
0.17621216823954455,0.005180392964949507
0.36799706741066984,0.006438490400620589
0.10073472458248034,0.0064557520799859965
0.3443126257683389,0.006526072516260365
0.006663606958113633,0.005100360885696842
0.06505960041533854,0.004247031451706686
0.15532481164723322,0.0016339341211966101
0.05625598052881742,0.003883081694880999
0.03770896528101275,0.005857078418927688
0.14187754802821928,0.0043461175019428155
0.11323184256036711,0.003980376229231218
0.0014771613148241158,0.000871836894644151
0.04171275195039925,0.005953969994453026
0.10402676499211339,0.004887768599836812
0.10162417188632844,0.0036079959228999597
0.09456755417579643,0.0023431470747126075
0.1922070914371261,0.002949481745246903
0.01529954591171645,0.0032016835986822443
0.15157994881485592,0.002533315223041255
0.0624586366756148,0.002356151878211236
0.002878944599501665,0.0031716306708399413
0.01620066893826788,0.004824646390134738
0.07694942042530784,0.004639992067709271
0.02899571725356509,0.006233955698590102
0.05326286950298709,0.0030132969214530267
0.09538535216870514,0.0028102793870240514
0.18096320031793312,0.003929186509941884
0.12285950926604983,0.003650406645076166
0.036562025346938754,0.003984764361808228
0.010804247968621894,0.004240879853858692
0.19921608334482244,0.006237417562738413
0.0628746149344579,0.004159903946576807
0.10194791050173535,0.0060948583674095115
0.03814140657482312,0.0034231123281760053
0.02773431675007032,0.0018195087237888863
0.1876924633119188,0.005016567141534003
0.09545046295818338,0.001901959612411071
0.13095118988542254,0.004184621987178451
0.16660150886480096,0.004151112655293984
0.033054089770757855,0.003933727105218791
0.08463793710234313,0.006557051518035775
0.023961047556440462,0.0030098458251143446
0.2556745604204025,0.010302057717803528
0.1110567248198322,0.0015142931445324176
0.04487912415493156,0.0029555625172212443
0.2446672941292718,0.002985600397536499
0.037888429128997814,0.0006227334578614473
0.00605015016390098,0.003045132224515607
0.030425033341430208,0.0040693620312458115
0.04218949581070319,0.003030506057761963
0.027848437901525358,0.0053059648108749234
0.10995357960382535,0.0033874614650890645
0.027476107938127825,0.0015150402597551508
0.0375730647722321,0.005269453899808956
0.14800062861684182,0.009169974011450342
0.017183924427286,0.0016445786431796758
0.21201387826909013,0.0027847291970079027
0.033773711511116744,0.0021556958054685387
0.09857733325327445,0.0024812775935875446
0.14370236270326586,0.003742544391836529
0.14316466041793774,0.004389334817748307
0.06831955363952602,0.0023466762511499136
0.10620287680433194,0.0007667342757518587
0.09555901984367665,0.0005408472447989902
0.09891722725797081,0.0027445763229350544
0.0681173685329668,0.0009279117301472809
0.039231155943525664,0.0016256174027535772
0.05344905193908289,0.0013953176477904323
0.21302428960427733,0.002565978121019625
0.0942047624952238,0.004277517982099826
0.004144069979474807,0.0068965756527182304
0.002886766920823902,0.0040131827146959705
0.13434271317623825,0.008915761689733777
0.003482878928707578,0.004632796267446844
0.2885004545275933,0.0038840356527365043
0.0038324846912018984,0.006002047969389771
0.005875567260886783,0.008893369766587235
0.11156666404053794,0.003126727159023856
0.22048117954636837,0.00688583225192582
0.04089806672425311,0.003403720852897807
0.02768043776484319,0.0016180389374233063
0.006135113404752701,0.006893333508137258
0.06980993931085777,0.00767693914622184
0.016684281873949658,0.008239793155319173
0.07498789079693324,0.0028463585652728817
0.2406153897849208,0.0019044106285709588
0.04579150926770126,0.007238901983590169
0.07720670334435908,0.01129307533455149
0.03452706885616408,0.0033950788079094092
0.024140515338444857,0.0022789698788456924
0.4050605303903012,0.003780054373544721
0.0744704589083085,0.004545337030434295
0.05362960315062537,0.004984989372494715
0.248045383882868,0.003680775466986294
0.04677670480157303,0.0005445702317518328
0.04669206654466507,0.007443341069858257
0.087110213381834,0.002646313179708706
0.06801140882294021,0.0057602529186615535
0.18330998548879052,0.0013414680762857492
0.1403682168136129,0.0038341936138338016
0.369076712933861,0.005087691196444362
0.05040581847742942,0.0026366362915997235
0.07620652495847935,0.0036649630378373676
0.020206070637414086,0.007989272406275777
0.015752290707496286,0.0037690932750886834
0.1831123366526981,0.00467102440532569
0.12609494193247883,0.009452919653687093
0.159201028382995,0.0011125147312152758
0.09723069674816998,0.0012063888540096196
0.03460792061605389,0.006407462424727519
0.03208028520816697,0.005545210720300643
0.013821016351698745,0.0034800869445318103
0.10920997717914815,0.0027852341689004446
0.051515798537138835,0.0031353115325675543
0.18724508521370353,0.00311968462903041
0.17013971286462493,0.0076964562716611
0.28479992309701174,0.0033273119954174576
0.3184004933131064,0.005875065960497866
0.01624846134791369,0.005869063889079577
0.1180253081090541,0.0041247152404353905
0.024984194174749064,0.0012448518816887417
0.021606914338121896,0.0023717489994272223
0.01572083586165718,0.0018366585368111243
0.0515176836684077,0.0042473803386196786
0.10054384076192946,0.0042000038357844
0.057532753176474216,0.008799108234493152
0.3591949802637373,0.0028307666380531765
0.003379809242119336,0.0037895719197079936
0.03989223365192629,0.0009427889059389208
0.03437399054348589,0.0021140959351092703
0.14205507141218732,0.0021773025854226733
0.016128489681022984,0.0007089203837160714
0.43948774577904715,0.004284458507019012
0.09133724396178877,0.008143827603296145
0.09137529020142665,0.005632474709319592
0.016909491603314564,0.003502273929553052
0.025344268065055076,0.0035190307853021413
0.05528174793698781,0.0019168685354466744
0.11518504696459786,0.0007101307884378163
0.1124987147605907,0.004154065164805188
0.16536013228846969,0.0022964302930665054
0.1741427672724285,0.005659616471194262
0.051382821256424904,0.0020806401171618795
0.2495474036959422,0.0052852070052400195
0.07716164400244452,0.007701832933827316
0.13853480655848216,0.00439906140564469
0.0023893210868664028,0.004096839018710067
0.10552563921976343,0.001918165705581715
0.06180988239850649,0.00703922978671129
0.17947180946430308,0.0049911928509969285
0.042664517449679806,0.0032765954598973756
0.041582025350408,0.004743260207914232
0.17561921229128075,0.0019597143960796365
0.10995481617555924,0.005005090820529037
0.0060871151590617956,0.005035323665040214
0.036874120244533515,0.003187204184845851
0.02393771074343931,0.005199761330690973
0.005619310586780557,0.003899103228411111
0.08253960993886267,0.0024721969012409897
0.11013843677346813,0.00608919508657831
0.09675783871682597,0.004147552410151254
0.1179841695717414,0.0010814283939649487
0.2058634119166527,0.00721274350211246
0.009932519517292349,0.002323672091441056
0.09660537477304842,0.0022711721573740766
0.14023165566095486,0.012189614331666432
0.013598650710832771,0.00691085926679312
0.07818700882933172,0.0020206027172656412
0.05696453805080637,0.0018959612310943908
0.16075087495175922,0.004244038507062858
0.0014630872483394342,0.0059198414887221395
0.05945490672718279,0.0026870345513054276
0.03157806264800911,0.002113413278981639
0.18405138501100282,0.004550609870224898
0.03733489376793386,0.0016829918025960307
0.16530925537836083,0.004528261365172092
0.16335228588457085,0.0033687244575796534
0.05169704345496484,0.004023153841884956
0.22061735928809867,0.005309393943929079
0.0975926497068258,0.0028640919563829733
0.05069340702982572,0.0082677033732738
0.2020866601610578,0.0028445445428271713
0.040154501975962376,0.004812011282977578
0.03147087489026035,0.004402504204187157
0.043455517244524344,0.0070681121416562975
0.018641734844663915,0.0038592112321638697
0.159191702713656,0.005340406909787931
0.12874658396458472,0.007199510247799813
0.07896213232902483,0.00344986126321814
0.1498794972281985,0.005042335631232116
0.019280191328334695,0.005592889890317278
0.11001464656465032,0.006930534133203766
0.06978022341252199,0.005027942748306277
0.009677520443801768,0.0076903041846674725
0.11103117731306611,0.008326304098415364
0.038801749560320786,0.0021593928018402257
0.11286253201171803,0.005440713445313699
0.22564840144332265,0.005177100961154772
0.16167367318200832,0.008874843239059743
0.3195993735043885,0.004491158540441544
0.06505800597676625,0.004158364053016217
0.0028564425572312757,0.0034972968992768674
0.10703035244853254,0.0014003083992919529
0.01815664640889736,0.00424274270757453
0.17097900656972342,0.0018294281699084626
0.08967598518734121,0.007060707717728042
0.0116952673013202,0.002946511577479837
0.10134342873629976,0.0020130509283913262
0.021882412240643134,0.009930079971991568
0.061757366492088295,0.00439483750018403
0.20032660794595358,0.01343148925275858
0.0038985495907581935,0.0055744165329287675
0.00044816530555635836,0.0011570293444376485
0.0444002595567099,0.002734590402506036
0.005909055257575346,0.008461061803594362
0.010636456784595794,0.003473505596345034
0.07720420261944128,0.0039048206349162297
0.0608520361496403,0.006043460939842033
0.15479390748384958,0.00536350334877865
0.10604009347400734,0.003309149349176692
0.016835253490057767,0.00426700672879239
0.025669720481232616,0.0024557825625616115
0.05886485689882193,0.0011148147652644737
0.32083461369416,0.007325917396367362
0.030856919788220694,0.002842099002535342
0.3962890844835556,0.002920811992424957
0.016863385772012407,0.0012483092641375152
0.006240093806468394,0.004163795889118421
0.08788977104643436,0.0037551786974622304
0.11897338501603372,0.006242533023116349
0.023665184625315305,0.004738711360191012
0.1346473187867332,0.004076932525178877
0.367551665938322,0.0006945783730112115
0.08502765694686332,0.0011517742518880113
0.07830656171029204,0.0010277053202731054
0.03169122940278157,0.002877101918298217
0.087471487865173,0.006303221056656218
0.05710242353677586,0.004959668846876641
0.04592481789006797,0.0033175667359647
0.3447380674181204,0.002254024197066583
0.3456728206772368,0.0016952555629211954
0.03439314313391151,0.0055650042293786004
0.3835742326264153,0.005016844011144279
0.006739958463185758,0.0020435682310431563
0.06355661047814465,0.008287685101673936
0.009085899533715747,0.0011790283641076676
0.039684538223468735,0.001975843674191587
0.06056935077299386,0.0049070119407233275
0.012342680867050149,0.004306050787065916
0.04071219794127501,0.0029119701249540456
0.2015081613168377,0.00488299654899313
0.03896298945733179,0.001357969627878123
0.00881848691972209,0.0022618938075700252
0.22484997890830982,0.0074783962674914405
0.10626099629348573,0.0070383585716404335
0.11715105555822447,0.00410253104880066
0.010253633335423729,0.004138426162977087
0.27380430344692286,0.0038252049963892745
0.17941208145293785,0.0030055011491033345
0.12348972301310823,0.005180058222472884
0.18247976707220914,0.004735171937671497
0.028250949761968513,0.0034358031664603337
0.00291508448424338,0.005789249636428451
0.11233954349279429,0.004753117823037495
0.0698662217000674,0.003752084592321555
0.0471304603322551,0.0009010675795829683
0.014865448586533603,0.0060982738713526805
0.12054942884890352,0.005824380608683702
0.061991693731442865,0.00373425722295807
0.23861077749404558,0.0022021928346576715
0.23798911375445186,0.008241457550456233
0.2106337909975764,0.004789065211128454
0.09318416376754612,0.006919200996423443
0.06690102517973173,0.0023651726304231326
0.22680277654387737,0.000948635364988078
0.0009241349977173741,0.0036508720842603876
0.046973586701597014,0.0050181918057856136
0.15697175817535935,0.006839202239792935
0.17147234856656723,0.003941115911511255
0.2032972826555124,0.005837930338554046
0.009955359810874143,0.007435979740352369
0.03779091666979184,0.002060174104239308
0.04603404948170464,0.0032815502042183487
0.1628476150527831,0.004661674115661735
0.07111966232480427,0.004607593611111098
0.05511276221773187,0.0022715982345586578
0.0643064093137582,0.0029754128649011457
0.06470070433056208,0.0017725925678294448
0.11552336256318085,0.008383826826786773
0.18662552639170826,0.006435403376101265
0.0076359843733371235,0.006427641047987917
0.3796205149812977,0.002287686166835378
0.16059434643716486,0.0070046146029688035
0.5733377504371902,0.0027547865098290236
0.2857992118790662,0.005445402866154268
0.2253744718670987,0.007064590310875118
0.01996807240095677,0.0005458373659701164
0.25470337142235167,0.005250755697778461
0.01589917358433013,0.0007353358331404879
0.18802908323152678,0.0026921425460334695
0.005137244969432686,0.008067205709849364
0.267889962748427,0.0018675680207751412
0.02720699333644916,0.006896239465736021
0.10065703776922419,0.006895115568272786
0.006067210157880254,0.0036868048301746583
0.13343746807197476,0.007594754873673139
0.14815277998150123,0.003096293336826127
0.028363214416344817,0.00337321537031478
0.18554945014011537,0.001802843747377559
0.029095913511241633,0.0038354989351366323
0.05177989476999301,0.007184080370131466
0.1694026344247277,0.007232540523739045
0.15821147232884414,0.009149368489684843
0.05622936118322741,0.0036796784402790606
0.06215436009733821,0.0027774819625340434
0.014316271094912736,0.0034156504682820547
0.06925205642357923,0.005543208897862531
0.2395941708917917,0.0022956209848241597
0.18996237121211834,0.005716261725516652
0.003955686367817179,0.002546547980789
0.07688773925065107,0.004321416699685652
0.18985138487346376,0.005518324620275129
0.16388233900886462,0.0027911990342436906
0.04410364673424283,0.0033770749741738244
0.03848286252275557,0.00281306346937891
0.029270528028177978,0.004834704861581528
0.21675748540872064,0.0020784544429557654
0.0015386109604378362,0.00866738108988388
0.13119902067501243,0.005763270394034063
0.17597304272726433,0.005062361691293919
0.02847489762314126,0.008017844384617872
0.007176278957672366,0.0010609360673334573
0.014619427728803203,0.005518107850962383
0.03267442344963456,0.006585824781901166
0.008764622611579398,0.003498921342002495
0.024101294498677817,0.0024173214014659773
0.17094265155560606,0.002888968204245155
0.061354353454362354,0.006588383434509782
0.28613213457674647,0.003874917106184642
0.019726111497107013,0.006831448971775385
0.19508731978123706,0.005683465406545118
0.2744241827966789,0.0038005297541358674
0.03035149867559994,0.002939395700981799
0.03468327472853616,0.005316499730014638
0.06551626421571655,0.0013459781330158866
0.01812909126476825,0.006344144879763335
0.11546783100050106,0.0023240982455518195
0.08929338929192454,0.003381517082244274
0.39313574533230167,0.003045096260775171
0.044925277514835216,0.005635343880435195
0.06441839651984083,0.001088836140685198
0.1579193516581654,0.007917874531111141
0.06760583178663637,0.0068160476118216086
0.1598196093793831,0.0034760419267851187
0.035539628494120734,0.007046367708923087
0.00027299541727643373,0.005399748497079537
0.11290605632825645,0.0015819888864844784
0.0361709555163543,0.0028858518668977303
0.2975220285334217,0.002725646289601148
0.009260082034415973,0.0032338860901850574
0.03817653940063792,0.005006052256140967
0.22066292231556872,0.004477814873049489
0.016866285468950082,0.0013412711857060298
0.18008898063169454,0.005026272552924678
0.004159106887300368,0.005152222780507318
0.09045448435847447,0.0039643080464999555
0.3385741095482899,0.001360009831922452
0.09993856414416769,0.006223898095178687
0.02406456554763281,0.0036459098248172958
0.004287467718540938,0.007303504476253321
0.3227250179462544,0.004838010364126749
0.0015193994926221421,0.004157466300563887
0.10935817579252216,0.007105884686771008
0.12617994745903616,0.004547417921547424
0.09289305334391429,0.0034258344582999375
0.003994624855067741,0.004286800439292119
0.03105847159736186,0.0035310892876108954
0.04390190507774605,0.003804785694030142
0.14781017742927816,0.002060265609977228
0.02869396946971392,0.001501772667350907
0.0014681781668741678,0.005962651482974966
0.024998779154316253,0.005518639252185622
0.03529418496282233,0.0005549106164128252
0.12507237774048008,0.0013402742684056079
0.13347299606516572,0.002020092215644067
0.05665180368544043,0.006600890490631754
0.027522900320946064,0.0018644085743419823
0.02992973523589626,0.0016452830722022088
0.05310023339984582,0.004770394511218114
0.12414755432155289,0.005990257539289116
0.02068250556669682,0.007580716779601242
0.03374276405884302,0.002994570701710322
0.08251103434861307,0.002021679108358872
0.12565955842921994,0.0036491281503920315
0.06390914104076728,0.005972704980397148
0.022081322926510438,0.0002883562172053415
0.06458471043299596,0.00687194271643863
0.002146754661112027,0.006623493315936152
0.14073996407023515,0.002393149240818563
0.10112255754256694,0.004662962211720644
0.01679023696181048,0.0016498371061821348
0.06216861068617163,0.0043785838882094506
0.023598722755878043,0.00610584850199883
0.011118416024487487,0.0034135288618600095
0.041844589380957586,0.007249618657402645
0.21121769585522543,0.005977455928467723
0.05434270803846175,0.004985453709049154
0.1266749594843759,0.0035231004316175897
0.11267705214675061,0.00627038744232755
0.002963333877687546,0.002557066015446852
0.013387355148097413,0.005642845849982046
0.2818343001810035,0.006040698825467403
0.03157489051318407,0.0021063361551831453
0.26425146573524216,0.004720013141592224
0.11485045732956678,0.0038306047839937107
0.02249554185186753,0.004398599892313779
0.07836108499122929,0.006475330639039321
0.07356609160035532,0.003573096130976432
0.24284535092874648,0.007132160223911047
0.15817460082917023,0.0030724701621254414
0.027709014010838473,0.0054268150606114705
0.14865643038717735,0.003572287274240404
0.06089787984092254,0.0012260299417361595
0.04733408561753549,0.006767842357880759
0.013898148810653765,0.006730849976962391
0.002122213739085055,0.0007278454036149694
0.23497877406452972,0.004004189983849096
0.10435168988931309,0.008957488629750742
0.1601482335898936,0.002279043178023885
0.118198672146832,0.0013734789287889126
0.0941561053946316,0.006407629131564176
0.07953587154918296,0.004401691839760495
0.04247766343996773,0.005372445903164842
0.318666781733441,0.0019718384449800516
0.10673451286470481,0.006159993672304406
0.004526191893319265,0.005406504850584909
0.03166869460721955,0.0038473775045197727
0.14895922969458297,0.002241611877538962
0.3763920485852168,0.0015976702619298058
0.03595335505769981,0.005006719890043728
0.027958958382555466,0.003076027476502057
0.029576887266216545,0.004805951960233019
0.1056425005122037,0.005810492128532833
0.2398621760783044,0.004095200957629382
0.0839153680265099,0.0006179503023982988
0.06820703432299524,0.002216878587478994
0.26856482307232454,0.008688434033254977
0.0020801105002874465,0.004014245037493097
0.0016355417235445202,0.007429094496382071
0.06157389764234722,0.0065995110246224046
0.397143424989963,0.0031008952484043394
0.11827620387384741,0.005715873269805368
0.09517415125890238,0.006528534858073131
0.02136816813151654,0.0059460991512973365
0.06341110199332434,0.004580966155766116
0.19261977148119058,0.003614693253905878
0.2526844830454138,0.001010715556299186
0.012178144750464526,0.004796163443571555
0.4213913060913228,0.005186291897838966
0.006307922965902435,0.006042833080487892
0.10042883296080163,0.0028015496458616168
0.020784515350669608,0.0029050411781589088
0.0460108404552102,0.005469891356808833
0.03767582257898994,0.002493480916895642
0.0039026246503226503,0.00549811236771461
0.07956516322860807,0.004195022348597064
0.5267467146626359,0.00921011957290172
0.08164023151198307,0.004938849693640843
0.022957972659128245,0.004444097858123382
0.20703199593401678,0.007289689143929072
0.19290850253162262,0.008885130929054824
0.09040203526228652,0.00065086226058394
0.03625831577426197,0.007023730420223293
0.014932229686110077,0.0028766377144165993
0.008459402651169512,0.0044017755283238405
0.05988127948558031,0.0016789571774039804
0.0687913639017097,0.005481896395616639
0.0012747839513167492,0.0068782434052044915
0.04759809346990096,0.005901580324906708
0.348287632875099,0.0017554003403284424
0.06344661517482564,0.0009046535262662624
0.0016530516531929607,0.005476215136115191
0.2271306037200702,0.003194093928692573
0.09663835679759814,0.0017032231553302023
0.05295941649967517,0.002202019323309677
0.007849465272670386,0.004259188759336416
0.28372225001101015,0.004333333165779307
0.018099332127576417,0.0023019444515883225
0.0395001009023872,0.003063689261430989
0.16792335392938185,0.005229367604728948
0.03342043059080879,0.0038060612171717306
0.2006327260191938,0.005939411913187223
0.06722471231307736,0.0005640163636851082
0.0012277162131795194,0.004246513610395109
0.0036140930768624457,0.011941073626885101
0.07523501190576098,0.012164689668090147
0.3440272297582396,0.004666214068176915
0.21343246055812415,0.004939584855820776
0.09037058155593058,0.0058397188757559094
0.02840693510086112,0.005145157708051618
0.13386220060476717,0.002368923223603614
0.3149054356651959,0.003179047514262331
0.05817936392679712,0.0003937054415813796
0.0555748438766841,0.005299439692144307
0.2068007242294243,0.004338971116152529
0.026475594839325822,0.0015397612068317474
0.10077049221069956,0.005890602372179803
0.11812144089731191,0.0028064414074776564
0.008464505981919501,0.006004053777775534
0.1287905913081886,0.008516852085028526
0.06362137296298442,0.0026688330039600274
0.25075904752281986,0.003310866255671846
0.06143464173760549,0.0030315929729465845
0.2778966751857297,0.0018591752977052604
0.13054618840510557,0.010698907617697293
0.03763977958954001,0.003113840333738921
0.19121209263823857,0.00688480228213899
0.10949637780709054,0.004728160893126111
0.009284028654860776,0.006511063781336438
0.12400511431883388,0.0017983999880154943
0.09621414914533943,0.003772252071403483
0.11929282348228298,0.0070469622876075996
0.00018065481776829984,0.004036246776048596
0.20358607476202906,0.005024912433473172
0.0014717874626057892,0.003813373099033842
0.019816055042156222,0.005684545838936282
0.09564053816575324,0.0009804852009849161
0.1581880386301009,0.0006506957588537169
0.24016009742001643,0.003800274613952876
0.25948181382204893,0.0070693792311998654
0.025725440679593703,0.003963176902791825
0.005601308108907688,0.0017028786426938696
0.005915371456126195,0.0034426421638704087
0.3232527377374481,0.0005161683426480341
0.17506755395982054,0.006853182440252631
0.20639332598545934,0.0026898213626466772
0.022806241349940137,0.006166923980820062
0.15358179707459385,0.0061309946161118
0.11428306322989101,0.0008334712893277053
0.0707106459718716,0.00155588832448065
0.2713228293254133,0.0010033247847965367
0.12482437715709693,0.00384043141922734
0.012290417299027467,0.004112531274455225
0.04474505828977726,0.004896418359999558
0.050579390698999305,0.003070795208879593
0.46064383558871214,0.0045950982141718
0.08202028944458561,0.0006486357246534831
0.11464040155931343,0.007549628562893293
0.007194003317749775,0.005401447752742174
0.024965341104348227,0.0020150092800518553
0.06554820347628265,0.003855968489069605
0.20644302602943299,0.004239280035738332
0.1162215163418523,0.002617443795427827
0.13034269026456968,0.005636876964655383
0.11825194527864369,0.006338058251144472
0.029388522968133657,0.005793206380380137
0.00020430902861789946,0.004776885577840477
0.07020571544433096,0.005764581824558088
0.2534863310423816,0.0023982405931763655
0.13420896149114014,0.002305300108722594
0.07872062287242443,0.002095197725720986
0.20068412718740092,0.001906795629824682
0.04191131114237123,0.008034231108034848
0.030431591563115035,0.0005361050648130387
0.039300844737226726,0.0021338954745183858
0.07690684995725405,0.005985504524781774
0.0836207417892183,0.002628728458282429
0.03570490820266059,0.007112256294321972
0.03424611705042935,0.005498839152007959
0.00014152012158774596,0.0016020381697651194
0.2097837329590675,0.0013024463097553722
0.11905412224234624,0.0023251697436153405
0.12320723344168982,0.004468829854075383
0.03801723248852795,0.002104229788007449
0.09771418694413114,0.004735100425262216
0.06605747607386547,0.002902771446581768
0.0001589965527273307,0.004335233840885911
0.07738342146808463,0.003807245454967976
0.3187094388532614,0.0007870345701757596
0.050655291983616735,0.004712881171492266
0.03740297099204781,0.0023503725124918444
0.02165684508315735,0.005019167166128043
0.5612077506336846,0.003549633157557648
0.08751198169500185,0.0017388135165131143
0.07148316692951084,0.005806644993258645
0.16182184657702692,0.001038371198428583
0.0009539140113474787,0.0020435505593137397
0.30118570886213547,0.004802793326335443
0.0670612372400683,0.006258291874935276
0.10934832171028575,0.0018906568639668452
0.04172893509075948,0.003339032073145892
0.11389726143715961,0.004464749641393771
0.3453046607394299,0.0021179840995105862
0.16706559611145622,0.004069495234677745
0.03637225770671648,0.005140885792610512
0.0512697412613079,0.0022162367357590287
0.06618915544834181,0.0028180594764143038
0.029210848268689915,0.0038088340623284585
0.060033916878523996,0.002519567588517871
0.30331409152950073,0.004791657233197223
0.009072227342471706,0.005988726106888688
0.16365061950682502,0.005460836396322383
0.0015521223787118288,0.0006945996472611322
0.04291299068609078,0.0029019402454293127
0.2250660411557419,0.006379227990083382
0.09311821685287214,0.0003106838731703975
0.007330889599757029,0.0031880292239172335
0.045082293903192294,0.0019316243817416117
0.027286449718531003,0.005859579543056116
0.08032849977098522,0.004460045597857846
0.1244822714052134,0.0050373407827547225
0.02855794826973579,0.003961572254501626
0.00798288585588125,0.006702872600883221
0.06465205701124432,0.0037710356623621333
0.029587097374246696,0.008029648695358152
0.05251021985588977,0.004753190965847413
0.04483402323478458,0.0014238325410242407
0.007249771743090605,0.004073384314801154
0.10482795875168449,0.007030992236163517
0.04804947036200247,0.003548379706369115
0.03925498332068855,0.0058759271972642765
0.03751441461872673,0.005369864930830184
0.1301278205590961,0.0038408689237757906
0.09221282379041895,0.0002872342849452009
0.1690305469235227,0.0008172707959330324
0.06826352159157523,0.005222208421680601
0.026796603099342065,0.00852084555282003
0.015112821645288932,0.007458357033870765
0.0844052667549704,0.0030335787530347976
0.04227008803127319,0.005239428069784053
0.10484174056148277,0.0019835935220571207
0.07654783387010866,0.006397022514215597
0.03480880051859003,0.0061987265144507865
0.030095758973061493,0.0025543829472629205
0.12445734096968408,0.0016696111554136016
0.060476498241200716,0.0056844461169681315
0.2843609810347516,0.004873006759244134
0.021280667821429233,0.003222607179805096
0.2288651814253626,0.005588557714407737
0.0092568632229586,0.0023127522972057955
0.06447627093450592,0.0023894235947091577
0.042094865931858294,0.0023098543661508337
0.02123411376283002,0.001229326886523067
0.09620638446028806,0.0012684491312478022
0.10336815641949215,0.0012991435720137146
0.14599557298743093,0.003914272817313317
0.013142285064986936,0.0025533726884692043
0.009890140663287639,0.00853377978244414
0.05764813089820109,0.0037847428299978515
0.017112061903048925,0.002991320832439197
0.11286428589926345,0.005471174782334203
0.017025192433266056,0.007434140285913045
0.2819319982726256,0.005493968948724731
0.13237229554465557,0.0019924223694689318
0.032792092904401215,0.006396736430011222
0.0572931138497097,0.0017891780326601307
0.010213549329023408,0.0039817809031545805
0.048323089574751066,0.008373275527550645
0.02438292428598743,0.0025522324139981368
0.049252363382152,0.00708562855314206
0.019729883363652334,0.004295779520525484
0.042413434694708485,0.002575210843511108
0.3146093516493238,0.005629156844410332
0.0883505221129326,0.002630323373288229
0.14748701705593703,0.005410398639647606
0.024860642984322112,0.004574199188067203
0.1731709218497599,0.00460484309079595
0.07820745764820458,0.001625248708727647
0.03841020350876079,0.0005803913834052677
0.06620600711733005,0.008283944728589461
0.007080035758690428,0.0023312686790514675
0.043024115041021105,0.005078128468658382
0.019160149386038938,0.003337954892401847
0.0433948910692834,0.005759080619611931
0.016547225280191924,0.0014020860223201454
0.0497758344081376,0.005285796838925834
0.1711435797366221,0.0026357928657850162
0.10131734758306266,0.007195719824311236
0.3186492922021671,0.00299240941717968
0.0981760638525202,0.0012603561224309914
0.00033556400626366667,0.0031993077689374382
0.1015691397694809,0.0038376620630863572
0.23146741960192685,0.002946109268410386
0.0029969281449666596,0.003404687657719139
0.00627463979390086,0.004593050482586214
0.0026386349096583217,0.003287934275909411
0.09221837351708473,0.005298266120530527
0.17462622079813173,0.00541163522444313
0.14427852100709515,0.005064326098536212
0.06763188515810725,0.0036411356315131298
0.09242815113009328,0.004795418363400384
0.3448531836241955,0.004500190402902466
0.03903061007440556,0.004550964439914391
0.09826618523948127,0.005543079514715891
0.08441329140862308,0.0051345110715953655
0.07497439722806121,0.0031274849113614553
0.07349756179621636,0.0054769136273329164
0.05677807104586918,0.003559936731570382
0.04002626148462696,0.007987527377130783
0.06865931964034644,0.007607469605774175
0.027081729788051234,0.0018787050092044068
0.528132233259953,0.004012671143888169
0.5496176858317767,0.005183790945069831
0.08128774120802973,0.005467597703799027
0.3456912736810409,0.00878662277458398
0.012995443789691308,0.004351226416794255
0.0564261290480772,0.0030237569435171184
0.06766724225292364,0.003303756227249461
0.09773213973119255,0.00368803818888876
0.409087396361997,0.002215268479465341
0.061230239533301756,0.007737066773039823
0.0018429781342774731,0.0015426946892606128
0.21812132556908637,0.001829577588142299
0.27027273765429527,0.002498630199345438
0.05302558258506451,0.0012377839714814683
0.216565068567661,0.0036474530652388076
0.020962510256936184,0.007349785967452769
0.003536931335020199,0.004004516890360602
0.018689645807171473,0.003836627166052665
0.16428924712556636,0.003485021586386187
0.0522975943555366,0.0029385854747348
0.29301233472676813,0.0008902129019367277
0.3187356796496488,0.004213069258151663
0.0050558904569015795,0.007638006122074432
0.005023535663667644,0.0036089853603848408
0.11232456599714169,0.0027912862050793285
0.10604343999591492,0.0021819436650479065
0.3917699020962573,0.005993001510108218
0.023009902402009175,0.0056154605145016055
0.03807146507926973,0.0012722099316661631
0.055206472171789756,0.005967810490900295
0.03484929717853902,0.0020325398876372895
0.017855343142173297,0.0007885884441206206
0.16808579801147516,0.0048144295818499565
0.001490371741283525,0.004441260456605467
0.027976424130770283,0.0037461556670044345
0.0005640513439857386,0.003793733701984665
0.042049692809996486,0.007620545472512151
0.09481699423542977,0.006558818226098374
0.03473256216182108,0.007315972242506346
0.07328197646143053,0.00325804360524694
0.026825715087170465,0.0016725300143116517
0.004383601763606748,0.002759908148309906
0.07865001483696688,0.0022736050914175334
0.04956012215961891,0.0018544901480918427
0.07318346123975061,0.002623249042318463
0.22641041118220073,0.0030089758484797852
0.15093336257962164,0.0044681265563522215
0.1648791417906068,0.003414044550427872
0.05608889964594255,0.004245364822560524
0.012913763872234085,0.0033955061047358705
0.2178470081338446,0.009769832375791276
0.013709561320411012,0.005328542385799163
0.1321432376392977,0.0020696349902556525
0.020281022170820506,0.007759769211451059
0.09698273244282518,0.006303488233942431
0.018546718742186385,0.004250674651782943
0.13913888747458714,0.008290178059024562
0.06376974977013106,0.0031058891803114157
0.035265691363406404,0.003470031818973974
0.012393072106078762,0.0026143274848060677
0.008615228878966263,0.008517991734012504
0.09498326217521935,0.0028223207978266126
0.05649974329810448,0.0029275000160718886
0.14573107498426907,0.008233184777782749
0.011470723266711502,0.0011963424604759468
0.01842187859870137,0.0004773353028105914
0.06690120841142289,0.003914963589956191
0.027838405491706908,0.004619648011719136
0.354792315828945,0.0069758818332227995
0.12344090139572472,0.006278653998576056
0.141666541107611,0.002507121475892235
0.2422316034691221,0.0020724509987717844
0.035152287560208606,0.005088155549073083
0.020791068667904256,0.0054200614491888705
0.2893126263305703,0.003235176626311511
0.02853832693210734,0.0011672356666114702
0.190566740463737,0.004890397975405607
0.026242598397857364,0.003970153900588931
0.08249581157463126,0.002928802377697574
0.07842338662703696,0.0016095588833998243
0.055999365451157246,0.004990605578505893
0.0793229252991523,0.003204251430084803
0.06796323655146352,0.00507149796060591
0.14309253146086576,0.002634149856198616
0.05130024458333082,0.004744726876139795
0.046381909941260346,0.001203784228533529
0.07938672989621409,0.002873854900488871
0.03064464760359442,0.0097996473798015
0.011408674779545436,0.0006291898546410652
0.14502194783597133,0.004538019836730247
0.022863308253477044,0.006183161345890727
0.04501136576402587,0.004949166616601856
0.0785357276358809,0.004250786862650529
0.12799680019111292,0.004328521552227568
0.019417613004634404,0.0009673356061326219
0.09791906557802577,0.00195232610605338
0.1323656340796333,0.004325252766072415
0.044617922580073355,0.007227325711626362
0.054367538350675204,0.0026603623152357115
0.1188112672537045,0.0035375007192178154
0.006322358569491371,0.0007782719697682187
0.1074767694321963,0.006407292541112816
0.02648621960190667,0.008365526756741825
0.0652532130191048,0.001990609462862098
0.042215813066150076,0.002011890915548394
0.026363280687860424,0.0037575412218114473
0.23040439059445816,0.002604477633603151
0.24844088225518135,0.0012563675176656135
0.2393840262431013,0.005871331643799421
0.0704153403090686,0.004314923662794808
0.330927095546258,0.00369804120527588
0.19690994973700526,0.0009558263648411811
0.017436769070968694,0.002426974522891231
0.20505854736211404,0.006266050570836343
0.12472781521046272,0.003961418941265691
0.017283356141774675,0.006413099085639368
0.009969941778649627,0.005207274164251716
0.027980428483715514,0.006767133844591008
0.07615771189909992,0.0016506631188415255
0.14682714211483017,0.005769270663576614
0.09499476117616723,0.007989821368219052
0.3910329827458554,0.001402793327960883
0.060593944304741854,0.004655102851858606
0.07538413660358856,0.004057024301453491
0.08735644720059099,0.007138676878112469
0.005563568776324246,0.003166782329980695
0.002289573519078658,0.003764379102219765
0.05172171893832456,0.007553769398003284
0.14745995708585724,0.007034025354162998
0.04605759196613235,0.0013792208423957304
0.004014387172787792,0.0010553646564410353
0.1286951283060489,0.005573078115618857
0.0291167104159058,0.0077845864112310835
0.1584113621651113,0.0018144441884369136
0.0642241362970708,0.005099057098807637
0.09305081622323996,0.002628913703525772
0.043851506778082694,0.0019748409808902443
0.023311439495842023,0.005587533227501788
0.029935409627228182,0.001020778427212088
0.20230659227820524,0.005705823159853017
0.07762674900516231,0.002038211870016525
0.007463209025786455,0.006133082462838567
0.22975288844338593,0.0035154606832201417
0.1321158301768719,0.0015335695892176235
0.512357765202637,0.00630985956654053
0.013806556411623205,0.002327330440664031
0.047423961642721224,0.0007866651733627281
0.02718258889126446,0.005546347994107267
0.077304270240802,0.006883685249620557
0.030659849157927965,0.008180616422128226
0.20760703944301895,0.007818470524503568
0.05349529381658158,0.005213252036161366
0.08674485343590277,0.0026426262965060557
0.04564751405894185,0.00196898091987257
0.006727105481331819,0.006192517416796941
0.3571344290255638,0.005295895108326741
0.07703207115275745,0.004114482896375285
0.2241303537470003,0.0042193978356612205
0.043219997032565516,0.009999708921566637
0.06089680757054339,0.005882567703504938
0.013943684167884385,0.0026192750559048293
0.025429838832451424,0.009442841890363598
0.095527748360837,0.005764719001094548
0.34932062695509103,0.004910161977800069
0.06332262497755892,0.005291060598136521
0.014754115463460948,0.002128286506047695
0.02207460028182595,0.0065627622744471635
0.054775217566316314,0.0005356000330662234
0.24802374322825926,0.001741896784624013
0.030337668576635224,0.004303532063687941
0.04794660035997822,0.0012187797102111884
0.16999170171629885,0.006640647233092194
0.07158699360513765,0.006751792949069817
0.16641583318244102,0.006079669244232675
0.23685235742357236,0.002683178950778432
0.16293149320506473,0.0062406277874067625
0.026442725562787928,0.003470512911764849
0.09299162516867909,0.004438256650044917
0.11430228193592029,0.0020248371209399467
0.024511524812169228,0.003540629689629024
0.13967309230622504,0.003418987819873628
0.03852564327564778,0.003968218974307337
0.014619618523056488,0.0039392324132718455
0.05746617716590663,0.003358944560354342
0.0007747452290232104,0.008979930616926254
0.049045448871424924,0.004546984293377615
0.01822487708091103,0.0025522316811115403
0.04351643768723079,0.003942231189921932
0.10463419844529653,0.0023554539308058347
0.012406167141648439,0.00022210612547896168
0.12771037967127086,0.0055259977993565804
0.05878346282338498,0.006704899938406145
0.030660271574902254,0.002665348989707018
0.06550824296982682,0.003165251193331145
0.4700838944096404,0.0079836053824746
0.31951328234617904,0.006856382157640633
0.06625468263155199,0.005456439004619544
0.4241688278756328,0.002239749233381708
0.02009357269582779,0.004306784826883159
0.016139184353960445,0.003463012993471131
0.0450036241259113,0.007604748834088429
0.06096043267882578,0.007683814669876312
0.002268754832130071,0.004425268296249412
0.06739096627507024,0.0017463843292569493
0.009903129851409176,0.0059638278387724895
0.029045975233543686,0.0037073616951614733
0.028368983315886,0.0033612966253092065
0.25542920597035845,0.004189719849020627
0.01265134625907649,0.0075722231108448
0.01495258454156101,0.0026968827865316266
0.010577776080367585,0.0027389000701426637
0.0021165365986917095,0.001716213380359175
0.08788329261096806,0.005487694607196295
0.09216723004328742,0.0006788370522309456
0.015935398485339647,0.0033229046892757695
0.16030840126484236,0.007325683630738406
0.007807231201354625,0.0023831020979654767
0.04025881231916628,0.0035525294746278093
0.2097770845374498,0.0038374419440779816
0.04566433421769034,0.0023486343602922874
0.00028370601512506255,0.006665525012779216
0.0007177638799475972,0.004725760311461243
0.06192108602670032,0.005457686030873589
0.08536179979853387,0.002292714607984653
0.12387281714313758,0.0022041968667715632
0.10463088191488623,0.0035037237306006675
0.11218353965114147,0.00757284005439959
0.0154405145376586,0.00976338441552536
0.00902135699379869,0.005810600972604248
0.11383322808819685,0.003343229362891687
0.05961815733405729,0.004669242619925605
0.15564416158372296,0.006558268721023469
0.19694332749190835,0.0036475039120355563
0.15129169096201167,0.0037937892916446586
0.0007940874246514795,0.0037107414283466043
0.04403728608917845,0.005351146688974045
0.12473452215124325,0.0016774707265187706
0.1292308713368584,0.0033249839484141047
0.07790413363841253,0.0023384425138493264
0.1459254840660833,0.005100137227859811
0.28364410519031935,0.004207373536489261
0.03880515033654319,0.004555655196153364
0.003114207389785406,0.005069376424689093
0.05949529717383939,0.007802585886178688
0.05612976626014188,0.004698251349768787
0.032520184172426525,0.006728607551688452
0.02339206290707807,0.0026788690539486315
0.1556096228300703,0.0068204243742589305
0.15029967550685797,0.0036348021605319557
0.0166284731799351,0.002670010131551464
0.039954752433004614,0.0005942568075168573
0.18331435007360142,0.0027259929000770537
0.004203365794865022,0.0019438289305115572
0.014996934435430376,0.005439971033333255
0.03866169262539643,0.0033736528137873873
0.037065594452656114,0.007854942127096316
0.2026497308341959,0.0037888474561577168
0.04269303533226321,0.0021614852627584507
0.04801608935713375,0.006966213445760257
0.10954630603441728,0.004262391835149457
0.11442297025996595,0.005256155371217225
0.0003589279905327203,0.003612217503945958
0.11695696629931263,0.0008047993908407511
0.06397966213137352,0.005417342937573278
0.07295988829548605,0.004081624960490336
0.003857289982306611,0.003197573041324552
0.0932757338950978,0.004984817443843223
0.4828214276066092,0.008149658723111457
0.10375950347952312,0.003513256013834589
0.09210924875446835,0.0022061046285710103
0.3097132819688113,0.005532240323019993
0.001195040903780864,0.002918256410698326
0.048512520161466455,0.0030916632338531046
0.7152294127556615,0.004169174266574717
0.11910718731041925,0.00573892768927024
0.1960355427632976,0.0043017416012228445
0.12496870027928253,0.005637278825867727
0.15142858309104668,0.0025831105469058613
0.01544759517298644,0.00540262330591406
0.10870960783677219,0.008552524400005057
0.13701124418105337,0.006123597151658918
0.044850412432310804,0.0029848692822496492
0.029941165379341328,0.0012106613383551835
0.14751960157889243,0.006717379502808036
0.013111710287034839,0.00398114174376098
0.022804476054488987,0.000760837195492771
0.005114820588573821,0.004287403989734065
0.051376911584156915,0.0049612194532618935
0.30636869076852236,0.006530159448050288
0.5110699566048424,0.0036590959611278043
0.09698286533159717,0.006154373246833333
0.015151790286608957,0.003917404239930281
0.32070919676948506,0.001364384029053567
0.01111633729294681,0.004646760514030917
0.2245770246124721,0.006649034874309731
0.17022930438702133,0.0016163354708881971
0.128841892940045,0.0070872750415133315
0.10043574396945587,0.0038221487560684384
0.1642765354038147,0.0019108282823878157
0.05864149400952101,0.002872807475881026
0.012751642612329306,0.004542692772466907
0.07417017374450552,0.004776609511727202
0.2535554035333689,0.0033088425777973362
0.012419131397450656,0.001335403395197806
0.23247537578231459,0.0028811093539702955
0.007064743969522169,0.003547608646632957
0.08947449492836768,0.005773061107266198
0.21930986273946473,0.0012373857490854737
0.16702859199074283,0.007859833818768779
0.08866337437530092,0.002980307435784198
0.0021829211979138563,0.007366584519367855
0.07542420874779054,0.0014442758828841188
0.1983667674478511,0.0013705549992212164
0.010851618989704548,0.0010846732618825879
0.035416482258028736,0.0011297994678262505
0.029316393082808645,0.009149460545402088
0.23360552044925953,0.0021680684389316566
0.04409120411673939,0.0024044267967668746
0.1549368435581755,0.00405273047296053
0.010216014497700598,0.003970733900934523
0.0036025893978148815,0.005415935844479126
0.1165760824632116,0.0018529281209172556
0.03228578109485625,0.003663178428863518
0.14186523054365807,0.0056700671155614805
0.11356232473474392,0.008387384837133341
0.08235558174112612,0.007432092544913615
0.2073624373005032,0.002216056525421513
0.021225997325359458,0.002112377072762619
0.041613831289623704,0.0010850519946874724
0.045568581790803364,0.005152157687194213
0.12904879564280236,0.005898645316475919
0.012384498278720457,0.00693416435998701
0.1216704439204932,0.007942042425555355
0.1478947039349805,0.0024174850122830327
0.0064667703674103905,0.005949784598571435
0.04743879371358162,0.007635391042769114
0.24092398164850692,0.006274832477233823
0.019028265411975553,0.0014563626505052
0.05727432223000051,0.001981030557390602
0.017706375847524214,0.007138031762376641
0.0857611731370298,0.005736813510643249
0.10441515666593659,0.0014774402906073643
0.08027835347240853,0.0037144286919792804
0.05546520855500603,0.0007102569176428649
0.13721404267164417,0.005030142440790128
0.028758269719901364,0.0020493834879459767
0.11109153161794438,0.005174472965794489
0.09491241325406463,0.008306938946735709
0.02765790071111951,0.0036791567864395843
0.02124156887055051,0.004920529637825391
0.14011667092586322,0.0023606059849866304
0.3539128019258442,0.003525576614153172
0.0878811229282519,0.009312712401609718
0.17802833187454326,0.00368659370535054
0.1101701821178267,0.000496485764512415
0.006684226665811366,0.006842031901056856
0.1133655990133775,0.0016612143678958779
0.010791199074787983,0.0016467590289805285
0.04656334142066498,0.00252462856690427
0.05078434017480049,0.005065492088757482
0.1692772302742469,0.004253762954886132
0.08567641595493569,0.004764709798017104
0.19529309057475075,0.005114179473837276
0.1700723542386413,0.0016980414063853962
0.19902053477937898,0.001529567722760972
0.07759060319870059,0.0033841568684077864
0.004698412520951933,0.0037089495204494353
0.11742710681971857,0.004329451139167942
0.0940691062736505,0.0032162432254952368
0.30990577861985,0.004699231436827326
0.062135479532457794,0.0038618050873676455
0.035188379201485986,0.002703277184135588
0.12605580319689125,0.0054017284343404
0.07069926274391491,0.0018081956566320552
0.03827583189718098,0.002027397295912148
0.34778605057033474,0.00210537035147126
0.07447524287260876,0.004430049965750164
0.07190128803642892,0.005777604661318379
0.1081289922368569,0.0037711832450870748
0.03776661616768706,0.015388623057925706
0.15580564584558942,0.001708830845189143
0.027569123794364714,0.0065522035222616475
0.0007680104001792643,0.001607992169613222
0.16169919140168076,0.0006441091067764614
0.027990634284151383,0.002241198189712374
0.022309664862291356,0.006844765216695777
0.04751649927766266,0.001881785178014404
0.0023862924194872903,0.0007495194046632243
0.06763917884222792,0.002676220751472737
0.03409470498434075,0.0023262726706063815
0.009894266779042482,0.0002542359319964765
0.056455621968211744,0.0031238185142677946
0.01601773139600482,0.0073796269947923165
0.3233541360924619,0.0006966271070303128
0.053882879224829594,0.002476812273744014
0.10524733531190122,0.003923506423613794
0.15554774514771452,0.003379657858747406
0.10524036650917878,0.002111760425007181
0.09603036188229908,0.0047713447933179914
0.05081350888531233,0.0035241242856166115
0.1311805818945686,0.002335765964136208
0.0777827247497953,0.003988815856223376
0.026468810456776737,0.004586123390141115
0.07574450292247548,0.0018131353538222475
0.03941199709583998,0.0007969656434767043
0.008662321341716961,0.0027085764778340547
0.18237722245419263,0.001364597735443125
0.458312391055415,0.0020404964887238116
0.028883284787070806,0.004430881219279154
0.10535258689071725,0.003672124167699137
0.044148484254606046,0.009781805071672338
0.34200612994368385,0.010263336248791425
0.15006985784282278,0.0008051674358520348
0.13360208175913613,0.012681442185646923
0.08300657646839227,0.003880317307419634
0.09086570279475836,0.0008281231420847824
0.009788100036189462,0.007237884340572595
0.04335547681841945,0.0029364928528270934
0.23116608804082261,0.003320202672660756
0.034283095528508056,0.003439296907164675
0.018896299928201188,0.005004014015622145
0.09167958972875567,0.006630061342756516
0.0345791008321612,0.00255439086461482
0.05881219575121577,0.004276299681450252
0.056231238061968725,0.005307605820308857
0.18055089328686336,0.002333448356856888
0.03455767690218181,0.003586782353055438
0.1322099811472981,0.00532137449897163
0.008183877933106487,0.0034681405971452714
0.0040458321266214625,0.0036869178070369907
0.015861456252309836,0.005458632013205576
0.21174558680547761,0.00421131845546002
0.1478508504274032,0.011359896557851726
0.1929560625146678,0.0014961212258678476
0.003969238022250465,0.00484633259474274
0.04856047448197387,0.0051045737790972245
0.01090317781961403,0.0033518728133235475
0.14259865654628356,0.0030010563110695375
0.05253160094139275,0.003612706987395693
0.07620493716831334,0.00250757834542652
0.06945180114075811,0.004283112610914533
0.12138777287395897,0.007801343908522852
0.005986239916865088,0.0008813478709608326
0.028949344000920973,0.00659360900935622
0.0022246362073019554,0.009670243113191968
0.036515242167865836,0.0019439885862473792
0.013788161965976542,0.0014432325379212562
0.04953141410362605,0.003437467737171596
0.33498643528366756,0.0021790357813054775
0.019064661581751352,0.003473808311377236
0.10056150665263885,0.0010138260142489803
0.03629295298128454,0.0063963290334996545
0.013194877671821814,0.0026887464023409567
0.01992583517812818,0.008560356919516059
0.04798765250961878,0.0035524145097766114
0.03171152674701716,0.0025634053079283963
0.009782686946095964,0.003622709610141272
0.012387727592340525,0.005032776560617391
0.29114383296621327,0.002625175639952912
0.11810546819901901,0.007482221409345814
0.05210121676975632,0.006265444388289965
0.03104442641586047,0.004391861379613317
0.006017103521799072,0.009002056251282118
0.0820252042364018,0.004826518183927931
0.03775085616587148,0.004596311608362598
0.01903600093123714,0.0030387119203684246
0.004329530351924404,0.0058901353608451805
0.1383240058418096,0.002579719040963105
0.04700098408136455,0.00561308876154124
0.03144713410154054,0.00855044179366632
0.01646347185828745,0.011131867990882541
0.11826496146534282,0.008069108904327181
0.029983857594970686,0.002873527695069273
0.06410054153855071,0.0027073306098063057
0.2154282668916494,0.0028602616083982443
0.32191724301310387,0.002391745901337591
0.10287493955581795,0.004532407515383478
0.02617508860646467,0.006216181182218359
0.1968565398492501,0.0053497496775296565
0.05682334024015745,0.0056912860325454015
0.0175688119257984,0.002186608471297491
0.09488027379165942,0.005376448521964864
0.03602858588158142,0.0077092288718970175
0.2704325380617547,0.007420580177975737
0.009173854772825507,0.0039176795444496705
0.02457027128377831,0.00788585388549137
0.04519643273602014,0.003908567030392731
0.002412599683566441,0.008261130141056571
0.2304530173087187,0.00038424639633747286
0.007073362637243008,0.0019076925301972096
0.10850358571155994,0.002243614356065968
0.24982251918959264,0.00539535690297872
0.053235403839721585,0.001771002482035264
0.021903775275859516,0.014196390321343923
0.17666998971083103,0.000271032026109882
0.09746136246485548,0.008463827404139998
0.13936182860504687,0.006205046835202933
0.1178936557561201,0.011946940995004368
0.02546038400123507,0.0025234328730131656
0.3636052391684643,0.003257852279863017
0.005015278399582712,0.006050232186303544
0.14753066260334435,0.0013476976480389124
0.40751463545973365,0.00047887023297615774
0.05107577092178417,0.003509651391571212
0.1168699644130129,0.005322854972175182
0.06606466790128707,0.0027702748131879728
0.025800326494163528,0.0030617925651442598
0.05669899500628617,0.008305690383961301
0.0947144717330275,0.0027172127201850267
0.02311324707568474,0.002238225453099513
0.0494926009947676,0.0013361129676994783
0.04973084269113315,0.00439039281530231
0.108023318074288,0.0024007308040708657
0.06758574400851103,0.0030778157911042067
0.0038413610494671957,0.0031462604979373685
0.04661148848276753,0.0019215165773890793
0.017230418720032503,0.0017381718149182897
0.010044630889524342,0.0034458357620075156
0.02233590665139218,0.002246332206065742
0.05854168944472349,0.004407984023598544
0.01088083280274077,0.003853203104148064
0.0662365642020859,0.004978577937676015
0.34399583998310845,0.00622110896250698
0.02867395138878237,0.003982188149370141
0.01108839114044713,0.0027048286710647214
0.15150611248543555,0.004350234104523393
0.004709770200065577,0.003127831960501162
0.06585852209695986,0.003473592093754462
0.03450433944033193,0.003063455316011141
0.02502999822752372,0.0029351708844772458
0.24904537871680077,0.000744030461170985
0.004172558232767187,0.0029407787345939575
0.11708667609389067,0.0018241055528555703
0.0008787452608203239,0.005161089657850152
0.148552385133371,0.005820762519546293
0.3105995750264583,0.0035615004311970893
0.09871062943909692,0.006115717184373991
0.08915217062542524,0.0031327711491691453
0.11136181928111455,0.010065726358586272
0.006614322458744937,0.0030562203576220016
0.06601705350271914,0.0051207804756175325
0.17505230204346844,0.006649246769461101
0.0416401037051628,0.007253104915191159
0.27830552989212265,0.0031543826470690245
0.07086079245118526,0.0006274593276027589
0.018732124231178204,0.006727839287602206
0.01611520324695448,0.0017427053079358216
0.09202857312777724,0.0008440890078424158
0.03411866064686819,0.0070228382273200786
0.024787711460362516,0.008398638937918007
0.26274547871128107,0.009914712154603541
0.03023639046034532,0.008392254863920007
0.06362067952250072,0.0038660830231719927
0.2989525381203748,0.010396500060903703
0.1294113365048588,0.0020706487746729803
0.20013599403330318,0.0023301828418704866
0.07935037970355552,0.006302553195306312
0.0010945531876132009,0.0010214225067949406
0.19856224268608003,0.0014284866000323913
0.10933099152805426,0.0030616808955016015
0.21928724011240774,0.0011950486016811183
0.12377077906603517,0.002746249067697296
0.17917535986532585,0.005858700804147938
0.13825322974912524,0.004444001239765522
0.030682325696147927,0.00895253700446887
0.18947002628794962,0.00432064651769511
0.043187811528810016,0.006662573695179708
0.05110836817641484,0.005825035699628769
0.02220820616378205,0.005397504437743807
0.0215023441617177,0.008321222867605256
0.12485364090321127,0.004917207357475018
0.14804495124417372,0.005318632264973588
0.03605796067529354,0.004811359314509986
0.03639896576373758,0.008224704666851398
0.04960858356366771,0.004654921392608503
0.3436213484936843,0.003378478190194953
0.08656553787977828,0.0031255200674393884
0.11356238228609072,0.005960257597305872
0.36623191811361266,0.0071478068593420355
0.02646290465418133,0.006349416837170281
0.318898673793683,0.003308220170416837
0.07493778562582065,0.004152030892043293
0.12112281518000145,0.0063724251912800145
0.10242492359316202,0.004433048857175575
0.012756166978988404,0.0033069905332998263
0.007772378969093552,0.004081156304271887
0.020577982942768358,0.005425818240972299
0.05110399237173624,0.005168257687221223
0.029114164295151568,0.0028857743599335385
0.10293832839170136,0.0007884405484832588
0.07471087040119073,0.0033435150829845914
0.024617809007963842,0.003871617784100146
0.01079361941492607,0.0019994041343196546
0.006957631008958742,0.0023824671923912836
0.02919114215649188,0.0048255091128085225
0.2022796214121172,0.0011098877424268996
0.03303565684643672,0.0010008279110128502
0.015753759453559724,0.006697327667736897
0.24395184116121982,0.006416874028704664
0.11473289644663964,0.006840545605707386
0.07639053545210572,0.0022070801135234386
0.057322331957607275,0.0062139098528123495
0.14652913998907025,0.009918421149976072
0.015812065965405964,0.009305670259563362
0.02661643515261858,0.003478497196174198
0.014332872918885187,0.0034860756507176854
0.052388077376463116,0.005010286365438049
0.012435467846785286,0.006715256828129766
0.04521852869584109,0.007816469769883627
0.03036360212956879,0.004105147808019091
0.0024318995834846646,0.0025207064333490786
0.044095020597183066,0.004789749990931747
0.018558044677774888,0.0002047123089362536
0.24905893411312263,0.002426809528457891
0.045076245055497566,0.0071084870928916485
0.011133791658153314,0.005449731745852644
0.06956321297900558,0.0025007166277678542
0.028639951724812818,0.00244143902100606
0.14891650505057896,0.003226088132267097
0.019614069893577835,0.0012122795345122215
0.07127802418403917,0.003574492484873852
0.0129641921359962,0.0051393336202492325
0.007737941529171621,0.0028928826460231463
0.06765242581104758,0.0039871342913496075
0.027151810627742634,0.0034036319978375607
0.0014008364173605514,0.0053937948858916885
0.13112558834166066,0.0031498753829179746
0.15048685116880733,0.004879658949500577
0.18013592774639164,0.001479229580469518
0.05049567771686725,0.00022741194501396677
0.07763771184977486,0.0077250184341614465
0.17962160470665367,0.0023464521489407
0.12155058334315072,0.0022307518375166524
0.13673236206750516,0.0076546019102540835
0.015825985364131157,0.0017722771056113624
0.09973834822358185,0.00036041621245334914
0.17568912491810806,0.0026957068484947575
0.23483340719144508,0.004822803962680172
0.05433419065491307,0.001608201804601531
0.09582433382865929,0.003653263333447705
0.26799908543318907,0.007495201763865447
0.04193656908057619,0.007305680302957715
0.11122734837931603,0.007885129633141525
0.05433019046915888,0.001694323990781257
0.03150781393651414,0.004491490067312418
0.10988330625639264,0.002693046973370765
0.02400972947793889,0.006550486243931776
0.060123182205416015,0.004027859350988254
0.0008746298670985198,0.0029739155589559104
0.25930362888539094,0.004954382416104946
0.06807084623949322,0.004822482951521246
0.1816422000761122,0.003420646505172807
0.2918708684783269,0.003431645671428597
0.17643624272091074,0.0012552699313763843
0.08235538221083516,0.0017932780975430315
0.12277157345602063,0.005269975902110299
0.024729734676725457,0.00914997144279417
0.14248683481912394,0.007496177569868006
0.053433173196708594,0.0031598428420252745
0.6981561885605743,0.002508054253474082
0.05488601139416005,0.004380121949874183
0.013144657220436784,0.009048629722107288
0.09904365309114382,0.0017857791117379617
0.020319160955637017,0.0032034129870868026
0.06108288270320372,0.006917178128053723
0.07908773304734495,0.003997062773031209
0.08299965667799825,0.006177134316579366
0.0537907341031314,0.007660553420203083
0.6070501047109929,0.0031661803273679394
0.06537143314562854,0.003398257626681737
0.2116662212230267,0.0011216692150090638
0.08806945505261865,0.002685371923601096
0.0943934325337068,0.0011262465492241054
0.04744156280412426,0.0017175273484464012
0.0017711867759544475,0.0008425287703555287
0.18417147479647156,0.005355786979828663
0.03442413641073472,0.0028485132285295893
0.022719509366083912,0.006941723138630789
0.10053111086835997,0.0014911149388841885
0.04102531661385456,0.006852773702164701
0.1793508315180361,0.0010673572206850682
0.04168933184234902,0.004182167405337174
0.0986374345694685,0.004620626410352557
0.22414497727083926,0.004526479918830805
0.06946705227437633,0.005364684217622011
0.0039444218311928125,0.009546048777692556
0.08234703333221205,0.003649073715652594
0.09196013646703705,0.007153200108104499
0.049035306628979924,0.009213744431778572
0.11811082067004008,0.0017649197170276046
0.10369826432338414,0.0034905906712148324
0.017709317796970936,0.008612604814895283
0.0741238695161428,0.004928740620089123
0.03874297549180028,0.006436265099973056
0.03363821008122159,0.00462057613656578
0.07715553694902155,0.003211528363386839
0.1346510062892321,0.0025806237485039097
0.08115406300612449,0.0024622016967271233
0.19753628258706613,0.005067999866397663
0.05198868359536846,0.0023037360966668067
0.0007255754063635322,0.0013747928950145068
0.07928726265186015,0.0033944704254379576
0.011278920776248924,0.002231419180707706
0.17400217569991128,0.0048403045166876164
0.027565159250116267,0.002282789623564758
0.013657429354225314,0.008910253062788453
0.032750335117725626,0.003171442295753127
0.022723394884337722,0.004064603523414586
0.054626504791144725,0.0037803868647662384
0.2670247794480929,0.006178251712703009
0.005852736769497824,0.00037334559200000807
0.49086533855177095,0.0007064041459911847
0.06503504716647512,0.0017350875140892867
0.08600094106463985,0.005119659760098963
0.10308749714943133,0.0024328653827318737
0.07518056768378756,0.0034945571924073627
0.024104579502136403,0.005240561430138894
0.17192088981596498,0.005120393464860774
0.04042399778415984,0.004149289045973807
0.00584241664705587,0.004937301014680588
0.28802941512310554,0.005879389046706491
0.08315671446246142,0.0031898547605735106
0.05925863044149082,0.003409576420554975
0.02824786577184568,0.0018242439875080757
0.07220019243357001,0.003121778599609269
0.10593189839812567,0.007219658369618647
0.008962685057099407,0.002336328700181039
0.14848340649768943,0.005142749866702787
0.05320970715797557,0.006050752902876991
0.009012641870072002,0.00402241248547762
0.1366074797768988,0.0030666270161520807
0.2876049966583878,0.006450582457481576
0.10253728279110419,0.0012086409202688216
0.03416578059852782,0.0027582293361799884
0.006281886159626993,0.002386559150909908
0.1622918220275551,0.0013698081741743023
0.010762589874275363,0.0047651698577360554
0.05542080774762326,0.004650670447407535
0.15412999776515335,0.006321670376355098
0.18469360424876413,0.005019967335309666
9.11731170845087E-05,0.003423709122776379
0.17420557289074168,0.003155777520104462
0.018957267067548855,0.0038097152495810732
0.02008625729945379,0.0009411182118962471
0.118086182093748,0.0020913216784521475
0.0651406192939703,0.003603452536646015
0.057502195069105255,0.006658651471396506
0.32454600871835737,0.004085329307310109
0.030664826939641898,0.00445898418278744
0.010221909338042678,0.0029817926693220726
0.028909151710990955,0.004372545769415672
0.02590724317508375,0.00464431951999837
0.023512424135446963,0.00483400149430853
0.08528511446797893,0.003703953635411854
0.1102413381693168,0.0011358808791866427
0.10812557546444168,0.007845323827845951
0.15002067123737106,0.0024207252285437498
0.08340442931910275,0.0028422639541235604
0.010822832657368053,0.0028838382723734364
0.1903784324707658,0.005640393395108812
0.1931555006998451,0.0044975859879888246
0.004915681418083295,0.0034204550748692026
0.04500314912115755,0.005095475423960667
0.03756085026031997,0.0014694338925002836
0.09314320335522552,0.0025929157486996963
0.009429443886233457,0.0015556210130502567
0.021737154480092613,0.004361028514263205
0.12887261125592886,0.001634924986676958
0.0504238921777187,0.0010095778566049595
0.07651029142664356,0.005430210918571968
0.036886519637846504,0.005984742353573681
0.006376414171427314,0.0050499196244373065
0.019826898981591512,0.0012809834372832646
0.06572429307198036,0.005041844771805213
0.07561421954369507,0.0037197494112034828
0.08043622182617582,0.004915494958963148
0.0031897701078378304,0.00910446282564814
0.002527377664364394,0.006593661970083792
0.17335022413101342,0.0029545633843182984
0.03250976866138444,0.0052659946894186935
0.3482930500100565,0.003301885880632759
0.07984109898745828,0.0026992199320480617
0.16012747971603858,0.0031104095299525885
0.14979077007069463,0.005864090103915607
0.08748689527385523,0.001965141323270467
0.1264228816794457,0.0036487668356748365
0.06647832995111003,0.008011584772044937
0.11904899676585501,0.0037917861935288797
0.04129325034909925,0.00063973028073848
0.049211656140300875,0.00542652215773949
0.11830867682442658,0.008174388124657017
0.15022276979198068,0.0007892885862968262
0.06081077930195988,0.001488148093838889
0.16520691449647984,0.0016001376093137726
0.09054502147159837,0.0035695049823528534
0.027858221984502052,0.0037078511565444856
0.002904698557017582,0.0017775650134116984
0.005352208973704364,0.00713444140984985
0.1718466520800348,0.005131990050661401
0.12873309800602328,0.003828132812522974
0.02763102784479088,0.002230774560804499
0.01657590058664482,0.0012337594798699544
0.30330331301252045,0.008008076344414087
0.103132832459778,0.002292354944698481
0.038400124494728516,0.0035633528170318945
0.0007810994521832981,0.003645694730649309
0.026397046873739782,0.00478832069332936
0.008678434403350366,0.0008426733591623672
0.019290669527549653,0.0035667830061509457
0.17138891299805437,0.009890246242185586
0.15987153348464744,0.00572701321368603
0.15495927896529338,0.004135264593766994
0.30265346211672295,0.006776358449837505
0.5199470997113167,0.002684478559096712
0.007629072894019373,0.0017240256025014135
0.16212570864297504,0.00806022941313951
0.20674001747670445,0.00035265137518736186
0.193572761456835,0.003940752866915647
0.13581274526040943,0.007792229440568167
0.3396365233081724,0.0034410046387323067
0.22250422479407916,0.0027988361450703506
0.01602288232220417,0.0026026236277574334
0.1572567240115177,0.0014828474101153033
0.019607116858196605,0.005402986374641822
0.18698200843641644,0.009599941932070663
0.019790718021113207,0.0028244760440286386
0.03897396223226224,0.004539473801635841
0.003885765313611955,0.003984083310757768
0.05594011327400494,0.005444005210105511
0.025523326868892582,0.003603650922991143
0.07770100519178413,0.0017671825484662596
0.10002413338168026,0.0066843995203592806
0.07890789062480508,0.004055071664608408
0.08820513209116143,0.001651433821450046
0.09041631580168996,0.0031564574358082134
0.06922078117224828,0.001955900659290004
0.0725658253727488,0.003349424331161668
0.01075419286610213,0.00390210560769025
0.26723801072603237,0.0070694868319942
0.14070274999073717,0.003688897735271824
0.030947588526032632,0.0019097556833320428
0.09526728191690381,0.005030167741931894
0.07429684891690158,0.0060932861163631325
0.0006087546396429389,0.00790703347880036
0.012402023894082959,0.0032123162549582743
0.42778129438852375,0.00413199506478713
0.0030530262749834947,0.0026092544784728617
0.3741285565419048,0.010180681488577106
0.018095682256216605,0.006697312452318622
0.027464221114883003,0.005560163333801143
0.32199191582651565,0.008096330293484097
0.01697838591087475,0.00044927685134076197
0.1276693620422975,0.005953937665096595
0.251979843428785,0.002124993283992899
0.2422304329703593,0.0017780655896049605
0.3042062522015385,0.002372694983068699
0.26539640954104016,0.0012190171690745128
0.06294932498974504,0.004956219623813733
0.04686364045232949,0.002846936998169516
0.012853634414454973,0.004897076456347111
0.030923890774829488,0.004418614817004898
0.01636050686170165,0.005807022185387685
0.04367024562691313,0.0016227735534202247
0.02129831742922761,0.005229376858779233
0.11326936725345149,0.007644965406234654
0.026457487410198155,0.0036006539240906886
0.00013787523846531258,0.007845603671459409
0.03251000060390652,0.006149055116348932
0.043667439902833394,0.006713898297294245
0.10919634183869675,0.005562861934095545
0.07467766512752405,0.004246307593896483
0.0021828344821415158,0.0065596401380720645
0.002802025159439836,0.00363585088400638
0.0533050997241844,0.006830172198919035
0.04085290811133291,0.006357388614016912
0.03296141293265009,0.006065304646900552
0.10403886090864489,0.004941608016524351
0.010314740726130367,0.002537995763745825
0.007612166068497572,0.0002017290289451684
0.05669694465075281,0.0008038293248096015
0.007166256390632952,0.004520010061449591
0.1279175702785551,0.001561478597515399
0.036447911122195364,0.002887626533434522
0.07302187758511991,0.001993239731079308
0.14797277868467518,0.002628244054629146
0.058767624496567805,0.0009094486119848791
0.07619113906696384,0.004719637095092383
0.09802406000881092,0.0019027738032108361
0.008885183249503825,0.003180823600082483
0.21846590449774794,0.0026782492243775163
0.017197866408196205,0.006228172287330598
0.05535703764155642,0.0035397805271273493
0.04125936194282076,0.0023805034143346534
0.13538679617522575,0.003945891556485428
0.08460982439498821,0.002402162241888072
0.04941571306710557,0.0019140518974491182
0.1360624941826245,0.006796087591818442
0.1978629204312483,0.00731751842239073
0.009778971865330277,0.0024928251248311803
0.0024149470684733387,0.00309292995023093
0.03947848993368552,0.0027718253906988417
0.02335763377152489,0.00500105504098122
0.19816440034799143,0.004566180696050193
0.09828201934283243,0.0054169794191763045
0.04229738025844654,0.0026359849448259714
0.18110168483474354,0.005515545137361758
0.18983025623151661,0.009667119620707876
0.06492926419275591,0.0019080555726662307
0.04915168712250306,0.0035261100087430157
0.28689828942947315,0.00369013910913405
0.019321403383855795,0.005909730800617317
0.012990538198437207,0.002179995266331175
0.5697027569666488,0.005499645792003611
0.06510339103078877,0.0067198833550238994
0.06489313675672292,0.005334907159201335
0.010450965263657963,0.0021266355381322592
0.23453863262113828,0.00682388955239398
0.11556243843574521,0.003967508890756984
0.033135794371901284,0.0013656625538858646
0.028485520477488535,0.004088211496276566
0.16314514367536503,0.003143023872737235
0.07497131535410517,0.003642021106746482
0.2411135027856517,0.003161499087437752
0.09335806057356422,0.006485172965616064
0.16294320205201984,0.005470524769423587
0.03792857061716859,0.0027092466515515976
0.02921741265924993,0.004144241452654662
0.2867668584929106,0.0021719253290109295
0.03905535084834355,0.003138279156922313
0.1017286071454464,0.0024800253502762783
0.09232056703490343,0.0042104595041359185
0.1328515843772493,0.0016872565785029934
0.05330958446165823,0.005660355401218653
0.04914454211211705,0.005474792412102135
0.11270737655434004,0.0034523055335168094
0.03018299879886399,0.006902198112814092
0.0100408037391162,0.005540553067305675
0.2711960461040235,0.006593625528051724
0.09629123742797674,0.004416302304368665
0.52278565829738,0.002615790429759252
0.07336833208069038,0.007276252743893152
0.3025015072065571,0.00420441302940177
0.09706618746236018,0.006556930138504107
0.28635387229905973,0.0022692766335272565
0.0526558969385178,0.002052825989976341
0.012064484508414353,0.0037624409133864816
0.0020381264466777793,0.002425303417760348
0.009172322279482614,0.003794356524598541
0.22211626999501277,0.002968047542900972
0.09790963892680793,0.004015351013509286
0.0014263556009836975,0.0048602524698791545
0.1395484418532078,0.0034963334362276
0.005719491122931686,0.0063409941780629845
0.03427341022324981,0.003995914977252102
0.017767919030120538,0.005462149311444505
0.06788066440776674,0.002723155030876834
0.050699379388447596,0.0005502966003284501
0.09555707626282128,0.0023978325738868043
0.0832121202813596,0.0010833525475978589
0.19260160545252347,0.004509636677860858
0.03591616470794179,0.0039651237906920345
0.02896469118911682,0.008801217151073962
0.2688487370620578,0.008689588021283348
0.34718784887650145,0.007775221542334194
0.11192038408000826,0.0063608905454410804
0.03051311919659838,0.003546054403520831
0.030068070050788265,0.00446876236886469
0.21943062324965013,0.005316698833323103
0.009416701290774654,0.0035912595184491294
0.11598726776549029,0.007744437696534436
0.01508635063919428,0.001807677066427778
0.019564577423238916,0.0032705410220575768
0.1348488907939327,0.00656582120628421
0.042975397863529,0.004331461390310871
0.10848443944655628,0.003967478831761089
0.11584611901434982,0.0027782325230006483
0.13741675448477508,0.003342533045508579
0.03334916756398343,0.002101843207311393
0.03840034425729755,0.006308443639897105
0.05269675194585943,0.003199054157693447
0.048315855857936185,0.0035623223956521327
0.011545892363301391,0.003771526191979696
0.010551302344197211,0.0017234581310112194
0.17078619992548738,0.0026964326501299277
0.06301656265429756,0.0026560476977285823
0.024008556083117583,0.0026519620135775626
0.12120889701463966,0.006809189197853481
0.2594007193266634,0.0027213723332861267
0.1787166577876178,0.0046610332100487685
0.0750731497543029,0.006768340028197276
0.19160289095714234,0.0027241177217632515
0.09522963383005845,0.0005033665126539523
0.06813336492712097,0.0044667475428411
0.026764791060713833,0.00563378130935415
0.11162423454197778,0.003958739500796317
0.015010561729013716,0.009469602762020997
0.12131479365314135,0.006475599785372796
0.07024856305395133,0.007372305539129855
0.12638580086434104,0.013173398068324002
0.017783891049361955,0.004228492270128968
0.018336021828645244,0.003510817298411205
0.03238179212951309,0.004061447760106851
0.14881223095835594,0.001999942209914189
0.12995472772536232,0.005275042356759287
0.1877701323811607,0.002964759437927045
0.15447183201797543,0.0031798790673669675
0.1661852391702041,0.0014256757785094374
0.22172529235024285,0.0058924625123980565
0.2914362881232364,0.004225491705559032
0.002210280622875871,0.0023150603270767796
0.007274355205140637,0.005533090090537353
0.048198738068549574,0.002312979758981485
0.12194406674336733,0.002842302997215774
0.0649441314857313,0.00433729789696599
0.2414953423146926,0.005743410644524791
0.26163816734640477,0.0023825068860461717
0.10083939086712235,0.0007402160140234621
0.005536248736802918,0.003606400950615787
0.11698265441111744,0.004176338018857672
0.0642108216163706,0.004427980713822103
0.1073989547110159,0.006222533246504067
0.025637672438051595,0.004322426855523851
0.1281900397264053,0.006416388840949493
0.14400047052674836,0.005569265393312674
0.06475772483179298,0.005555289654444988
0.17270355399159598,0.004633516618195125
0.03810511286678775,0.005385121645769643
0.020837904306063137,0.007842979019385424
0.019685535833900758,0.008078346109116038
0.09021491184046226,0.008490724063419323
0.07995752993542737,0.0040656282956462435
0.10244113874625782,0.005668834362173551
0.22297013311163028,0.002175787956067381
0.01653062288789897,0.0018285000940910768
0.2813323365467113,0.002800309511538734
0.016667706086423095,0.0027950021940689324
0.06638798286542169,0.004817928760639813
0.21016967666002984,0.0057240793125764005
0.042712156949278324,0.007736043516827673
0.22273216394000883,0.003482895735592162
0.11734704739035351,0.0031480321547826735
0.18904631649684234,0.005100497574966804
0.12134278345467919,0.003045361974979777
0.016589432549380945,0.004071813030565567
0.22747835520465287,0.007100763764979122
0.03711392311208783,0.006190273448282281
0.040579403059155084,0.0019648204367290426
0.03882708729349815,0.002465162023348079
0.010765592441885019,0.0019510135259782776
0.1007647921478565,0.0016548984127996332
0.3454828263929812,0.0026210940116248088
0.047576210975876165,0.00261175858976358
0.016754760637240906,0.005555426380216734
0.026758376669704376,0.0031674362097159608
0.15564153074478781,0.005920660652680258
0.015288554252265385,0.006712068215784931
0.014668372901269322,0.00437769101346812
0.03725536805097818,0.0030595726120592037
0.0834453964291697,0.003955742307702278
0.17863612113558247,0.002905929439476191
0.02597406415839032,0.0020574599002519236
0.0712055591150147,0.005098681333465115
0.06941628331105676,0.0037347081745435708
0.06127031362098023,0.0032057656829189668
0.19164864015226613,0.003127578593752142
0.176952232884787,0.005424031269979633
0.05205152837015703,0.004512429624912459
0.16611748478862864,0.0021984424346130444
0.16350911897848164,0.002951796185732057
0.04455542698974568,0.004848316136420871
0.07060571899819479,0.00567181157476414
0.039121705081697655,0.002094752482931139
0.010978281520465316,0.00198798713519947
0.021948511793766556,0.006407296726787181
0.14107207438883052,0.008809487250003132
0.025487862369118375,0.006053392222865887
0.019073287278047246,0.005630993334802053
0.0021723379187506,0.0049249838205289494
0.057988392021002255,0.005411253586102183
0.027180321529272078,0.003666735757044601
0.2741264413937188,0.0008453460523408633
0.04943734419464363,0.008162549965871936
0.058878270340528616,0.003847199977045571
0.13435821236976153,0.002516905306564888
0.037766459036106426,0.0015263255906622882
0.06478565490522215,0.005320232006165897
0.10835677820466572,0.005496384063106887
0.106865287732262,0.00610058801664212
0.006034437787207025,0.001690833639316848
0.03012754814494656,0.003921785537707984
0.04853619599123249,0.005735483086839522
0.037071097488592386,0.007184108606837493
0.023274912769920775,0.0012655218492207848
0.004905274386374003,0.0060646390148394545
0.08984569581218693,0.006373503952508829
0.29660519625463166,0.008011321488668273
0.057732444600901545,0.0011899934490188816
0.014588767733926034,0.005103684237962949
0.07392642241381964,0.003631482318502332
0.02269857850455992,0.0038475575827980955
0.21689347315111718,0.0046362653799938034
0.11563355088333083,0.00434775448274819
0.14064626219931142,0.006123257805329691
0.10103460477625958,0.003092954705977916
0.039240701166818326,0.0026211477628152067
0.19077972258878617,0.00539393903283782
0.18862150098789243,0.0008953478416753955
0.1605514323495072,0.004482069996532331
0.20341929821790927,0.006131550850245295
0.3601859768053828,0.005747344947610531
0.0694694968821068,0.004773349005289985
0.1247789182152701,0.004549861069231087
0.013199767738683477,0.00499373990530467
0.06345791288754299,0.004284820013327858
0.08807381000451642,0.0045578924763876125
0.049880306963359544,0.004166471365726499
0.18069610775296496,0.002390303482764836
0.1691890005726009,0.004599244341199533
0.24444831532628086,0.003919870260185758
0.09704885807730079,0.005192006977617225
0.02348951448891512,0.00262620361078137
0.10224225160618516,0.005192419607852056
0.04855200662700554,0.005633909421814456
0.08814143526501539,0.0026290926648334886
0.07746720980628652,0.0019145674465903047
0.12649047804643487,0.0024767968960559095
0.015015654326020922,0.00383540951349738
0.05648562329326978,0.004328084331259562
0.12403712907428144,0.006813921845895733
0.06725272669007154,0.0016256579736522142
0.07856102165249013,0.006831278018765742
0.11501347080877622,0.0059810792115625065
0.11566811437046454,0.0036624561617613397
0.1651888649510056,0.002867080102096786
0.05430777277967991,0.009766476147561404
0.12066388937364536,0.0055389807333253264
0.12829475267358248,0.002597032227421378
0.013622069879488663,0.002758605060507971
0.10877766385340237,0.0011392813869022082
0.02999015417526607,0.0048509644473436805
0.022817815455709933,0.0007396325081985546
0.13303047346585117,0.005994011556421871
0.01817356159017436,0.004628216102438454
0.026575428124147038,0.004292543167997016
0.16725332251530745,0.006338587367859916
0.09979716540271966,0.002820619563429156
0.005047133136713455,0.003696981276212199
0.01938050534215563,0.0023364505268710983
0.042122299335005664,0.00472529041372589
0.04810651095363028,0.0015547224712683123
0.05666490197950225,0.002533642092805198
0.23679747630217207,0.004612383479891682
0.00719294808959603,0.007516743173579879
0.04463560957981372,0.0017927256953442511
0.25220237492362685,0.0013688967173877647
0.36133150608793585,0.002712413768689339
0.02269383410600767,0.003929186336960326
0.002571954842096602,0.005733920631911717
0.18417410866311457,0.002092224436623254
0.1843643296757591,0.004505748040874828
0.06034687126236804,0.006543954547796332
0.15760158056718865,0.0038688814310851197
0.035544892950042595,0.005870518694772424
0.017278764493426024,0.003987725036738577
0.005582137901569695,0.002673172096632844
0.06900334437534639,0.00643880063821817
0.013942251965886499,0.002123235372917221
0.03349779033305822,0.0019837396396175364
0.050329324827089295,0.010642714612785214
0.21563227741148694,0.0034704945065239276
0.11419372236719028,0.0025324658647513476
0.0327182104831536,0.0026284551008917017
0.016711175140699197,0.0029501631623981743
0.060360624727422874,0.0056104226205084245
0.10908735053078544,0.0037304664707558106
0.08569926449160903,0.006344802607915003
0.08868082382389275,0.004968995784550102
0.17337118989792089,0.007557336051833271
0.27404523588722896,0.0037677178920992927
0.23113409532766127,0.002949254452080912
0.02033102449240687,0.0061300900603819914
0.22967978125575428,0.00512219611788156
0.2415452224507817,0.005664813980792477
0.12588836736244957,0.002551541704932944
0.17942452377269547,0.002857767593976703
0.04276786987088599,0.0031714990063790058
0.17812975436902434,0.004770865179099762
0.15923478213130693,0.0018531676294849897
0.17104631458448694,0.003248833958682382
0.020529645470446667,0.004679013748228242
0.06129871506050222,0.0030234206362569414
0.07308410807718246,0.005033365140902872
0.06058157016525456,0.008767746535608589
0.10326800481607279,0.0017326971098738867
0.30225882455147257,0.007017021586472274
0.016755919654087847,0.0054485715506835284
0.05372696056576842,0.0030562682119091838
0.27076641844337246,0.0023506622934010247
0.06872380096979214,0.005901180791137383
0.2043596904890137,0.001969001075476923
0.09031982197836896,0.005080503607726546
0.04812522395479846,0.003785573102902699
0.23322931342829634,0.002007694309873182
0.11184602485548112,0.005189764221990601
0.07766355845751605,0.0026079106979723836
0.0026841533955348496,0.0048058692460606935
0.11999786669866808,0.003131463690362811
0.12294037290917004,0.005077231418027309
0.07122579744475388,0.0035062270958256063
0.0169786596746917,0.006677595571386851
0.02215296917552223,0.0033053289585053152
0.01705253868794898,0.005587483620309245
0.19159395383587707,0.0054042230708708896
0.05630108008995194,0.005808900120424279
0.05750973776810042,0.00543369612848088
0.029344733457833172,0.000839847215656746
0.3820596251180177,0.0027231868568174046
0.02221564533704168,0.0008189113793746725
0.016109462702843302,0.006923475253317135
0.00941009822918204,0.002442268918057574
0.03189778418425249,0.004362705395788772
0.03294337652732793,0.001966767466878956
0.07597017496618719,0.0035065836147419598
0.08351185088110924,0.005359666070539409
0.07177732507830115,0.004486187347209637
0.36013243394222627,0.004723316937128378
0.10416267721541317,0.0071232800256416096
0.24505319220963884,0.006891833639884254
0.07195849772585916,0.002882196005786678
0.23258114105180994,0.0033049098671197523
0.2859157086961659,0.004322390424926043
0.060440539290880224,0.00575440470929183
0.004217250211922874,0.0012746972951974398
0.03507065647420404,0.004601194757539012
0.08902619037155546,0.001943950796868121
0.029783397694359337,0.004492416755453791
0.1318860403077906,0.001800786896394933
0.031143928109941044,0.007454275239389368
0.00037149050569951214,0.003482658205060474
0.1390093137073336,0.007546348602768516
0.20312894227390643,0.0018798209244880772
0.24608946145076516,0.0006583827143567651
0.14057417295020969,0.0026355430799664564
0.05938009108069764,0.004258606160574544
0.01471116715538301,0.0042696267971906645
0.08648926947353175,0.0050897157526599525
0.0009577832347531512,0.0065755884051684485
0.07075131288218017,0.003728923936512666
0.007460635687721151,0.0022702294166826865
0.08702179821250411,0.005407760398819396
0.004119201926073401,0.005629440978934462
0.16853565348640132,0.0016161418017074222
0.07185114190610875,0.0049029852032636875
0.030811362004783405,0.004622878860199257
0.003995468494395027,0.00043862991694907397
0.1493670743950588,0.0002781396145357028
0.12437363663900669,0.0019685236326318096
0.07575269930839568,0.003176863126962772
0.0429012594266851,0.007929963678790692
0.11425480251978115,0.006356221926344282
0.03346696097094082,0.00219318796526561
0.027860246694103807,0.004004089287711045
0.07036306919246726,0.0029910178847412554
0.19743123238197313,0.005004285900316362
0.029231115345737635,0.0020258508708465234
0.3106177476964831,0.003359659896804647
0.030159024325939754,0.0053690890797507655
0.08509561211849359,0.004463086601970231
0.11438694803382532,0.0013988752871948462
0.009150263801188885,0.0025954085945021615
0.023038919160626392,0.003093677489299489
0.14994509206428575,0.003174352130507038
0.05825631793584307,0.004690813852975918
0.024632150041611567,0.003572052043516038
0.020148337965792962,0.006334039835849625
0.2978051856524644,0.0005895404554064858
0.05357143103594808,0.0024073911283138813
0.03356932413305458,0.004227758913043922
0.012951957459449659,0.0030961709545761678
0.014127670498623957,0.00318982310473109
0.03312131503219007,0.004645435719321932
0.04393357317542268,0.0019292470317981503
0.28560235901568376,0.0025137917519487104
0.022292228767241795,0.001722680825521784
0.06355662177600152,0.00728779282664131
0.043645805858659514,0.010133848613910566
0.05777682494385772,0.0033498166226647265
0.1262523091327239,0.0005173474084930469
0.06493061911737641,0.0038911341444112612
0.08968412904312117,0.0024622085212130393
0.028023131326676776,0.00314899033912104
0.020342392517704866,0.00429367003674665
0.09832970294871757,0.006489244922173872
0.14916655597255613,0.006111452131314514
0.019377833453290805,0.005778350204295343
0.04877466100322181,0.004212625722877047
0.035314052652552164,0.0023127588440100665
0.01430270729520089,0.006534637518638351
0.4077955835186913,0.009995650558929325
0.014800097613942853,0.004495725853848762
0.1406010665282338,0.003736659836451691
0.14679798886550088,0.0020267661030278633
0.08002932808653895,0.008761685416929574
0.06577025877220422,0.006225162420175335
0.13709672334755396,0.0027871360150482373
0.17281602952402864,0.003861371452850863
0.1962989881824342,0.005649245813978747
0.09671891575817426,0.006617514982491293
0.07760972283688261,0.0027061774830073747
0.010498189926920531,0.0016214259034318895
0.1689517643911813,0.00629689112675557
0.015294993175643867,0.0018084410822957792
0.05718018732909513,0.0037203550296101245
0.015555617042650738,0.0013277705215393415
0.005619560348463892,0.006271061148036674
0.155734710730826,0.002225212328534123
0.04247651021682941,0.0028954020230925266
0.04711186093584274,0.009276362774643837
0.0979402208386091,0.003829229401357317
0.06622811654187899,0.005741106059779732
0.06348587534580474,0.004464250150555577
0.12159407669139455,0.005263443634166221
0.15019963692907368,0.005682722419492965
0.09081328946967915,0.00404261980289006
0.16973797755429132,0.007677533629390041
0.016160171200226614,0.0064179735013813926
0.016947642542049834,6.156312340725132E-05
0.03386469293877781,0.006660294923379044
0.03016890722744847,0.0022031083713242093
0.2198663780369543,0.0018006531275607247
0.06564973122192441,0.003212659060399277
0.08245763737193101,0.002083711358708741
0.11497554884533656,0.0016511003545945958
0.1770652309464822,0.0015872358129977943
0.16125217304329453,0.001417446773785216
0.023371611724769537,0.0023212761424439995
0.12282575953702235,0.005490036263146806
0.0385394332939768,0.0029216699675172404
0.009584155217339685,0.0030753291652234156
0.018518973175105202,0.004474124914450387
0.046891632479514556,0.0055997414889149486
0.017477462148349332,0.004895416020111221
0.2959139205279371,0.008053974119539894
0.022754697306709204,0.005196500301256214
0.019013277344129165,0.00024573934470899916
0.33615256290443085,0.00628068398188823
0.37153128046304573,0.007886776324352526
0.15184070758277812,0.002223750802570402
0.02796979059178284,0.009259460158807548
0.04322387048262044,0.006078319339584129
0.1916501565707449,0.0007448034674428518
0.06616750866601251,0.008832740478164425
0.009208285192585208,0.003898963622362516
0.31562615016287054,0.0034789883536484245
0.03222653223724592,0.004295723202301781
0.1542773055939506,0.0011064335810751752
0.01176629986991884,0.0037025307437725465
0.04987567593229869,0.0003754247312689195
0.16533858239131405,0.0031226856294783332
0.14219245731999308,0.0030954409825037646
0.022136564705419914,0.005201309190843469
0.3312970676830673,0.0035047636741373854
0.027757981192621628,0.002753346541894449
0.02162167940900872,0.0011800963239802678
0.13706331497644442,0.0033996620424060573
0.06724473188785396,0.004716798062111306
0.05828927836319053,0.0035197990647417438
0.0740765269467829,0.001549158027813616
0.01048163474536068,0.005003233055768079
0.18660806944342312,0.0006884907005282125
0.07515219424772113,0.003563417368964257
0.2084947720998116,0.0030025173005408267
0.029419178973853377,0.0017299381959152186
0.015595697240087247,0.0030207173178638273
0.01897344196481754,0.00201757537740139
0.1206015804712024,0.00349540043285253
0.13080124923624226,0.008012976009819197
0.04079511370935052,0.006564407565385486
0.13115863228620128,0.0009808581943787276
0.0393036047073565,0.001272045397584301
0.05714845233183041,0.0018111181515015522
0.16307511683896792,0.003588671041765373
0.05008231315161993,0.004444718875968336
0.006988311815348425,0.001086778539395702
0.149715028306332,0.007778412280546133
0.03734052136462651,0.006030766170249675
0.020079931870895962,0.004268437879345574
0.04981176099613549,0.0038888203908922655
0.07933720228970742,0.004327829054331321
0.013118607486717337,0.005098204008135137
0.08291502570159537,0.0039356243100371
0.007004437706314093,0.0035861287403499355
0.017633750096024414,0.004300671319643999
0.051559075795125864,0.0037679712507764345
0.26293176835758914,0.0024109801744579967
0.16482849720466675,0.012201484340708724
0.028461864095220335,0.002307722183320436
0.10930426955201256,0.0030646506297906115
0.07530613165613431,0.0034700591255035387
0.01893935108921596,0.006433833965774045
0.523446151570397,0.0028109345973460448
0.06350872434643406,0.005234459992737409
0.0302420153947196,0.005012919648785501
0.2717129887574856,0.004943967264095986
0.11785937674244451,0.004625090637681294
0.02183952597397365,0.006776674341474857
0.01612789530156533,0.0037924619011417094
0.2344128573179205,0.003095365621905344
0.05648579573266943,0.004250748779276666
0.025028499130144155,0.004506137507435891
0.05092318027232068,0.005585642812261429
0.10656036073305586,0.0042275538091283175
0.04528596230227322,0.003754608260954756
0.17413491348179377,0.005374519236627282
0.4252113492279932,0.001815664808091654
0.15633634450568934,0.0013242482604116184
0.08939242950157222,0.005612630622913779
0.10035271043693683,0.0025970362943292637
0.1333323947202416,0.0027661063213520686
0.1660775637091092,0.003495357393571536
0.14169033655662133,0.0037848146540939214
0.24049869086115905,0.003970153637303516
0.015610022723990369,0.005299365190058363
0.014522756668611692,0.0043953349408464865
0.022091602288128342,0.003873249987505843
0.04789477672238718,0.0003361989512595928
0.025607464573681682,0.002546875854047485
0.0007860945199809066,0.004878768385351771
0.6258295976323325,0.006108047662028602
0.05630904598660891,0.0021466588112697086
0.07078332640821827,0.008627165344569004
0.027364832367652525,0.008071553726117321
0.26487553237973316,0.005870250862647972
0.04197240616599629,0.0030643302646259168
0.0461663903383851,0.005356709870926542
0.19428336398550528,0.005633878855822511
0.010571476979066574,0.0019672780878471287
0.04301255580696761,0.0009049920029293099
0.13215259204855556,0.004165167121130959
0.17946049309296086,0.004718491270949211
0.12989831695199427,0.0022205102399419853
0.0963764737485917,0.001271942576824922
0.22252520274480503,0.010386454004194792
0.04524073554159713,0.004795866905704847
0.1378802845251812,0.00329933644426608
0.06945815715255321,0.0008963235083095553
0.1512284766730545,0.010063947579931704
0.08696352552010467,0.0018135156942875174
0.1614338565975686,0.0043335653983013886
0.15228532304513465,0.002274929190830014
0.003712368644073649,0.0045919414282378215
0.08581758929028638,0.004480873871821505
0.023381278681654294,0.0029821117992278197
0.04593556907434504,0.0016675534969243673
0.03475923703263106,0.0003530804299719746
0.13625076637879374,0.006620586774385967
0.04102949099058151,0.006733422267385598
0.008090777151551265,0.0035761034705872963
0.09719645354402928,0.007444810729705521
0.027440858534987456,0.006051082122836074
0.15613771113271468,0.003192887608592916
0.1420261856333127,0.004947013251300789
0.1083393555126122,0.0036746531485109687
0.11378309598615033,0.008064964706650874
0.01724165281018486,0.005922706925380776
0.0400679617048354,0.009687336638743637
0.10846159525465282,0.006364538207962946
0.03857484600587213,0.0013638760229629854
0.037344171709719376,0.0032504864832325646
0.043306989889174474,0.004642854701291944
0.02823511985445748,0.005886644581078664
0.05485334377112849,0.006260535431146281
0.01249138023638352,0.009713038814672219
0.05590208830960819,0.004923156644810084
0.37749670323796636,0.0026354904846457405
0.036377358656977776,0.0010825666939872562
0.18264517284660542,0.006684248145132465
0.08631189751974944,0.004474049340264529
0.02389272614982474,0.0006198965509357584
0.1684084207424803,0.0038312513312138584
0.28906201873837745,0.006017304797844015
0.046587569652274397,0.005502403630747999
0.009303560289595225,0.004468695305195723
0.12198360310878797,0.006316537036400631
0.03531248371939455,0.00170134037757122
0.05225441004279219,0.006586016111263621
0.13401905495527444,0.004667135506758879
0.10642374388214648,0.0036672899356716003
0.28146405692336884,0.002833152470978546
0.051349491147789195,0.004867309672579102
0.019645543317210468,0.003982408760938085
0.23959207820291795,0.0006898319271557039
0.1253010879456724,0.003171641048499163
0.02839968298462736,0.005287712005768988
0.023566095176875024,0.005909848700932003
0.015075087011041433,0.004869594468296241
0.036668700159680157,0.004141916402366292
0.0273539901913864,0.0018907122920017434
0.21782924015758454,0.0039819635113219915
0.10193452480518772,0.006317080925576665
0.17804223649670803,0.007033498772443788
0.012144528936119059,0.0023445751485539237
0.027570835973847352,0.0004332109656951022
0.0028785241436253273,0.0030231085798645384
0.08355306299893073,0.0039870229271447835
0.08333351674002643,0.004788958087853944
0.02120089397067204,0.0037171186818526526
0.12031942453620559,0.005632719519482542
0.09999888342645136,0.004749851726264743
0.10231003325247912,0.0010192183929447754
0.012040430432534777,0.002093825271607499
0.01979509258444523,0.003333737839026805
0.003377591543426206,0.0035764721262133976
0.08639039057129594,0.0010598887803317761
0.018116397804078588,0.007227048015379066
0.1635274874922743,0.0006680053859253351
0.18240260852655865,0.007028584725946443
0.09745919188435437,0.003849723351589298
0.008090710125657097,0.007103806801109891
0.023305816358970333,0.008788886861703413
0.3461458187473454,0.004476205854415383
0.08930231885324247,0.00465025052527542
0.13177830184815775,0.0018560990149488958
0.22838640995485093,0.004251976474309274
0.0008309691434078559,0.002801396615291926
0.06723742687120193,0.004666110506320625
0.10039072449035302,0.0017000111730043012
0.06603125936373999,0.002744045467256772
0.16699134036070973,0.002642858190568966
0.1515480031739571,0.008183405655287423
0.1434020368394613,0.002165800381977176
0.08850326266349384,0.0013105598959936918
0.005298504496749956,0.005651554793004822
0.017471399474288773,0.0028493105016736764
0.05735370485297153,0.005767284016092163
0.022959243753462033,0.0025592494438481574
0.07378546055053903,0.004685231655304389
0.18551955517375518,0.0037273970185230493
0.07683878269244815,0.004403311982985519
0.04293238872742222,0.004697157867093241
0.027653024111486957,0.0008421883868919362
0.009832824302520748,0.005676191006613435
0.21646339054996133,0.0044815716297269105
0.1296917129374151,0.003961037848464937
0.04798813295030868,0.0014630810357883959
0.15979579272607225,0.0024564027804526048
0.18375668231442432,0.00605435581254305
0.022310311375690617,0.0024082018537080188
0.06340639625489075,0.005913863007745069
0.10116719636380367,0.0029537644296312583
0.03406015598125123,0.00404041439635569
0.17697446621161816,0.003813515368128017
0.12141299139477724,0.0031979306201368974
0.04468440501477744,0.006089821898083698
0.05787177029560553,0.0022215994446219693
0.29095131754650083,0.004856867591114387
0.04776272904689449,0.0037682432937892435
0.31490465400520407,0.0013429467666215673
0.017251663610522883,0.006141992663939304
0.0428622489580448,0.0022006180463267403
0.26825973149209403,0.007111224655424003
0.019276992435038665,0.006388053815089973
0.1611343540322423,0.0027672687985167855
0.04761163893817866,0.009201908742748179
0.13261818585351648,0.0007116107794789365
0.05498247924333555,0.005286911991270976
0.1848571478036547,0.00268080947478473
0.08889304314277524,0.0065766364969471304
0.05588947891078533,0.002678129680586554
0.07914174402856133,0.003534180564151195
0.055104795220813685,0.012657078184173075
0.012903299912181865,0.004666464835105497
0.07172205194081016,0.00391510066507696
0.08367992254670753,0.0036166380056555443
0.020523932432638503,0.005211327101204424
0.11059505911350698,0.004541407219481621
0.018393633578966728,0.0007163178409578966
0.1551331358382413,0.011761947413285933
0.10138669457694505,0.0012621037594780537
0.15575959411933127,0.005688424728219835
0.003515926198474517,0.0018294152870946777
0.10164173102361929,0.0034114301088142194
0.13761630825854354,0.008980025824680729
0.10090430298521369,0.006630225620096398
0.025314577518201986,0.0010949177479615089
0.25635300632848157,0.0043505218186059656
0.17084158966179075,0.0058385524723663235
0.07896281787452608,0.008076634023488202
0.11772532585428053,0.0007497752539790246
0.0194235502273159,0.003203800461539334
0.42169113178192674,0.009624331103404304
0.07256014087943186,0.002387724094870444
0.31250819131003027,0.0029990704907545073
0.06856708503835307,0.00930128036527234
0.07390218627483591,0.010332275749812044
0.6010774521827216,0.004558854304493266
0.00550916141264679,0.003682345877239258
0.008477308734086364,0.0023011541047536156
0.020461243511135763,0.0020554252583536376
0.003588018741425003,0.006456467199797429
0.009755977273243843,0.0036786733994670895
0.1529037650994951,0.0036939531808185128
0.013717101035581436,0.0019850298379372453
0.02747799290216335,0.005302701990003227
0.07145855276996826,0.00661554970543979
0.033840469510550975,0.004531218969584066
0.03862795557074605,0.011235899167556662
0.4066656482059443,0.0035479602896269537
0.28168753790123446,0.005458651685582285
0.054884775836058,0.0007878271306941002
0.07861179660767448,0.006913135128039146
0.04572047679107527,0.0043475133695556455
0.027024975397807793,0.002530972226032278
0.2050001750303636,0.003931787625629083
0.048959812152133964,0.005900931973774044
0.2800307977184957,0.006006366230005162
0.019896615491234115,0.0067027164275878645
0.2773668081554206,0.005400236053957558
0.10968535549909575,0.0046349082730942764
0.0554834709860188,0.0029761440550487
0.014344315490461668,0.00303322088963374
0.0018589583532957477,0.005569906145059847
0.09158994366589468,0.0031429359620626573
0.010347630067371938,0.002015092526085725
0.06596164716063413,0.00436723362083905
0.026501321337946138,0.0015767867982007563
0.021656039596450682,0.003046868386764931
0.10196766928095258,0.0035702261994932085
0.053158721070417414,0.003581843688946407
0.048792822093219,0.0058879157375895915
0.022793096967234305,0.0042892752075752065
0.11866917208931227,0.00692150253834809
0.044136461166544905,0.00669039845502786
0.27373566056166965,0.004022903173428
0.05837041861968828,0.004419974793494031
0.01601438986631365,0.004523146736649716
0.0654848995698103,0.009618398774259913
0.0790311132992656,0.0031407964574839665
0.02878053728818486,0.006614787312148095
0.040061176539552434,0.005120251094972698
0.005222735617394392,0.0029381141795283873
0.08564943487590426,0.006612597915817228
0.11879546246939299,0.0008034486596435801
0.04177066146883135,0.003007715909493313
0.14182347865391876,0.006422451615987279
0.021353872738586688,0.002578301316668125
0.2525304632265488,0.0005201863810405517
0.097516172307337,0.004277044373993127
0.0037296485567139825,0.00039483067528831034
0.029760255909877742,0.00349628739794898
0.0782464306402062,0.005711696723919247
0.04576371491179998,0.004351853629705244
0.011420145871738896,0.0032921510604145498
0.1800302719203728,0.008039023669012458
0.15692557985244093,0.002418164103531596
0.11961998113133632,0.003112829572898426
0.12533947791416722,0.006035442464904406
0.03345284641466151,0.008157322120889326
0.1628805331225749,0.0021640360089034095
0.014743807542799914,0.00359963009958935
0.05176305473651155,0.004521288971991391
0.2740388548261308,0.0035602003576383962
0.12113903577005658,0.004445182699175775
0.15357110739944346,0.005539490645864946
0.08213291254901378,0.004897550482901312
0.05775296850117684,0.00697293269578544
0.22078173684963076,0.004082056653394024
0.24604051924791293,0.0031784233691905905
0.014617343999589139,0.0017833417387545234
0.05885809225844696,0.003587454797280442
0.0535251954204341,0.005619501915109615
0.06582538448424202,0.00611542957455888
0.5104614472402318,0.0018882927123143431
0.21674905437691905,0.007108649591637237
0.08992907358037883,0.002369923583973063
0.028815167606808245,0.0007675071959999562
0.07256206003080479,0.0015863209118335592
0.005335827980161412,0.0052558349765917676
0.11175971751981706,0.0021618408618265025
0.16813277599669618,0.0031775258340498067
0.22601484448125575,0.004773185522602041
0.05042078182975729,0.0032435036999825238
0.005787249053355481,0.0038607086416566952
0.0660422887109462,0.006513288267141935
0.44497762011280884,0.006210539219888025
0.1068607626064022,0.008159967089539807
0.44940703366467005,0.006011237031036516
0.1817183764001129,0.005635616580297097
0.06634276664044592,0.0032918189705067754
0.09027214083641866,0.003797162917920776
0.21848183117390363,0.006093037901155355
0.19237790148031308,0.009369707684889763
0.027362481281898,0.005029722064063575
0.5063190476267891,0.005968150268880037
0.15230412432208595,0.004408340033176638
0.13909211045779557,0.006742304838699673
0.2881111380133916,0.0029715480157246816
0.0031530369426491234,0.0037532375583503867
0.004786128138562162,0.004784304523211649
0.002016905769778532,0.0025092758380763276
0.06891488940289037,0.000934495245606607
0.0460041811506926,0.0018095886348603978
0.0062870780625416955,0.0039340917815403175
0.09685960816591432,0.004499680483071359
0.02821738509669558,0.008632077234242221
0.04962736815093649,0.0035564603726055853
0.061319706740050606,0.0038198538186188517
0.19418205264605604,0.005358922903120651
0.08460382460668825,0.006185158552841981
0.16991813096126407,0.004037813189076477
0.03595459593600481,0.005308504685107911
0.06668302925231728,0.010923826076873677
0.24330690072849848,0.005293348755294462
0.10482829696547924,0.004637449777298547
0.1456535024161667,0.0031757240996810212
0.025742791507923357,0.0016386341817979974
0.1735003278951126,0.0018210294938801515
0.023268648434168426,0.0025145384179370523
0.009352657447493584,0.0015816016671003465
0.10936713381124719,0.006820136920586025
0.028866312754530554,0.0028047108460927408
0.1236231292651837,0.003015269688856068
0.27353037198224683,0.0026202574039634495
0.13950164098446294,0.0010081958323576504
0.029391581548338763,0.002983922694182423
0.11085850805875452,0.003443716086829557
0.09561368811421289,0.0040473692310372565
0.26740187041446006,0.005872453363898847
0.028967515233830454,0.0014690289272191199
0.2687635009853011,0.0043219744039144315
0.02633912406770378,0.0050860304989772094
0.0462689649530148,0.0015041040460677915
0.05987429337267258,0.002087032308475846
0.040621722722107734,0.00307417575923919
0.03429850531767897,0.006018631740652902
0.12086868096787384,0.009714573105947004
0.05064272016329596,0.005301424908931131
0.1722623142259181,0.004602287993055602
0.12784331319937792,0.0007298217674601556
0.2679418750087734,0.0049630247760877886
0.13763817257881783,0.003952726589085239
0.08171569180046845,0.0031693758385357594
0.36191562913666075,0.004311750764431382
0.08534175105660324,0.0061817805147630885
0.40433137357058513,0.0016143904261238086
0.01797853990206022,0.005051655103160236
0.36333105805465493,0.006743671354570391
0.11210936267832494,0.005592868369140915
0.2843892225937452,0.0017181403307543505
0.038407568420666394,0.006377729477805257
0.005040781231400615,0.003837352141616968
0.05513583553170065,0.0037419338959665204
0.07817658080944057,0.007445405445253187
0.05352993718838661,0.0034451550770335775
0.03898769600334617,0.009902924135817904
0.0427393287857285,0.010798794316375756
0.2295884857804822,0.0037322268141415887
0.032740882242251246,0.0053225411439146554
0.1029880482626595,0.009325580913310838
0.051099302151101256,0.001664372862963393
0.1013673473775043,0.0031686122325362345
0.08334664705694195,0.002575688622852743
0.021358185722533563,0.00126845353104574
0.014923881271670325,0.003328913005679414
0.05695688862192583,0.010954381062159051
0.06937752936221386,0.0008680458056931062
0.009381797985042795,0.003664455674651405
0.055147868825429214,0.006160377867154683
0.0039445308688073055,0.0002157045720162974
0.11066191221948429,0.000972411479469002
0.09166802160336829,0.0019262574068483343
0.10945054335661553,0.0003914127735069262
0.13571179414498147,0.004779841296806702
0.08896586788205241,0.006785991818599363
0.3734746663609485,0.004822592894417361
0.06816845878734057,0.0062431477241140405
0.05988049942254747,0.010084839452210344
0.21470221299659897,0.005036932145924207
0.09423042609421373,0.0022432107389830126
0.1870185985877697,0.006727023548013664
0.01738986109057805,0.006350086333303874
0.04868486766611113,0.006542117322476311
0.01946640958885837,0.0061589928508749645
0.08058559083337968,0.0075910639003183384
0.1014619954413547,0.0037386177918269908
0.04678531760964688,0.0035648619742068115
0.04444423652273599,0.0012467174003353014
0.08455212091075737,0.008994874666789113
0.023854747895370565,0.001570581248805763
0.055596505854168754,0.005833559982733937
0.032850909325475186,0.0024964512110298522
0.006350496551704055,0.0019320433749310344
0.21174948011673678,0.0029285869435851986
0.2537809099737842,0.002023239127948106
0.10547536537876567,0.005464408562407359
0.009882099848255166,0.0013103683304362972
0.12588581730983606,0.005193764468743593
0.006618069896262568,0.0008448816263872121
0.08793716380660044,0.00885293523017483
0.09950842869818644,0.0039704463310847385
0.027869056300801276,0.004579220849063112
0.22109990323315287,0.0006173019288737012
0.13542057627796567,0.007632550399213467
0.41698338751086794,0.004055612335148257
0.0012479658747679423,0.0049361423948188375
0.03981038327810893,0.006589693104386486
0.08786728982659042,0.008989728155051113
0.09416932528699817,0.002565353335368692
0.021248569596423295,0.0006540130061418438
0.08488108538472261,0.0035895249698597994
0.15731154212812726,0.004149411738799286
0.03023093680110378,0.004391451718017113
0.08408657978111478,0.006495581192088385
0.003178762162633575,0.002597204427709941
0.12751594548649337,0.0031189302542939047
0.030603096422169074,0.005511029565088501
0.08892118901565027,0.004033695871080781
0.06173692279594434,0.004470435243012537
0.030199472809954386,0.0020231832614119646
0.20813125969812063,0.010022480177286238
0.0992313363278754,0.0005424485182727937
0.07500594722989717,0.0027110546759486127
0.30362975334981,0.00759238440894312
0.006748774705329197,0.007776614002134161
0.056316681142334346,0.009399617395867406
0.11580495562145643,0.0032788053621274687
0.04463664316995164,0.00928469554661624
0.07563135189514014,0.003637642389741295
0.0036180751818619683,0.004295564585364584
0.10004680149359046,0.004142865963565119
0.16788387859151044,0.003620616191539174
0.14554632518320432,0.0021880056501979083
0.010649438752125207,0.007078908074666342
0.026305239707767214,0.00083339607642291
0.12481635698190985,0.002048017140707399
0.0013500014896408175,0.009063591364687517
0.2383415470926593,0.0036156869940529965
0.06774907597605306,0.0028441693626116518
0.10285302666238749,0.003132126259062855
0.04635041136145901,0.001822652502133325
0.1636548779356417,0.003333121721598846
0.043328204651288615,0.003279259731784426
0.02066122802511927,0.007361519912639579
0.09949027560060131,0.0026965732826572386
0.0022214616642486362,0.0023206089879235408
0.455930133352922,0.006824770158148156
0.0018439980048015059,0.00397008047545722
0.1476338068118821,0.005416369911820878
0.10840616484085785,0.008828218219273102
0.06957063438323985,0.0016116484030300375
0.19721527294723273,0.008235215650006419
0.05090738021726793,0.0076886028754030444
0.12065938019009081,0.004594644405715288
0.11266925709185216,0.005142360942292658
0.09446312086140551,0.005009925134574199
0.10947268838185664,0.004225193630992595
0.07271170657395487,0.001954240846647198
0.18828477198292148,0.0030956186260299237
0.03679787948124158,0.002523830102547358
0.11474523266031156,0.0015375523164741594
0.0008050139632587161,0.005928626969085242
0.1308876207110643,0.0012061178395424853
0.006091171014418251,0.0012639244479358384
0.08267932441947323,0.007551808566653277
0.007837325085347402,0.003387844249518326
0.10711929283388599,0.0023908039635377404
0.2494542491674565,0.0013888464220431019
0.03133812627879706,0.0025196793709700723
0.02590488131022539,0.0007399374662825841
0.07987059873119051,0.0022868687770810836
0.1702261611957283,0.005245934078759049
0.5839084090340521,0.0053324625292674385
0.120978361925836,0.005215929510525781
0.026259532393169138,0.004553978703697648
0.02232994665178012,0.007496272523325012
0.021112320919314698,0.008103129482243163
0.039301752922369815,0.0014369805118386618
0.13437284974293107,0.0033480540258009226
0.03335264137479044,0.006157578111015043
0.04662833006341316,0.0012010430228348277
0.383898602207978,0.002878164616163072
0.10784530172281848,0.001169352492965388
0.03586866678142542,0.004881263122258901
0.1488070897577245,0.009333099000799785
0.04729053760968327,0.0023591798663026163
0.15645569179605445,0.005489368631663972
0.005671190694670258,0.006048533956726638
0.05544842332562894,0.001994195880236379
0.10778327571824775,0.007030752375023802
0.051219046757182696,0.0023397114058943983
0.03745117002404186,0.0015249843037851629
0.0764153358194335,0.0014364292904518953
0.02781938475811785,0.007690768451663326
0.10269476226449115,0.003983826249489876
0.33361842778367645,0.0035320835171240897
0.13521547583582105,0.009523348397157221
0.0983886296601213,0.005171814929467328
0.03003365065660546,0.006136432113194719
0.007885266659059198,0.005420226276862094
0.023842864761718374,0.004724359542797151
0.03514499945663374,0.003593121367391431
0.0676411467439948,0.001127812477279708
0.11056373776909822,0.00535873863144232
0.013646290213728207,0.002090952484820305
0.026430328985725282,0.0024228962279847226
0.1624027294355983,0.002652738537305237
0.028468846896089417,0.005581327559076571
0.14679420235131602,0.00436865628231775
0.06656736938271024,0.005922919644236466
0.26688903834883604,0.002582286897722145
0.030741902883619332,0.008766718107593517
0.008018179098826295,0.0007869863163131386
0.07613076801669649,0.005654212627905304
0.15916291049722986,0.00303494197782407
0.17766423347825366,0.003237533367786299
0.10246500239475154,0.003396713438091013
0.00608995332743234,0.0033272793776854895
0.10564865989249483,0.006394866256491843
0.014821269556705374,0.0012283055771858857
0.10595274568379409,0.002325472669704371
0.0549183163861926,0.004131771828672591
0.03132836684847007,0.0045018940327995055
0.03342793731371785,0.005193387495530487
0.1427505623377101,0.003078053085293439
0.05867959878651163,0.0004925513938504293
0.18915360093512845,0.004836513041137645
0.006356798838623945,0.003621731888470858
0.3340742016737295,0.004255378245964595
0.002383784993298832,0.004537489948985469
0.02263783414343834,0.005450157682193091
0.07204940601320686,0.004406174569907755
0.12104738769016876,0.006154867020893497
0.0736694680040273,0.0016638451719917706
0.0008411957641101253,0.0013036939021169361
0.015584112273813844,0.0038352771439463785
0.06116631643453729,0.0034710234077738674
0.29324813972766606,0.005164171685332943
0.16665391021388132,0.0015164696030606128
0.08418730296216381,0.0035532775353571892
0.0008835937704816388,0.00837318614521333
0.07605232057335343,0.00330510190784949
0.16978240583102888,0.0061826350070419075
0.05629216088186695,0.010269617095638426
0.0042408537613027875,0.0011967962389480755
0.03957205727601831,0.003940594675617898
0.04399382676706409,0.006574513942050417
0.06906508582812876,0.0031742243513364922
0.013700869205308663,0.004425028490672023
0.04111970770065909,0.004519635872544057
0.026983732892972512,0.004362806526654892
0.1367110122740769,0.004076833135323261
0.0034065239908613876,0.005149891041119044
0.05676661194456756,0.0021348695204692555
0.1005082072750838,0.005336307541941454
0.24955406998913077,0.008540151333140107
0.06880645764942983,0.005140052368384376
0.018977166631884756,0.0020444140026072604
0.08913364469731277,0.006027900569062718
0.23909973974775767,0.0012496097584491009
0.2893981238823926,0.0015384239950211541
0.21783961904429816,0.0007359025960628258
0.03303708873124833,0.006235793909388143
0.10639566331644801,0.0025030465364036907
0.3335904180160014,0.005572615599368551
0.1919579711948245,0.0018819352193963107
0.01849156049775047,0.0040925892882669995
0.01426523329223528,0.005044588670806033
0.3297937516840648,0.005624120740042283
0.08885246780255329,0.0019007421298854329
0.20540596786815968,0.0051984832722477186
0.026254598753098435,0.0030876210604116965
0.386944042111395,0.0032399974476396494
0.031184127503365744,0.0014920788503722249
0.07728238771551332,0.01013944882158535
0.3983324321791315,0.007596181843824783
0.13177795868364228,0.003893581385363788
0.05749307590826902,0.00478511361921491
0.3778824079442984,0.004179281712755569
0.002784066723734213,0.0032507363776025705
0.03025132823495369,0.004293764232837315
0.09164360260729154,0.0022345688476235553
0.0761116348288624,0.0025227210493263034
0.06813642010001786,0.0070468951718330826
0.18242132087448226,0.013445431259818834
0.057311737733357404,0.002392644153019439
0.08193806600741027,0.0043251388701014285
0.201870338647268,0.006463638522731997
0.1780415594173519,0.0034870089696244885
0.013104117681905336,0.005062763259715253
0.028000704529063114,0.0038216806237124164
0.02210135422944859,0.0023984058102458333
0.029043369432088184,0.004124451418255725
0.01026612198154453,0.001876002014068523
0.20648191883356048,0.0017978575042692329
0.08039411064453361,0.004075068062146398
0.11812415382632935,0.0037924585960106305
0.04527128053530305,0.0054907478997661945
0.10028239840880815,0.0033384146633864357
0.03123791157179312,0.0059906575584281795
0.08587133663718305,0.002071020698931521
0.06434897380597704,0.0031316653541565817
0.1264660251973737,0.0026800901641570794
0.057983533685046496,0.0043333811713205436
0.49433035338029185,0.006117140674632054
0.07569196428801206,0.003020539002230029
0.12621984549264198,0.004235304423806195
0.019784033734822515,0.0014882610431944563
0.09290609928348204,0.005592493059035823
0.09704989473482328,0.005684265388765787
0.10750122749061575,0.008386328420426893
0.03265339489382768,0.004489407410109327
0.05242157338045672,0.0027262966328278383
0.026258766862952143,0.005330263215864271
0.040417721273797724,0.005412434090495452
0.30623269228703975,0.009739706252655063
0.016986496255981365,0.003142793176727359
0.01542312720857808,0.0018953726592615598
0.028987597866375836,0.006193606104553659
0.02950496600749375,0.001685086447383235
0.040708948818519275,0.004755221222351953
0.30802554273259375,0.008666081129078754
0.15907600561990876,0.007707864581887096
0.11037853845596146,0.0013471925532955893
0.003765415666862282,0.00409087547364698
0.10362408104492715,0.002423004190128762
0.012945779743404273,0.0030822321415577515
0.10968754556120075,0.0025965664823585596
0.05289213526077674,0.003916497799427925
0.035089587603579275,0.005233741205130294
0.03481850615855819,0.009307646549183346
0.053725091535966385,0.009578758212725021
0.48450290514108474,0.006642469139571067
0.0016239937465343246,0.003356640770054532
0.15278009438918616,0.00400035614123692
0.08353969097572644,0.003422044258869334
0.31904079973071475,0.006052006462228945
0.06717688725950666,0.005813919104808668
0.061782837786722666,0.0023368860634884327
0.017187555438340496,0.006482738754548144
0.0009864083519914857,0.0046006947456762185
0.007495951118130506,0.004180603295831883
0.00932806324772173,0.0019859482986789787
0.17059383020966834,0.0007725119750559282
0.054994404229660176,0.004641862739740513
0.10614090613603366,0.006108855695637109
0.16543986946612677,0.005993898097616689
0.15486512595339263,0.0033124861413216067
0.04213657487991895,0.003489233132848306
0.07908226737595214,0.004324784673301491
0.09454403291067592,0.0031511104477021674
0.006572011883804407,0.0021172963776428994
0.21154504222499781,0.012385200776053927
0.14551904410109273,0.00727540443792755
0.010913553541172405,0.0027038370639473775
0.1879202392622119,0.009031840950207778
0.013365743139502229,0.00191377722244102
0.12197216482229578,0.0016593857152565747
0.24363226495324852,0.001645513686599358
0.01970262521740551,0.006667212385136014
0.04855312368692921,0.0061559572533216155
0.0614780870218965,0.0044719796702244775
0.08194972902174413,0.003932322138477129
0.0842041307588488,0.004914346337045764
0.003016464644701955,0.005133687916776213
0.10519513559074767,0.0011922899537568487
0.03530734194600882,0.004409762752030762
0.03983963902805954,0.003919644203019478
0.08835764307173122,0.005581317274077416
0.35405149893495036,0.006477572385928793
0.07546726961447803,0.005969188074080086
0.041169744136027475,0.005762147214631931
0.18779116529526618,0.003451971644410568
0.04417715446834336,0.008169025488718916
0.16636700771357482,0.003533778039321858
0.02375059549933667,0.002047505694804138
0.029143285409872988,0.005016703045492875
0.07051545342130794,0.001070511889647411
0.0999459453092868,0.00241013647687032
0.11505480976541094,0.004854028117402574
0.016287701196802118,0.0035014155568717227
0.0010918139321347553,0.007661723749937277
0.16046924879151447,0.0030259778592816116
0.012165387610707512,0.00788576551294697
0.059193817965137896,0.007807750585270039
0.015632876188192313,0.0011072650531660524
0.25177409618549973,0.002566297882256304
0.0347060191276114,0.004415373260736114
0.0038713138735602115,0.0003875049094270948
0.056190125202192576,0.004227716213571978
0.09291758328572541,0.0028431426930671964
0.020176055077627097,0.0027132287968187827
0.31108625135539114,0.006767030164818491
0.03818731382045826,0.00672839081348894
0.05068821657596345,0.0023094765799545757
0.03623305342580352,0.0018735551516042023
0.1127285359303869,0.0039843511495215415
0.03631533149166444,0.002756129282488308
0.31327385976851474,0.0024883752899192133
0.04254702992955117,0.0099892314946187
0.007182746856642552,0.0049340038392398
0.16238324866094445,0.0010068507262250546
0.03454111208543509,0.0013288723593306167
0.005975236282779406,0.004624217892141611
0.07397509200552577,0.006912228447492503
0.10516393378316025,0.0009139869218041772
0.01893115438554105,0.003949907530640443
0.09899227736116245,0.005837822980539798
0.025394273062943284,0.002510118237069156
0.032273428576218066,0.002894744248848101
0.3192244302887275,0.004777544361009973
0.04274596664311048,0.003716967795074773
0.08570089033889872,0.00932738536299565
0.2184001371846307,0.00696300546502684
0.012074564324620951,0.0011206863558241215
0.038911461586963014,0.0046091309710986125
0.1071681508075244,0.0013890683879827673
0.06269622178763257,0.006989537073560953
0.10688298667207619,0.0033606280480925252
0.04508939638139964,0.0054117623316949645
0.05101414264390769,0.009521556634404248
0.08918279338377033,0.0020536544510752017
0.09295839291269203,0.002833362809620902
0.29755520575565697,0.009567509506600017
0.10368326522302596,0.003366615454647775
0.2811833047157961,0.002725984706531017
0.2192336571472424,0.004465846147076456
0.20733908941883783,0.005005547992002805
0.03621419372564105,0.004467153905859772
0.05660445431124117,0.003613420340090939
0.12076437285372776,0.002936556033881273
0.020769149011243826,0.0017138421657256686
0.01478316650400302,0.0006347946911772887
0.12792493726578869,0.003129476026205882
0.039338471513246986,0.00410591361080128
0.0443672602738161,0.005668492298552891
0.06332560086093508,0.005146142751194558
0.031950638980788426,0.004233481541156613
0.0392205028316539,0.00545216649111099
0.06686479411337132,0.0026134212171089765
0.0353536460278292,0.00512396140265348
0.1002523540734046,0.002502458804141946
0.0392296592067396,0.0016636995998102102
0.13824728933752795,0.005371328647075101
0.131493055078181,0.002186562790268688
0.07732866814308181,0.0017616268575068803
0.13230827346126262,0.0025791829093733698
0.060380971098538794,0.00402574273046165
0.07793960216758933,0.004146525688573826
0.07951786881585576,0.005267964961212701
0.18546270968204226,0.004318560431788808
0.12256623349082929,0.006309777176705758
0.008751061488169398,0.005641309301425734
0.2610916574183193,0.0006149671130310229
0.2848177520859281,0.0015559781148507918
0.4133010161177708,0.00650373483725224
0.04997480647068642,0.0032404751143377208
0.0134038681230777,0.0008558201614533834
0.060422036437216775,0.006515322994888361
0.2664497790178757,0.005747829407234795
0.12637398113213294,0.004848335950341117
0.02104931131475496,0.004709246150463376
0.1314128767501188,0.006387348713996354
0.05380344100115053,0.013278762470065205
0.022504025648345305,0.0005462160318705911
0.043809714011899814,0.005713259162787745
0.5750941078250662,0.006047048745070454
0.06291500383224502,0.0011322166728099188
0.10875706087153958,0.0028644227969909543
0.045942427872773806,0.0031023568587965973
0.0250168416635006,0.008899819299390094
0.10083719747183295,0.00957894671751571
0.023884122805611696,0.002943267426027957
0.03422968126631076,0.002878655042903178
0.1534478178466543,0.004322696726057842
0.27930176178142574,0.005516606388857047
0.047398112533187486,0.0027546585031676587
0.024721481112806032,0.003085868262435045
0.033441586046365046,0.0006647203088981464
0.038354649612415415,0.006334838644034624
0.22897891932120729,0.00644392464630521
0.36165858409333396,0.002068864489837542
0.25375338332548836,0.0022770634691080737
0.04783796313063249,0.0025297433047447118
0.1517134573466592,0.007979282503170466
0.07688836928195997,0.004017782788377034
0.046099359736558654,0.005334425600776032
0.12687258233631837,0.002024308366686902
0.013428549683226265,0.0009722295607944479
0.13115584761237642,0.005241520710758174
0.08172044572461346,0.005059911321437563
0.28959798648907054,0.002083599174154171
0.03690016158509479,0.0037889029547527506
0.007644060441862166,0.004274384550969394
0.08794590563957172,0.006332034244676465
0.05616785958170567,0.004476423113947688
0.26589310006556843,0.0007695761662971531
0.03430150537735699,0.0024341050332698268
0.10237097655328853,0.009155739989115803
0.3076507370417403,0.0008419857303436545
0.05382525752065703,0.005339944716610917
0.006838598185936462,0.0033711761831418142
0.05269811283255876,0.00364095864882436
0.10711056089985505,0.0020046844506637386
0.33177479157893686,0.0023346315479019037
0.054735313015044085,0.009787940364463928
0.12279463831805515,0.0044783735552817935
0.134474988289071,0.003985619803667597
0.03985414076055349,0.00031948837264758677
0.11371928094183659,0.008110200164908932
0.020362144254818304,0.00488692691725246
0.1476971953497923,0.001216434204190821
0.035737346397695546,0.004764709014814974
0.1547933550915559,0.0014567783225560437
0.014269157241074026,0.003794207185902424
0.23386175578502844,0.001319271237174951
0.012234825608402389,0.003297525412594367
0.093436913311848,0.0028189740231602894
0.040924147250848364,0.003061864641806341
0.06253285855950708,0.004926290440105579
0.05441096402364565,0.002898092199964313
0.24708077108221005,0.007204628260321968
0.08491500332388568,0.00513368235133158
0.007815368694309655,0.0045605628655196635
0.132415889456297,0.01100536142813265
0.06717235372036612,0.0023162237634145343
0.08404466417675849,0.008319987623937198
0.050362076526994315,0.0024695835097511324
0.060610011740095615,0.0055468386109928615
0.11288993128221136,0.0017985907886581291
0.018453385298357716,0.0029782113611340325
0.3868363634500156,0.00481300692619041
0.083465617573097,0.007965050493094766
0.06820185665310419,0.0005766782049622008
0.04392922164333868,0.004959742092218469
0.008256958408082937,0.010048435678124074
0.0582851396947035,0.0048029800054060785
0.3294914317251596,0.004742744151240167
0.19418539820287606,0.0027070361895008025
0.16525051739279206,0.0027387914926549294
0.008203749845051789,0.007986124682249077
0.12561145898348514,0.008619336172504535
0.34064341164423695,0.0023467639988822165
0.04379007387672118,0.0009095620034251594
0.11574779840566407,0.005709649876318214
0.03325327691561597,0.005029512728122426
0.08581954247733847,0.003707492755205197
0.10033167657877584,0.002822181591372793
0.048644441216538326,0.003339907875196336
0.081629756133907,0.0040325834591398955
0.025617247868694903,0.004108454853421302
0.06824012660547396,0.0036062608706395167
0.017561738659310322,0.002740281593532486
0.004688879145987812,0.003888013002618453
0.2326295544723962,0.0030559818747421517
0.02532607451792046,0.004218891796831614
0.10833787293927344,0.002659180916367473
0.23831574733173966,0.0030084091817281825
0.006115122366736614,0.005892142220707014
0.06066177729610445,0.0018165081899655037
0.009621082998023667,0.005289277359472558
0.19446949231860344,0.003091143837130935
0.1402771800070468,0.0012177342565618168
0.1487050694372556,0.004650097450555178
0.0503346799831661,0.006645946746599858
0.04391216853093738,0.004805071152592015
0.22031950344046436,0.004173775323464072
0.04711973216728893,0.004374013216991698
0.005146709040900532,0.0022752962774641896
0.03390098885893167,0.005182900492990346
0.13528340892912638,0.003905837936826544
0.08269734675343443,0.006488328378737775
0.001968163722835925,0.002097763376852663
0.05149508703755146,0.003219373243181022
0.09351290129620793,0.0017169323455527184
0.3063382662720642,0.003948352064966973
0.23381711269644256,0.006382630671177231
0.04723908880259842,0.004141047264623581
0.004826026051091503,0.004809699268118168
0.26825131375471756,0.002439945707401542
0.08473244357969634,0.0036102530308837586
0.032806270168066476,0.0005878141803019868
0.24634142545119175,0.0034897778751172654
0.23322994807699615,0.0030664625327376685
0.057082302720118605,0.005878239620460779
0.2070454236139767,0.004442625096024494
0.17465360884455094,0.004219034528210885
0.013433918132363942,0.005887629805219653
0.24801918034552273,0.002468788597445524
0.20781358624992663,0.0023739734959895907
0.11692244701941945,0.005790154729245585
0.4045753237627423,0.0050052361003915585
0.1633157157026517,0.006837439466426002
0.17630635100374548,0.005342918198016894
0.012763736041051743,0.002325776524465241
0.153649405093347,0.002315559739323637
0.10303960954786362,0.002209380900775048
0.03472425741711049,0.0028571143307542807
0.020350997008222294,0.007114134603926417
0.04485904895625481,0.00669009634518891
0.13472629813452386,0.0030207072678931305
0.1590971137034103,0.002600949370159578
0.1578394430091521,0.007666142747088053
0.058330028740329,0.0021407929335593013
0.09271218779565515,0.006369158583855628
0.12263686111464267,0.004406980507486868
0.30154614323498663,0.002438724525461863
0.22676837995402366,0.007623192934018486
0.1515961362432563,0.0028948397175351595
0.08934522196989292,0.0017229028154384692
0.018497351805649487,0.004609418650062342
0.06933918959487073,0.002223839164420796
0.09370908175151271,0.0060022266616843786
0.12126330001512997,0.0014964656570441081
0.05639195920696238,0.006310276118411237
0.10069356060535029,0.003736829215345918
0.03787737731681773,0.006015848568175203
0.0309197276010309,0.005890191718923337
0.15598782421739088,0.00513297293841083
0.05117738225612811,0.006532131029600302
0.01624385890602298,0.002084544226566251
0.12866610956314162,0.0005135584165848387
0.07527541830052087,0.0039906079449967685
0.03482474797965551,0.0015569140685474333
0.0804337206254786,0.007569228622186551
0.2081198049069144,0.001824535585207788
0.05505627200204799,0.001971645301065992
0.2204294608627606,0.005829792652663506
0.03496712366518295,0.0010968864518265437
0.029796878655588444,0.0044659216610664675
0.09208947632430409,0.003980516415879371
0.11230123901339084,0.0018817007010559195
0.053082209609783604,0.00649936945849338
0.1607388679185533,0.000823283665507598
0.04813512548025756,0.0017244951857473354
0.01292505335959504,0.0018503548600520999
0.05960627741069402,0.002655591243118
0.024172796468519664,0.0017679769172848127
0.07013786572235858,0.0015797491498607766
0.15222997113608017,0.0037809190330007716
0.04822134060736971,0.003984049228329197
0.026234838568370833,0.0023652526136485295
0.06325799241619734,0.004535987656014621
0.03270475786257521,0.00310987627003045
0.040898102928508706,0.0031143955611106938
0.01482220158823111,0.007042231511019677
0.026030979938695964,0.0011624767525159694
0.05853995211566598,0.003931997832342288
0.15160034027621805,0.005042851770737468
0.24463076963286312,0.00588574387311697
0.011893920033230643,0.0035508317384630194
0.0048701414149263655,0.003943879820153109
0.25363782836450355,0.005774876211432412
0.2990958271541331,0.004954907948243954
0.016006008549993567,0.002682670888934629
0.03907465266615873,0.001029004105402609
0.027114193063653147,0.006519030701388538
0.08542280576773464,0.0005338651279465092
0.05866991421999046,0.0035628957807110435
0.31482615653044377,0.007171863202707697
0.20643187527082318,0.00253659033087189
0.14131269742676977,0.004396883769476654
0.29376869020666163,0.003538993813678288
0.0006053056380324051,0.00464290538108093
0.23702963755704332,0.005070600915968781
0.18565482568794778,0.0045581858293559695
0.037918639906934004,0.00932425190346865
0.00506538579975313,0.0016456636927045759
0.04605845443791168,0.002310950483075806
0.0057862063946458875,0.006036841787897242
0.0064138491322864866,0.00472747943687949
0.3112267814705092,0.004388414364342809
0.11457381530055954,0.0016770618712273972
0.07479267413089019,0.002237348474268563
0.21348346709396537,0.006281547477589629
0.10665208939531112,0.006584767591426882
0.012659789862027537,0.0009129472185053612
0.13102398307887597,0.004941359339865587
0.03512487205398429,0.0032978768954987675
0.14187965613734832,0.004970155540063605
0.025414327708176643,0.006151592534665244
0.0771645267675467,0.007966953753191721
0.11478404682918608,0.000962027985308465
0.05147132288243483,0.003013823539729782
0.009860707096777332,0.0035952971542718513
0.09344851492880935,0.0035720097836633
0.09047324817254321,0.004430020481572715
0.10572151002145347,0.006664121215115055
0.10871262492719325,0.0016723040715228411
0.05315068075947238,0.007172400262526687
0.13986069876125384,0.007824707723985962
0.04401280874537861,0.004931934318168794
0.3937639266497399,0.003918868267661797
0.07115965632510779,0.007564994027319819
0.0556571446795715,0.006235295576190136
0.046585939961232725,0.002463803044882266
0.02718188678431943,0.004113401763507319
0.07677710848940933,0.004533544697480599
0.0007219322496894165,0.000847778825375057
0.02223085228479249,0.005000230077760055
0.060547803616259444,0.005146018439830541
0.2594170720882403,0.0010100720211840613
0.04701434391051862,0.008892353017967886
0.14526283008024166,0.002974691777995461
0.052872502630066265,0.004106232715963545
0.03165907711195359,0.006460351892983569
0.08506945967474167,0.008989965603222405
0.10730753497136902,0.004151848638706338
0.033139897954811204,0.003598485999579758
0.07211522884517763,0.004838940665322901
0.10195575179318439,0.007717449575353362
0.1647791603755877,0.003888791196182316
0.010761193024791282,0.005054641886608834
0.009123197807980432,0.004656575426277622
0.19401206734289644,0.006500477300354902
0.016920909446639598,0.006003659484824073
0.39445813129714224,0.008348953564479965
0.06950386609014458,0.0048480186366829684
0.09796829176366373,0.0017180901587557657
0.07522051519481465,0.0007215663921864645
0.02660633153982417,0.003893841271329892
0.04476653789458851,0.0036396993812264494
0.23540257827858113,0.0027888084201796014
0.0016932230482780142,0.0032883221045154373
0.043964359718074775,0.005124068641641098
0.08392350904478008,0.004438510565072561
0.1713010914950246,0.004691896530390802
0.1043954166794947,0.0011848916016645888
0.31692125746405964,0.003500869826913909
0.06521526143410483,0.0076636523371784206
0.05544014795646035,0.001181205441961222
0.053605636450583916,0.0026215280504396925
0.0005653136418004578,0.0023960698682958955
0.13426436907332118,0.0022311821000598887
0.14707190040064688,0.002391337143237155
0.0541639283612767,0.005463621559127669
0.03436268553184618,0.005100016679375761
0.060714764439126157,0.004238705565961997
0.022124922595821772,0.003374936799733002
0.17070601976763555,0.002311675397002201
0.012956472027781274,0.003563996686627469
0.03362912271791174,0.004575316474179593
0.07532101481433529,0.005383733121291321
0.06163097679950624,0.00630951093644541
0.1671608836326186,0.009648664613770964
0.07687478081436439,0.005254947025665489
0.29355493083505735,0.005502754119500913
0.034652233706651714,0.005775184259701344
0.0009924626975816864,0.0021706102349682266
0.04281733696302581,0.005487383115104643
0.05100572401647696,0.006063760037613739
0.009279639827354913,0.0054828891936897885
0.36972685488478874,0.0015994700964272507
0.008098051578599552,0.0036459266286244588
0.06588332046624146,0.0008278174796521492
0.08056839589005449,0.008766357146273192
0.01928511377104769,0.004390279952671434
0.15524592939414106,0.005050088513974619
0.23742940892907427,0.00292139992504125
0.19763432695560823,0.004645692788125354
0.1752789434569877,0.0034184008269019187
0.1330097774607566,0.003505252493505506
0.010907380301205194,0.005015919537149741
0.09189356508943547,0.0016569395796219312
0.05635796495266732,0.004113074111484661
0.02315533575676909,0.00457000965736744
0.24918953172880265,0.004324162181938496
0.2865081439043706,0.0030653350721160035
0.056303570647287415,0.0016401503314068585
0.10196574126268843,0.002380071935727623
0.04249258158927205,0.006555787951768324
0.04740353954468901,0.0008240621296333806
0.15206460158185564,0.0053673462842779894
0.12697898416558928,0.005564394147746133
0.07297467104399402,0.005891201666339125
0.04677379289705641,0.006618761160848424
0.390864914230292,0.007121689934091246
0.08689922206019673,0.0028072580436088197
0.29031690241401975,0.0033035930703103214
0.1517943372624586,0.0053800926692698075
0.014983029310656093,0.0030410922893193072
0.019507396335257,0.0029563277808185217
0.10486587743628206,0.0058273023823490495
0.00095587320413415,0.0062963297332822785
0.07425422622952738,0.002388162941476674
0.006955893884196485,0.005311357762846358
0.03947656345189898,0.0035658221206876476
0.011014895458288265,0.004724627536425642
0.09246721260444701,0.0031402920418442566
0.09237696707987197,0.0008271359136459638
0.10627046398940365,0.007921121977124797
0.03204147926032874,0.0037778514128399164
0.06841606627915553,0.0040649096649395975
0.062445539423492846,0.005058191880230052
0.05512922288835398,0.00243096654549917
0.0435138232086274,0.001518442873682464
0.12782955157388187,0.0034813664023668435
0.04420839659780995,0.007416755421859999
0.13902739829154598,0.009486372169010217
0.10396717743458339,0.0019819102307553757
0.09155462312355667,0.001752655406406018
0.029336282903159372,0.0025383618242661565
0.1908300222668231,0.0026087301681772673
0.09094868586794291,0.0028295169410023197
0.08610803708825188,0.002428575513280485
0.030318157346641783,0.003079295838111035
0.19119853149970822,0.0027074044482881606
0.19732616561839222,0.0017919922616922216
0.012039891428685223,0.004234270163036567
0.42678638347047126,0.002406881833837455
0.13659171099232026,0.005813513789895909
0.21569155204485924,0.006432423347412825
0.09860929903959459,0.0017623156960792424
0.035785723120625335,0.0016321766890764694
0.1467553768493417,0.0033959647286282003
0.09490677207475073,0.0020723943786449556
0.06774192957630021,0.004701967924923116
0.16781046234075347,0.0026116143821867136
0.04347493519503587,0.005824025147522413
0.06088612290739093,0.004837802410420149
0.10055845835915989,0.007984835130915396
0.015627415225026198,0.0007056083828295864
0.20004604821076555,0.003705395069058662
0.022104211848613886,0.000612586308186827
0.19381760300871065,0.0038605362077838573
0.02110850658345953,0.002470514908305725
0.1551881076790096,0.009599247176105438
0.13329345142904003,0.004290898567590473
0.23465717043427503,0.0017920941615823124
0.10703991099262566,0.0054976992277751165
0.14623263385010432,0.0020539203386435827
0.2350321871547294,0.00752174658025963
0.082896596315436,0.0007267267407400284
0.09817661571071312,0.0054019129031084466
0.0710252557196327,0.006170394259486451
0.05405367227649549,0.004519952637273626
0.41578287116976753,0.0032561936959911867
0.03550995489399611,0.0014801324946129852
0.017188009579740537,0.004526861440030226
0.006673479636560842,0.0032945577606439784
0.03964891781379265,0.005444083820455563
0.1305047048989536,0.005537230779732026
0.11406900137012599,0.008287276964599216
0.14074397749527634,0.0044680568638316934
0.01730194031267729,0.004785495387379071
0.06700504403966079,0.0022773587440182326
0.018644225091748012,0.005784231947724451
0.10798499696136332,0.007379709891132395
0.013147233343829612,0.0015129467856171614
0.07304763256263413,0.0009923838514873532
0.01936186988166355,0.006472466632913026
0.1635485323992043,0.0016537158883540154
0.01587766685349834,0.0024956881776409955
0.11513046407208094,0.0036889789101472443
0.15084075276138265,0.0059442682538574185
0.07216799752518455,0.0014675891234877784
0.044206342174447855,0.0032684608421064566
0.10520127974405113,0.004319319225531344
0.09115875025077003,0.004678472806336781
0.041106032507400414,0.003671135814815759
0.004727162510221206,0.004727583919943366
0.1284327870788502,0.006920003689117594
0.056915138225804185,0.002569627897682187
0.01010519794965603,0.005610801072639722
0.09849689518034666,0.005748585395950974
0.042808929169609655,0.0005890735462457043
0.07064444555646787,0.0034792650697337666
0.09998510548882678,0.007655230530420684
0.05371339539362907,0.004991537050118974
0.009219896667445937,0.0036494829578214926
0.04051936668656708,0.007649699588595493
0.08647448960346082,0.0014368821201546538
0.011215741221235476,0.0007041730234358579
0.06336327766280192,0.005316931949826696
0.33417475673741137,0.0026960674951314718
0.14236387557389207,0.002760403936422272
0.21077637260532356,0.004598034415332278
0.023091452827429748,0.004042984861245132
0.04212431851738074,0.0028513481443143843
0.09420916161934656,0.0033429818900705707
0.017904639224866514,0.0048571210431044036
0.10599639539202599,0.009218857504717936
0.07142011601240483,0.011481712122044139
0.10558867421377727,0.006618607742124094
0.2249901127386238,0.005761666811709025
0.0545351066987223,0.005436408409772072
0.033288514584228324,0.0035342835032802088
0.08957330139458008,0.0024062262683786735
0.04589009964865909,0.007558318101446759
0.005618867563612184,0.004528346097844062
0.32360137001228395,0.003287465135168933
0.2028502622808901,0.007879162660839758
0.021675890016808808,0.0028984604874926984
0.02845492021822338,0.002941984809222134
0.25638784798240977,0.007965704130470872
0.011286298640584391,0.0036656529568064953
0.021867317435635414,0.0025785672765063503
0.04852312710681872,0.0015948958028962545
0.02603139983125402,0.0053783369371039795
0.0019356660847051899,0.005767453043968267
0.0017993075368849532,0.005668376127681227
0.08982993548920604,0.003909771715490579
0.09120919498877811,0.003383283448981858
0.038599924358663884,0.005222872200933188
0.12436862521815328,0.006050086422856495
0.07067098928439464,0.001405958816979439
0.13554759563453445,0.001367670178057862
0.03676259204382859,0.005074880602988667
0.20614450133700757,0.003362529719035377
0.031098626095854343,0.009465701791616755
0.00044470198270119,0.0036058268126624715
0.0575770159368858,0.006537323724038015
0.19834637134033528,0.004893560417716557
0.31645392973803155,0.0031433815012330345
0.06055061687857233,0.0019567710191381207
0.1037380272939572,0.0022914881165459473
0.08475350546211757,0.010105296972438536
0.10246253615491696,0.0008184575433014279
0.04732015702791159,0.0037959169146548587
0.010031404726646542,0.006037979916887868
0.460649633602884,0.0014474472511036773
0.020054563108487855,0.004881473467618507
0.12139518345441047,0.0010583200695524592
0.09320474032517723,0.006182250797512015
0.009010617715262015,0.005086033500651371
0.32915595747078896,0.0036446413560381383
0.031497004592779376,0.003692408692927949
0.05699426456533274,0.0031330107511755197
0.08898144249008055,0.0032330289573520854
0.017258825349586004,0.010535073537873148
0.014054390039063946,0.003285117282284778
0.006352264004249264,0.006644710400831732
0.01602352816757957,0.001437589630811154
0.08889482217307432,0.00366899786779701
0.3057586984846239,0.006892905313162078
0.04884228231412635,0.0017363525373828102
0.010469931221678053,0.0009114181861380158
0.2220241667096161,0.002486820378573466
0.03022048920809084,0.0020282214058527735
0.0010970059196324655,0.007630287556522445
0.37403199796744957,0.00576617024837422
0.06023763056145981,0.003626871036696736
0.11665491637870673,0.005761023437808296
0.04043206128972088,0.0023855684790165563
0.02768215694902665,0.0009031628016536777
0.018091335648364293,0.006038003971464661
0.05254204958146147,0.0028851768052153594
0.17585653811863722,0.0023248688959523985
0.02455308233368214,0.0031767429181961105
0.11117205379412098,0.002365381141365975
0.04549504361068557,0.0052325570919612326
0.18687345494049623,0.0038890443156974095
0.09329829963553493,0.0016207709340589585
0.27474260427186437,0.006847913712434973
0.07009360399536035,0.00633897362514073
7.835601309125195E-05,0.007515654879151614
0.035257461909395715,0.004689296934981521
0.18565150061112945,0.0017172699238567875
0.09024778587547644,0.008129816094891771
0.0014658158067959448,0.0023058667896106635
0.0441709365755969,0.004412955542997171
0.20148478012742999,0.008363927789707631
0.07327246498289242,0.0049378206907299245
0.014343657234235252,0.0007685648450831394
0.011201318122743942,0.004164009914392709
0.1902463125873055,0.00301775724240522
0.0036482448823562663,0.0006517563837723968
0.061175810247959816,0.0032879428926097343
0.0949850142330888,0.009338614309066679
0.004287499458314414,0.007114899023102378
0.014857775250675331,0.002734936756264814
0.018438969204112254,0.0012484321347524692
0.06886979406601768,0.004848516012957395
0.1082560561255832,0.0037711299714551587
0.05070492461356935,0.0025874830674308845
0.17534976446120254,0.005434564972735032
0.04715994912339738,0.006585722155280159
0.0526481887599175,0.006592882573009491
0.010332391299471055,0.0024927795818954486
0.09315037824512729,0.0023553390620863683
0.04681199248432222,0.0024733788665925877
0.019641313061356414,0.006360039579327577
0.030875726579893126,0.002125149183466835
0.11369678162702712,0.004527077771009311
0.067393666069961,0.004946872668467236
0.11536784489101137,0.0090678097786446
0.28733561975991506,0.0017509710674244688
0.10680288100866164,0.005432627825956956
0.023927442907847762,0.005902733425875021
0.08487680644839202,0.00653975925394854
0.07418208682975092,0.003019437076259077
0.22229223871181603,0.006026719275127211
0.00024759270434060454,0.006320967111863975
0.1346391455850835,0.001876625661737927
0.00838630521423056,0.004156269877923581
0.05224509944844158,0.003140095631353795
0.0048071518484675835,0.005315152677161957
0.05483294786358783,0.006573465174628
0.03556954214207053,0.008278987434223624
0.020402289191565615,0.00396404632701205
0.006364042773725487,0.0052421269298255175
0.01712642938184672,0.0030266099346166232
0.039620002231799845,0.003975460782535637
0.0075241157200025555,0.004786255116157157
0.18755874565022168,0.004340369408407105
0.03731077279383044,0.0043780285119832864
0.014674549055257557,0.006545713021176329
0.335895894984219,0.002792503024151974
0.0326902253410708,0.006086089855592744
0.04521938732796116,0.003354957858935632
0.13595135433024552,0.004199832759937722
0.10672914488441165,0.0028120394374723913
0.035299806613579676,0.003944238568344305
0.012513793555172015,0.002991937321031795
0.0032582755437715605,0.004361667950922365
0.26806227827887597,0.0028228122630765042
0.00769518117908774,0.0042924059803475965
0.1297773895192904,0.007363055855057157
0.05872849487309395,0.0020170925778894146
0.22894348671786702,0.006783875990092113
0.03988380836528904,0.0036792852604419896
0.03584532375782601,0.0011022298615457873
0.411127423140897,0.0057511976110015735
0.04373021726507886,0.005635370665192554
0.009391976169126792,0.007029772891639069
0.017811142667824242,0.006700586925192066
0.052853070751666564,0.0032370452839286918
0.020680423929889002,0.0042749343611249695
0.010335330038287793,0.004667951446274449
0.03111217809646405,0.007948685468986472
0.14752577417550583,0.005346455553746606
0.016546961183962594,0.006610535356000493
0.0799029655661343,0.004189303769518306
0.055261114080622065,0.00224975002980799
0.12817553713796315,0.004894709188276936
0.123138403196549,0.006092257158665817
0.2373215804981328,0.0027731581297959543
0.08786516769146147,0.005771028169187592
0.03566713348038775,0.004138919821560171
0.04219538084271335,0.004112607352600275
0.0660736851123147,0.0025688855907163993
0.05195032190317761,0.005252784428265077
0.09812563512593897,0.007644319860889893
0.003825730340622613,0.004184657643312876
0.02618422649754848,0.001916512235013541
0.05733088150657295,0.0019233257103511703
0.36795258200334047,0.0049567943861825205
0.19688144064707558,0.004232441770043079
0.04132232481401843,0.0012326365247733349
0.08484420500110446,0.004362155433543335
0.1797995630256537,0.0033043876706486696
0.04691285965452607,0.0036178236821846057
0.002700697650084294,0.003566572582245338
0.15917713509054465,0.00905419098876622
0.030088532859394945,0.005980953413815261
0.06709043260332237,0.005967321805789364
0.00709350363683825,0.0019900821263426883
0.17596538884777146,0.001980903548432185
0.011344035432443889,0.0022466128436640087
0.03175818389115648,0.0006864087670095163
0.32106020041624106,0.0039240789856905866
0.11135371492707691,0.003364044959526002
0.22484113985956355,0.005539319280538184
0.06503449612444001,0.009896429379100341
0.1162123767473986,0.004058443142293691
0.0661259543022652,0.004025424791236877
0.10586415441787267,0.003945895373946585
0.06407365315851621,0.005311481353825312
0.12094207670429569,0.0050996669073950455
0.15310742767508145,0.004689902157915322
0.038168491550095496,0.0009780163082769543
0.03242677737262056,0.0036648536217687624
0.06108275035580846,0.004380558682659654
0.14769243632815687,0.004916106788141923
0.2584389610666449,0.004748646752151284
0.05012284868939787,0.0029491668903334537
0.007844884503924732,0.002646323913103763
0.035050421419668965,0.005059503785225473
0.4039257895690298,0.005384998929909995
0.0561609786597046,0.004966623480660913
0.00032811363303153485,0.0010447042376072262
0.08671696278338459,0.004215523491134046
0.08420072171895754,0.005668607041524599
0.023037893124410402,0.007147476568222779
0.06203113801893778,0.002579799085699682
0.04557372884380584,0.0014156424894769437
0.02095543762413854,0.0010403740676333316
0.23430553432899615,0.006989468544692353
0.006997692468075911,0.0032155262177376246
0.29528717663777115,0.0074617859792821635
0.14282047645622242,0.003352830970243062
0.026130558454497077,0.0037745118114807467
0.06707422627346205,0.006095058476807342
0.5369184336337867,0.0020962554208954045
0.03269491128730806,0.0035884291035191223
0.2135367345507575,0.0013721370725738972
0.4685401152084978,0.0035442522970383435
0.16945742969369348,0.0045081998006572446
0.06993370892200801,0.008508887094283917
0.019457274348155806,0.006564761066911451
0.0038891500153113157,0.00015500583656381448
0.0406685723744431,0.003694604831896596
0.06361582909289609,0.005093808592699857
0.22241482125252787,0.0028729692613533643
0.02594099630164237,0.005542596009260524
0.05480066737266043,0.007279598446418124
0.126386151971019,0.0020589264142842133
0.27344496811508634,0.004693307891397349
0.02065060629411164,0.004872539259029538
0.0805056005337974,0.0035224798563499395
0.07683414516588982,0.0029824781510184788
0.012337063526615566,0.004872857588265796
0.2971222211942859,0.010589970264123436
0.3181333372855306,0.005333645846805277
0.12665997882254487,0.0029150670391999397
0.20498918327325555,0.0082115970670196
0.07183879022682049,0.008908919279505538
0.03405974802080891,0.004438741486644789
0.21611890658812172,0.0024295613422713365
0.020317395631082036,0.0030779702597819925
0.00799531018867583,0.003626505678410735
0.005802418347229832,0.00163751541845328
0.016887486653104133,0.0062570511710840744
0.11112318963625967,0.005514343467441055
0.18002872248825952,0.005177555489793881
0.028945172160092625,0.005553029756221748
0.07350606485783828,0.00215256560546977
0.022992534813852217,0.0014683504601857428
0.09990182108060708,0.003267558285374608
0.004666513087727253,0.005169636119553316
0.04578488589834251,0.004333566231140247
0.023815880536176337,0.003005335819643379
0.11802543998544479,0.0066992174599898565
0.18505021558701173,0.0015096533509872628
0.20477402155120217,0.0011280414307249988
0.006572010565946584,0.002098948755908831
0.08653331048992641,0.005977888729939897
0.00016302124220146652,0.008480595453004345
0.20627214757939782,0.0037409935183929117
0.07301836733279288,0.005667254822154568
0.04764927010262454,0.005527102955876029
0.0633576897309922,0.007346946234145943
0.02680717484111028,0.006903426075206311
0.11396280190285779,0.003727791343506678
0.19763872945304684,0.001704592180965808
0.02171330646979186,0.0023864724577143132
0.07080130710596677,0.0008937925201974796
0.06849689588386809,0.005653622120118775
0.19547536213451622,0.002497751161677035
0.17957677264519134,0.0015145865820919773
0.11537252280709254,0.003082604530347301
0.030807977830818345,0.002786658964038933
0.05989789556724645,0.004164496114610905
0.13664346622522316,0.003365922977223365
0.023350919498170697,0.003421274209071994
0.030837494045385938,0.0040457307097441835
0.07507680830485697,0.005214331541267966
0.2754399961914942,0.0035465985979400453
0.09808483353720021,0.006280004733098241
0.10902836619936807,0.004768862245359987
0.14956291710632286,0.0037190431290939014
0.014476481911060546,0.004112435223340196
0.004711687617259486,0.0002631145308668378
0.20896797925843202,0.002783728297325328
0.018293933635732174,0.008094497314571757
0.0032062440523077385,0.0027106302269170046
0.06176062038070995,0.004158780308265157
0.009233800727088237,0.0044734212640986735
0.08254015627153422,0.004486213156068071
0.06636521237021498,0.0015600651420822052
0.09968075425649658,0.006407143309503196
0.1120465965115045,0.010662854811213953
0.03803452569070487,0.01026543668269169
0.008375133346135044,0.0012634298240319507
0.018421258113562544,0.004158377279386898
0.024942827194763595,0.0015281396370571542
0.0025931540989176938,0.004420106029394326
0.1496345368461789,0.0040139892008422915
0.1838445973562557,0.004845395421790485
0.16695846907225587,0.003124474462098369
0.046109657389024505,0.004660537854877238
0.09983759181034202,0.005037690400294138
0.02749256444860748,0.006844901021430392
0.04204404919073568,0.006026854306921645
0.02969234192175918,0.01045007292642967
0.15024289565599247,0.002314951451466867
0.13180580058008218,0.00032466322113998257
0.10493728247877243,0.0030706406165081747
0.01691433770884032,0.0027831165694756133
0.07621150490763284,0.002520007960919129
0.10855216930144707,0.007326685769992391
0.02578619972814522,0.003060866029909837
0.017030103363708804,0.005813968985296236
0.23262993260277653,0.002974746956608005
0.07256838756984507,0.006750545445627902
0.11069975231930584,0.006069259666203955
0.019383332128086295,0.003139428522220676
0.1956679285606242,0.005061061598352595
0.004999209187303677,0.007363093788218823
0.017176780021031846,0.005853330949889113
0.07563994707550137,0.001384734671014427
0.0788010541176618,0.006641188428978555
0.4058415123887471,0.007409223243824173
0.0026213739291733873,0.007784710956919994
0.22543320782722276,0.007373114199139331
0.11572732951469789,0.00574840175900174
0.01576128796091325,0.004763789626876775
0.2935304710960054,0.005295484607782435
0.15744304169663792,0.0011227948088891803
0.27766942087737334,0.0009508658459248302
0.08593290683256782,0.006330717152414517
0.033299816880344224,0.012475739381737991
0.02046860730604294,0.0021923004220039447
0.0216891610955372,0.006327333035934182
0.28200434788345774,0.010202027428980688
0.10012132306815147,0.004064377643855386
0.3140045275633838,0.0017753101641862334
0.04442917996175311,0.0010007714334898821
0.02212773153314629,0.006292776156567896
0.03403603235369701,0.002172249060011046
0.005872996380844597,0.0077650057150355925
0.14568257780740623,0.0010201294746438481
0.3321278780565535,0.0026962749329750716
0.011433350006541332,0.0011453646465868833
0.0006058157764528005,0.005337466418283188
0.05988130766445465,0.0023875256763044236
0.2171107157523693,0.003137010454608775
0.004322324163695157,0.001140577408906425
0.1545365633991196,0.004127793250074052
0.3034615971041603,0.0030799504927249634
0.08624114075610123,0.007485203571349031
0.05198391563453697,0.006327875974658821
0.00470227646121657,0.0046717494606397965
0.013441548284504279,0.008025945159377778
0.08347531957792853,0.001579788478264162
0.01023007627793504,0.006319552397255594
0.1267105099498167,0.0064522493208530075
0.0720420213071975,0.0048806050382774885
0.3843578972289379,0.00618586063174705
0.049376203601241286,0.0026925109175556096
0.009133245063139839,0.0061321918360813426
0.3147227531970884,0.004305202523370221
0.040965511427316414,0.0020715357181992585
0.14314943772126298,0.0007930550454341611
0.25356912575477963,0.007382224445008887
0.015555638559362706,0.005166315742923697
0.0399851346920741,0.005784861281121341
0.0011026041674995213,0.0029607031234273585
0.049569434603199625,0.003077811629111775
0.06042350607071967,0.00692775178170135
0.16619673003106072,0.009924331355490465
0.1847715774133576,0.002348630405750981
0.06424211981334338,0.0017433831884653536
0.05899907104674185,0.008107691525428458
0.015567576258717963,0.005425297440511343
0.15450383930078715,0.0030587016314973874
0.009041484124963972,0.007831998084817113
0.08526201839401892,0.0015104129013782542
0.43423490661689357,0.004197592983508692
0.05147755455891456,0.005876393198339774
0.08626364007511711,0.0011609590302274003
0.05977934809141061,0.0018974387653542763
0.11893673735858101,0.001339998820538491
0.1320711114783535,0.00043543263402204404
0.018258270989917946,0.0031868138012295616
0.051464960164139484,0.006029796455293158
0.006144940553326705,0.002036865844231967
0.0050358942269213,0.002189805548264773
0.15504037684195282,0.006710457910226765
0.013972167077213271,0.006249296070170538
0.036659768233676004,0.0024823830648384275
0.03447824465285976,0.007301178133374516
0.02168124007289407,0.005805178860446662
0.0959772545152191,0.0021343823362193577
0.3012705582292483,0.005000983125251592
0.06994706211094126,0.0005778603254876626
0.1666076544694306,0.0018910222366345186
0.1565880150619705,0.0013434102160789242
0.05695014820491906,0.002215953240854505
0.061334200110195525,0.00885977225419575
0.03335461000892792,0.005671217920864234
0.0014497862874804923,0.0040417556709293435
0.2908705753607137,0.004975491022195794
0.07399285926430821,0.005147278528977359
0.038857980096736355,0.0066995238150505225
0.0076751525992904135,0.004183159695873821
0.019235797743021976,0.006331114314658546
0.003126587859128449,0.00296798951816652
0.10401334960283748,0.003896422456242577
0.0017904984740653163,0.002554426348671126
0.10252222333861027,0.003816998601901289
0.0187733480507859,0.0050717005243701594
0.038721539889706946,0.001967916330553583
0.01226359239251451,0.0050275174865211944
0.12587751266642044,0.004778272721284448
0.18988127333409466,0.003915862968810861
0.09421601462349827,0.006298066447253534
0.05121354098707798,0.005183678473075373
0.1894455733220184,0.0018238292194200142
0.16762533445387362,0.0024177600233794305
0.022221631791921936,0.008192398850260303
0.07012885965491478,0.004027768892927131
0.04905183675828084,0.0035695767614262065
0.07896211622642113,0.000952918766014034
0.013500193698746443,0.005351804932060436
0.2028731258994867,0.0025341160259027286
0.05454991197018444,0.011667829329384215
0.16749836208452962,0.0041771323540407855
0.07063709446276789,0.008181951529835165
0.11424869548920924,0.0029541512945555444
0.1650268976272855,0.003662587001395077
0.191165504007472,0.003532228550193557
0.04224644539510791,0.0011407165018036407
0.08628238146627609,0.004574292538428395
0.0703518345245584,0.006113061372641905
0.004377733921046456,0.004878565682177414
0.011915971576058837,0.0045697956237532415
0.041708529557126894,0.004490296863797561
0.14777668065289618,0.0057769664711886356
0.0704412476577545,0.004555130649964985
0.11684522943869524,0.002619072231442648
0.27348361207430116,0.004007041616365789
0.051306458684734935,0.000575792247424594
0.04432436103479631,0.007322386804436383
0.17160498519058365,0.004268149956679914
0.04964252582703921,0.004532545276108126
0.03632124228829525,0.004171121907695116
0.10646790415137275,0.002734619499589452
0.07337885560821178,0.0009444912593779879
0.10996853177255161,0.004467856619916575
0.18226125196326848,0.0036338238184025896
0.04019951958332513,0.0023453929652663854
0.47716830595550164,0.001137647759231496
0.05973716775304183,0.0031785766350563636
0.05648438689900104,0.010276217478101457
0.13624929347531634,0.004450972599151912
0.08888822687617903,0.003997100838796788
0.017033328964657812,0.004991073965058306
0.006435725227561306,0.0037708708013284823
0.23364074868607076,0.007717293068853426
0.16733108538517172,0.011113511833139366
0.05510809072188749,0.002485035644298491
0.05672146284666724,0.0034323175475176725
0.03522592568890559,0.005784435977304389
0.08129522180047388,0.004932330545539074
0.0642405194115554,0.004134512938535534
0.07127078877124404,0.006823138628514789
0.045916023384847904,0.002586279162805328
0.03339901304752857,0.006887269559919368
0.0646562435275655,0.0040429049798021
0.1022113910491953,0.0030714893599069247
0.01518610464700032,0.0017103148661459242
0.0843369789084818,0.0031651102693821633
0.060387037636132845,0.004468176252185952
0.16755254423571841,0.002620086340459488
0.026068402489386244,0.0037252250283046897
0.00024271957101973385,0.007193764476332018
0.02878435047932726,0.004400127581473156
0.1727693245621822,0.0023217388518261845
0.0017957648404944848,0.00419546537585249
0.3986447303823297,0.00522793079717319
0.06537364924781741,0.0013849593489769466
0.1854973429067286,0.0019047855718621585
0.02426828704244599,0.004691955205819124
0.325231004880834,0.007499549490860637
0.026224397067039718,0.0073535898644167
0.20372125660401252,0.0024839086932099195
0.1969586050926182,0.0015133666385367434
0.10608871806300613,0.006282020655587371
0.10543252315051177,0.004784704131469778
0.12918819705726037,0.0008490021700724128
0.03811332713405591,0.002608727764152695
0.1404614732355185,0.002649352513226353
0.12261374072397757,0.0037348669478122214
0.029456102548465424,0.004157965797311813
0.07430886550866944,0.005328405001584731
0.1856917507268463,0.0022939319131844234
0.015387900232553875,0.0022280642349617463
0.20314300988468403,0.004611740529346058
0.04830424538567968,0.0014092468763836838
0.009495379748159394,0.004562336308684187
0.11368246712345353,0.001444210148845337
0.035234733202287316,0.007558002815260127
0.10450508283372528,0.00508451869080873
0.07000536935413493,0.0013005010421273022
0.05731214428374187,0.00401395134853041
0.01722893108444623,0.0039431019805254465
0.19194954578404122,0.0024259287220091885
0.07932920291534629,0.002967712051958068
0.11345848079020016,0.0037048045550766035
0.06206318497538632,0.001047895921943706
0.0069611682522463525,0.002762636937086481
0.092950101570068,0.00300814442591117
0.04074270338946917,0.009034321812052278
0.05354991713363688,0.006786673525865804
0.079165679642756,0.003548219420331828
0.14504357885391528,0.003121798053480301
0.1167229290205114,0.012290646071527609
0.25998251589851407,0.0046543322547221355
0.39153223897324096,0.001603375605534307
0.020690090098128167,0.0036611950830659876
0.05189131437884953,0.002096662517025574
0.042555433262577935,0.003283068288384143
0.12765101683714875,0.004988178586796191
0.33621302853634916,0.0025397879811286848
0.20430353029155413,0.0030655612653355696
0.05946860434892187,0.006072619775764883
0.04984096323676113,0.002478947482800386
0.030641285419960695,0.005616709331178198
0.11076934574691677,0.004308790964942767
0.22049397333887555,0.0035555640053095312
0.13807352538970008,0.004195761240885199
0.04024374255823204,0.0027675866220781636
0.09124088619569193,0.0035504785626609392
0.20550913978740937,0.005579030053876862
0.15516099594788102,0.00114315938129972
0.09215274052155564,0.005678138191316063
0.21221833931724632,0.006692346082935293
0.18127819204744355,0.002439260577603352
0.0017933862429799774,0.004293759778542629
0.1480770757935943,0.0026831032122471947
0.02818114052047349,0.002367391666237819
0.17972316573263925,0.008125793805740831
0.14777088145069683,0.003848161438070606
0.20651249132004068,0.007234457457284306
0.0001312430334792225,0.005773758195988997
0.03798814049980592,0.0041258643143049995
0.009055076306708543,0.006703671719435409
0.001167070709698237,0.006186077237194591
0.052397142654967865,0.002487336034342813
0.009648292872611819,0.00437800181050877
0.06966370647421627,0.0025070750948146536
0.2252350424901124,0.0009025470377356077
0.008665170123435928,0.008954228065460961
0.17140210543482226,0.014066052816542008
0.10358321988746866,0.005842652780760084
0.02390449420852292,0.002690974205061096
0.001688434413495088,0.0004865404010710602
0.07527988232641292,0.007713576679812272
0.03232886301111648,0.003632392207330325
0.03304265366614345,0.004958304734718028
0.40632260565530487,0.0035847752897459877
0.022965351377138177,0.0038985477580672
0.11018027399609309,0.00365702182271597
0.01670704770060638,0.005840680910292427
0.025989051513761297,0.0016266652783834814
0.07559391542019966,0.0038046085968611
0.1032295766963216,0.003982691335410404
0.029336062264974316,0.006334887907311312
0.006642386365911079,0.006459783509548763
0.014740086545430131,0.00041956018450718186
0.06814861687121265,0.0033653797572304215
0.012989952689167694,0.005377486264111127
0.09192292691216153,0.0017840618252121872
0.028739353260789358,0.0038447679069987823
0.02655923559052553,0.004892378740252931
0.0842233530837575,0.0032458916815033467
0.07256510139620787,0.0067332914392934685
0.14024787577272946,0.003833549223002179
0.01736452788520637,0.005303622835300339
0.2536871125324751,0.00532228624814353
0.029253335048906592,0.0016629266552480155
0.13627545774704686,0.002914679285714162
0.04178710037626843,0.006922537967773579
0.19482552065903747,0.0067587624069026814
0.052963505327170424,0.005216884742882236
0.0049144582984581575,0.004473742309022087
0.0031200935310380373,0.005909512640844783
0.0189339696511297,0.005481571877868557
0.06191098420390517,0.00405995369403031
0.018825489449454835,0.0035827315333495048
0.030198289771760756,0.0013307044602283366
0.020810727956813935,0.005200064379188963
0.0054219259220644744,0.0025841607120919738
0.01197784999965279,0.009228170045297423
0.044045549433917586,0.0017922927415209326
0.008384600366184713,0.0014233984414626563
0.27106419550852934,0.003458959230067587
0.02460110397942117,0.005556348770224234
0.06411479228984263,0.004963757039903625
0.11042799134941106,0.005209282411077924
0.2700178176737609,0.002748316352074038
0.4764271885188691,0.007090451533511173
0.1167609832062908,0.004387757508662564
0.1466720144220517,0.003352569824608121
0.19522914884544207,0.007809443090921111
0.015369440421068248,0.006814435422787979
0.13187270035541587,0.003375194022069343
0.014484694881502946,0.004359979383706576
0.16371603656705247,0.0037277811360792406
0.06393371024239514,0.008510145479948081
0.15668809152191443,0.0028215847131618007
0.11732171872642994,0.004897276184838115
0.06952998736664995,0.0017868754050206909
0.08320778920665362,0.0074916497861246415
0.2313075129286517,0.008059400647212027
0.010475286911628245,0.003405239125902087
0.025613782580307998,0.0032313206212770743
0.0418449241202552,0.0056662797296774675
0.051900950700201065,0.003272644058420355
0.048693997524537735,0.004716180195882891
0.06956137017789388,0.002017057571370982
0.024820993765729327,0.011204061404437969
0.1642029219651704,0.003038590462108054
0.19119258876128242,0.006477950042534465
0.04331182695420921,0.0054074294332097685
0.16570168698672205,0.002364309402282938
0.049005052847633124,0.004586546267546486
0.06850199485768371,0.006161425239279064
0.4071928036829604,0.0033810285673352117
0.08023801603906122,0.006457805007650052
0.05130562799206473,0.005418706080873229
0.13754718013876754,0.0019059218097719425
0.003288569835490307,0.010615425310679962
0.0726526967122254,0.0017165115556358186
0.23466463201384613,0.0021925382886777167
0.0008895369360288896,0.0015116722715619567
0.0618090823932107,0.004982515273725328
0.05849546256069971,0.00297056033457056
0.050962773852120336,0.0007506864954779971
0.0674171122146845,0.006122419019106233
0.036474420873446434,0.005927071679151931
0.01255800975513921,0.008386972072446791
0.002350781865402496,0.004867623012894999
0.0006487904735195116,0.0005166906876370496
0.026706475554988174,0.0019530813496499639
0.1388568036458082,0.007166962936784928
